-- MySQL dump 10.14  Distrib 5.5.30-MariaDB, for Linux (x86_64)
--
-- Host: localhost    Database: social
-- ------------------------------------------------------
-- Server version	5.5.30-MariaDB-log

/*!40101 SET @OLD_CHARACTER_SET_CLIENT=@@CHARACTER_SET_CLIENT */;
/*!40101 SET @OLD_CHARACTER_SET_RESULTS=@@CHARACTER_SET_RESULTS */;
/*!40101 SET @OLD_COLLATION_CONNECTION=@@COLLATION_CONNECTION */;
/*!40101 SET NAMES utf8 */;
/*!40103 SET @OLD_TIME_ZONE=@@TIME_ZONE */;
/*!40103 SET TIME_ZONE='+00:00' */;
/*!40014 SET @OLD_UNIQUE_CHECKS=@@UNIQUE_CHECKS, UNIQUE_CHECKS=0 */;
/*!40014 SET @OLD_FOREIGN_KEY_CHECKS=@@FOREIGN_KEY_CHECKS, FOREIGN_KEY_CHECKS=0 */;
/*!40101 SET @OLD_SQL_MODE=@@SQL_MODE, SQL_MODE='NO_AUTO_VALUE_ON_ZERO' */;
/*!40111 SET @OLD_SQL_NOTES=@@SQL_NOTES, SQL_NOTES=0 */;

--
-- Table structure for table `act`
--

DROP TABLE IF EXISTS `act`;
/*!40101 SET @saved_cs_client     = @@character_set_client */;
/*!40101 SET character_set_client = utf8 */;
CREATE TABLE `act` (
  `actor` varchar(50) NOT NULL,
  `movie` varchar(50) NOT NULL,
  PRIMARY KEY (`actor`,`movie`),
  KEY `movie` (`movie`),
  CONSTRAINT `act_ibfk_1` FOREIGN KEY (`actor`) REFERENCES `actor` (`name`) ON DELETE CASCADE ON UPDATE CASCADE,
  CONSTRAINT `act_ibfk_2` FOREIGN KEY (`movie`) REFERENCES `movie` (`name`) ON DELETE CASCADE ON UPDATE CASCADE
) ENGINE=InnoDB DEFAULT CHARSET=utf8;
/*!40101 SET character_set_client = @saved_cs_client */;

--
-- Dumping data for table `act`
--

LOCK TABLES `act` WRITE;
/*!40000 ALTER TABLE `act` DISABLE KEYS */;
INSERT INTO `act` VALUES ('Aaron Eckhart','The Dark Knight'),('Adam Baldwin','Full Metal Jacket'),('Adil Hussain','Life of Pi'),('Adrien Brody','The Pianist'),('Agnes Moorehead','Citizen Kane'),('Ahney Her','Gran Torino'),('Akemi Yamaguchi','Grave of the Fireflies'),('Akira Terao','Ran'),('Al Pacino','Scarface'),('Al Pacino','The Godfather'),('Al Pacino','The Godfather: Part II'),('Alan Rickman','Die Hard'),('Albert Brooks','Finding Nemo'),('Albert Brooks','Taxi Driver'),('Aldo Giuffrè','The Good, the Bad and the Ugly'),('Alec Guinness','Star Wars'),('Alexander Gould','Finding Nemo'),('Alexandre Rodrigues','City of God'),('Alfred Abel','Metropolis'),('Alison Doody','Indiana Jones and the Last Crusade'),('Andy Lau','Infernal Affairs'),('Andy Serkis','The Hobbit: An Unexpected Journey'),('Angus Macfadyen','Braveheart'),('Anil Kapoor','Slumdog Millionaire'),('Anne Hathaway','The Dark Knight Rises'),('Anne Le Ny','The Intouchables'),('Annette Bening','American Beauty'),('Anthony Hopkins','The Silence of the Lambs'),('Anthony Perkins','Psycho'),('Anthony Wong Chau-Sang','Infernal Affairs'),('Antonella Attili','Cinema Paradiso'),('Ariadna Gil','Pan\'s Labyrinth'),('Arnold Schwarzenegger','Terminator 2: Judgment Day'),('Arnold Schwarzenegger','The Terminator'),('Audrey Fleurot','The Intouchables'),('Audrey Tautou','Amélie'),('Ayano Shiraishi','Grave of the Fireflies'),('Barbara Bel Geddes','Vertigo'),('Bee Vang','Gran Torino'),('Ben Burtt','WALL·E'),('Ben Kingsley','Gandhi'),('Ben Kingsley','Schindler\'s List'),('Ben Kingsley','Shutter Island'),('Bengt Ekerot','The Seventh Seal'),('Benicio Del Toro','Snatch'),('Bert Lahr','The Wizard of Oz'),('Beverly D\'Angelo','American History X'),('Billy Crudup','Princess Mononoke'),('Billy Crystal','Monsters, Inc.'),('Billy Dee Williams','Star Wars: Episode V - The Empire Strikes Back'),('Billy Dee Williams','Star Wars: Episode VI - Return of the Jedi'),('Bob Gunton','The Shawshank Redemption'),('Bonnie Bedelia','Die Hard'),('Bonnie Hunt','The Green Mile'),('Brad Garrett','Ratatouille'),('Brad Pitt','Fight Club'),('Brad Pitt','Inglourious Basterds'),('Brad Pitt','Se7en'),('Brad Pitt','Snatch'),('Brad Pitt','Twelve Monkeys'),('Brigitte Helm','Metropolis'),('Bruce Willis','Die Hard'),('Bruce Willis','Pulp Fiction'),('Bruce Willis','Sin City'),('Bruce Willis','The Sixth Sense'),('Bruce Willis','Twelve Monkeys'),('Burt Young','Rocky'),('Candice Bergen','Gandhi'),('Carl Weathers','Rocky'),('Caroline Goodall','Schindler\'s List'),('Carrie Fisher','Star Wars'),('Carrie Fisher','Star Wars: Episode V - The Empire Strikes Back'),('Carrie Fisher','Star Wars: Episode VI - Return of the Jedi'),('Carrie Henn','Aliens'),('Carrie-Anne Moss','Memento'),('Carrie-Anne Moss','The Matrix'),('Catherine Keener','Into the Wild'),('Charles Chaplin','City Lights'),('Charles Chaplin','The Great Dictator'),('Charles Martin Smith','The Untouchables'),('Charlie Sheen','Platoon'),('Chris Evans','The Avengers'),('Chris Penn','Reservoir Dogs'),('Chris Pine','Star Trek'),('Christian Bale','Batman Begins'),('Christian Bale','The Dark Knight'),('Christian Bale','The Dark Knight Rises'),('Christian Bale','The Prestige'),('Christoph Waltz','Django Unchained'),('Christopher Carley','Gran Torino'),('Christopher Lloyd','Back to the Future'),('Christopher Mintz-Plasse','How to Train Your Dragon'),('Christopher Plummer','A Beautiful Mind'),('Christopher Plummer','Up'),('Christopher Walken','The Deer Hunter'),('Ciarán Hinds','There Will Be Blood'),('Clint Eastwood','A Fistful of Dollars'),('Clint Eastwood','For a Few Dollars More'),('Clint Eastwood','Gran Torino'),('Clint Eastwood','Million Dollar Baby'),('Clint Eastwood','The Good, the Bad and the Ugly'),('Clint Eastwood','Unforgiven'),('Clive Owen','Sin City'),('Colin Firth','The King\'s Speech'),('Connie Nielsen','Gladiator'),('Corey Feldman','Stand by Me'),('Craig Ferguson','How to Train Your Dragon'),('Crispin Glover','Back to the Future'),('Cybill Shepherd','Taxi Driver'),('Daisuke Ryû','Ran'),('Daniel Day-Lewis','There Will Be Blood'),('Daniel Radcliffe','Harry Potter and the Deathly Hallows: Part 2'),('Daniel Richter','2001: A Space Odyssey'),('Danny Aiello','Léon: The Professional'),('Danny Lloyd','The Shining'),('Daryl Hannah','Kill Bill: Vol. 1'),('Daveigh Chase','Spirited Away'),('David Carradine','Kill Bill: Vol. 1'),('David James','District 9'),('David Morse','The Green Mile'),('Denholm Elliott','Indiana Jones and the Last Crusade'),('Dennis Farina','Snatch'),('Derek Jacobi','The King\'s Speech'),('Dev Patel','Slumdog Millionaire'),('Diane Keaton','The Godfather'),('Diane Keaton','The Godfather: Part II'),('Diane Kruger','Inglourious Basterds'),('Don Cheadle','Hotel Rwanda'),('Don Rickles','Toy Story'),('Donnie Yen','Ip Man'),('Dorothy Comingore','Citizen Kane'),('Ed Harris','A Beautiful Mind'),('Ed Harris','The Truman Show'),('Édgar Ramírez','The Bourne Ultimatum'),('Edward Asner','Up'),('Edward Burns','Saving Private Ryan'),('Edward Fox','Gandhi'),('Edward Furlong','American History X'),('Edward Furlong','Terminator 2: Judgment Day'),('Edward James Olmos','Blade Runner'),('Edward Norton','American History X'),('Edward Norton','Fight Club'),('Eijirô Tôno','Yojimbo'),('Eli Roth','Inglourious Basterds'),('Eli Wallach','The Good, the Bad and the Ugly'),('Elijah Wood','The Lord of the Rings: The Fellowship of the Ring'),('Elijah Wood','The Lord of the Rings: The Return of the King'),('Elijah Wood','The Lord of the Rings: The Two Towers'),('Elissa Knight','WALL·E'),('Elizabeth McGovern','Once Upon a Time in America'),('Ellen Burstyn','Requiem for a Dream'),('Ellen Burstyn','The Exorcist'),('Ellen DeGeneres','Finding Nemo'),('Ellen Page','Inception'),('Emile Hirsch','Into the Wild'),('Emilia Fox','The Pianist'),('Emily Mortimer','Shutter Island'),('Emma Watson','Harry Potter and the Deathly Hallows: Part 2'),('Emma Watson','The Perks of Being a Wallflower'),('Emmy Rossum','Mystic River'),('Enzo Cannavale','Cinema Paradiso'),('Eric Idle','Monty Python and the Holy Grail'),('Eric Tsang','Infernal Affairs'),('Ewan McGregor','Trainspotting'),('Ewen Bremner','Trainspotting'),('Ezra Miller','The Perks of Being a Wallflower'),('Florence Lee','City Lights'),('François Cluzet','The Intouchables'),('Frank Finlay','The Pianist'),('Frank Morgan','The Wizard of Oz'),('Frank Overton','To Kill a Mockingbird'),('Fred Willard','WALL·E'),('Frederic Forrest','Apocalypse Now'),('Freida Pinto','Slumdog Millionaire'),('Gary Lockwood','2001: A Space Odyssey'),('Gary Oldman','Léon: The Professional'),('Gary Oldman','The Dark Knight Rises'),('Gary Sinise','Forrest Gump'),('Gene Hackman','Unforgiven'),('Geoffrey Rush','Pirates of the Caribbean: The Curse of the Black P'),('Geoffrey Rush','The King\'s Speech'),('George C. Scott','Dr. Strangelove or: How I Learned to Stop Worrying'),('Gerard Butler','How to Train Your Dragon'),('Gerry Robert Byrne','Eternal Sunshine of the Spotless Mind'),('Gian Maria Volonté','A Fistful of Dollars'),('Gian Maria Volonté','For a Few Dollars More'),('Graham Chapman','Life of Brian'),('Graham Chapman','Monty Python and the Holy Grail'),('Gregory Peck','To Kill a Mockingbird'),('Gunnar Björnstrand','The Seventh Seal'),('Gustav Fröhlich','Metropolis'),('Guy Pearce','L.A. Confidential'),('Guy Pearce','Memento'),('Gwyneth Paltrow','Se7en'),('Haley Joel Osment','The Sixth Sense'),('Harrison Ford','Blade Runner'),('Harrison Ford','Indiana Jones and the Last Crusade'),('Harrison Ford','Raiders of the Lost Ark'),('Harrison Ford','Star Wars'),('Harrison Ford','Star Wars: Episode V - The Empire Strikes Back'),('Harrison Ford','Star Wars: Episode VI - Return of the Jedi'),('Harry Myers','City Lights'),('Harvey Keitel','Reservoir Dogs'),('Heath Ledger','The Dark Knight'),('Helena Bonham Carter','Fight Club'),('Helena Bonham Carter','The King\'s Speech'),('Hilary Swank','Million Dollar Baby'),('Hitoshi Takagi','My Neighbor Totoro'),('Holmes Osborne','Donnie Darko'),('Hugh Jackman','The Prestige'),('Hugo Weaving','The Matrix'),('Hugo Weaving','V for Vendetta'),('Ian Holm','Ratatouille'),('Ian McKellen','The Hobbit: An Unexpected Journey'),('Ian McKellen','The Lord of the Rings: The Fellowship of the Ring'),('Ian McKellen','The Lord of the Rings: The Return of the King'),('Ian McKellen','The Lord of the Rings: The Two Towers'),('Irrfan Khan','Life of Pi'),('Isa Danieli','Cinema Paradiso'),('Ivana Baquero','Pan\'s Labyrinth'),('Jack Nicholson','One Flew Over the Cuckoo\'s Nest'),('Jack Nicholson','The Departed'),('Jack Nicholson','The Shining'),('Jack Oakie','The Great Dictator'),('Jake Gyllenhaal','Donnie Darko'),('James Caan','The Godfather'),('James Earl Jones','The Lion King'),('James Stewart','Vertigo'),('James Woods','Once Upon a Time in America'),('Jamie Foxx','Django Unchained'),('Janet Leigh','Psycho'),('Jared Leto','Requiem for a Dream'),('Jason Cope','District 9'),('Jason Statham','Snatch'),('Javier Bardem','No Country for Old Men'),('Jay Baruchel','How to Train Your Dragon'),('Jay Baruchel','Million Dollar Baby'),('Jean Reno','Léon: The Professional'),('Jeff Bridges','The Big Lebowski'),('Jeff Garlin','WALL·E'),('Jeff Goldblum','Jurassic Park'),('Jena Malone','Donnie Darko'),('Jennifer Connelly','A Beautiful Mind'),('Jennifer Connelly','Requiem for a Dream'),('Jennifer Lien','American History X'),('Jennifer Morrison','Warrior'),('Jeremy Irons','The Lion King'),('Jeremy Renner','The Avengers'),('Jerry O\'Connell','Stand by Me'),('Jessica Alba','Sin City'),('Jim Carrey','Eternal Sunshine of the Spotless Mind'),('Jim Carrey','The Truman Show'),('Jim Varney','Toy Story'),('Jinpachi Nezu','Ran'),('Joan Allen','The Bourne Ultimatum'),('Joan Cusack','Toy Story 3'),('Joaquin Phoenix','Gladiator'),('Joaquin Phoenix','Hotel Rwanda'),('Jodie Foster','Taxi Driver'),('Jodie Foster','The Silence of the Lambs'),('Joe Pantoliano','Memento'),('Joe Pesci','Goodfellas'),('Joe Pesci','Once Upon a Time in America'),('Joel Edgerton','Warrior'),('John Cazale','The Deer Hunter'),('John Cleese','Life of Brian'),('John Cleese','Monty Python and the Holy Grail'),('John Gavin','Psycho'),('John Gielgud','Gandhi'),('John Goodman','Monsters, Inc.'),('John Goodman','The Big Lebowski'),('John Hurt','Alien'),('John Megna','To Kill a Mockingbird'),('John Ratzenberger','Up'),('John Rhys-Davies','Raiders of the Lost Ark'),('John Savage','The Deer Hunter'),('John Travolta','Pulp Fiction'),('Johnny Depp','Pirates of the Caribbean: The Curse of the Black P'),('Jonny Lee Miller','Trainspotting'),('Jordan Nagai','Up'),('Joseph Cotten','Citizen Kane'),('Joseph Gordon-Levitt','Inception'),('Joseph Melito','Twelve Monkeys'),('Josh Brolin','No Country for Old Men'),('Judy Garland','The Wizard of Oz'),('Julia Stiles','The Bourne Ultimatum'),('Julianne Moore','The Big Lebowski'),('Ka Tung Lam','Ip Man'),('Karen Allen','Raiders of the Lost Ark'),('Kasi Lemmons','The Silence of the Lambs'),('Kate Winslet','Eternal Sunshine of the Spotless Mind'),('Katharine Ross','Butch Cassidy and the Sundance Kid'),('Keanu Reeves','The Matrix'),('Keenan Wynn','Dr. Strangelove or: How I Learned to Stop Worrying'),('Keiko Tsushima','Seven Samurai'),('Keir Dullea','2001: A Space Odyssey'),('Keira Knightley','Pirates of the Caribbean: The Curse of the Black P'),('Keith David','Platoon'),('Ken Watanabe','Batman Begins'),('Ken Watanabe','Inception'),('Kerry Washington','Django Unchained'),('Kevin Bacon','Mystic River'),('Kevin Costner','The Untouchables'),('Kevin McKidd','Trainspotting'),('Kevin Spacey','American Beauty'),('Kevin Spacey','L.A. Confidential'),('Kevin Spacey','Se7en'),('Kim Basinger','L.A. Confidential'),('Kim Novak','Vertigo'),('Laura Dern','Jurassic Park'),('Laura Linney','The Truman Show'),('Laurence Fishburne','The Matrix'),('Lawrence A. Bonney','The Silence of the Lambs'),('Lea Thompson','Back to the Future'),('Leandro Firmino','City of God'),('Lee J. Cobb','The Exorcist'),('Lee Van Cleef','For a Few Dollars More'),('Lee Van Cleef','The Good, the Bad and the Ugly'),('Leonard Nimoy','Star Trek'),('Leonardo DiCaprio','Django Unchained'),('Leonardo DiCaprio','Inception'),('Leonardo DiCaprio','Shutter Island'),('Leonardo DiCaprio','The Departed'),('Liam Neeson','Batman Begins'),('Liam Neeson','Schindler\'s List'),('Linda Blair','The Exorcist'),('Linda Hamilton','Terminator 2: Judgment Day'),('Linda Hamilton','The Terminator'),('Logan Lerman','The Perks of Being a Wallflower'),('Lorella Cravotta','Amélie'),('Lorraine Bracco','Goodfellas'),('Lorraine Gary','Jaws'),('Lou Romano','Ratatouille'),('Louise Fletcher','One Flew Over the Cuckoo\'s Nest'),('Machiko Kyô','Rashomon'),('Madeleine Stowe','Twelve Monkeys'),('Malcolm McDowell','A Clockwork Orange'),('Marcia Gay Harden','Into the Wild'),('Marianne Koch','A Fistful of Dollars'),('Maribel Verdú','Pan\'s Labyrinth'),('Mario Brega','For a Few Dollars More'),('Mark Boone Junior','Memento'),('Mark Hamill','Star Wars'),('Mark Hamill','Star Wars: Episode V - The Empire Strikes Back'),('Mark Hamill','Star Wars: Episode VI - Return of the Jedi'),('Mark Ruffalo','Shutter Island'),('Mark Wahlberg','The Departed'),('Marlon Brando','Apocalypse Now'),('Marlon Brando','The Godfather'),('Marlon Wayans','Requiem for a Dream'),('Martin Freeman','The Hobbit: An Unexpected Journey'),('Martin Sheen','Apocalypse Now'),('Martin Stringer','There Will Be Blood'),('Mary Elizabeth Mastrantonio','Scarface'),('Mary Gibbs','Monsters, Inc.'),('Mary McDonnell','Donnie Darko'),('Masayuki Mori','Rashomon'),('Matheus Nachtergaele','City of God'),('Mathieu Kassovitz','Amélie'),('Matt Damon','Saving Private Ryan'),('Matt Damon','The Bourne Ultimatum'),('Matt Damon','The Departed'),('Matthew Broderick','The Lion King'),('Matthew Modine','Full Metal Jacket'),('Max von Sydow','The Exorcist'),('Max von Sydow','The Seventh Seal'),('Meat Loaf','Fight Club'),('Mel Gibson','Braveheart'),('Mélanie Laurent','Inglourious Basterds'),('Michael Bates','A Clockwork Orange'),('Michael Berryman','One Flew Over the Cuckoo\'s Nest'),('Michael Biehn','Aliens'),('Michael Biehn','The Terminator'),('Michael Caine','Batman Begins'),('Michael Caine','The Dark Knight'),('Michael Caine','The Prestige'),('Michael Clarke Duncan','The Green Mile'),('Michael Gambon','Harry Potter and the Deathly Hallows: Part 2'),('Michael J. Fox','Back to the Future'),('Michael Madsen','Kill Bill: Vol. 1'),('Michael Madsen','Reservoir Dogs'),('Michael Palin','Life of Brian'),('Michelle Pfeiffer','Scarface'),('Mickey Rourke','Sin City'),('Mila Kunis','Black Swan'),('Miyu Irino','Spirited Away'),('Morgan Freeman','Million Dollar Baby'),('Morgan Freeman','Se7en'),('Morgan Freeman','The Shawshank Redemption'),('Morgan Freeman','Unforgiven'),('Natalie Portman','Black Swan'),('Natalie Portman','Léon: The Professional'),('Natalie Portman','V for Vendetta'),('Nathalie Boltt','District 9'),('Ned Beatty','Toy Story 3'),('Nick Nolte','Warrior'),('Nils Poppe','The Seventh Seal'),('Noah Emmerich','The Truman Show'),('Noriko Hidaka','My Neighbor Totoro'),('Oliver Reed','Gladiator'),('Olivia Williams','The Sixth Sense'),('Omar Sy','The Intouchables'),('Orlando Bloom','Pirates of the Caribbean: The Curse of the Black P'),('Orlando Bloom','The Lord of the Rings: The Fellowship of the Ring'),('Orlando Bloom','The Lord of the Rings: The Return of the King'),('Orlando Bloom','The Lord of the Rings: The Two Towers'),('Orson Welles','Citizen Kane'),('Patrick Magee','A Clockwork Orange'),('Patrick McGoohan','Braveheart'),('Patton Oswalt','Ratatouille'),('Paul Butcher','My Neighbor Totoro'),('Paul Dano','There Will Be Blood'),('Paul Freeman','Raiders of the Lost Ark'),('Paul Newman','Butch Cassidy and the Sundance Kid'),('Paul Reiser','Aliens'),('Paul Rudd','The Perks of Being a Wallflower'),('Paul Winfield','The Terminator'),('Paulette Goddard','The Great Dictator'),('Peter Brocco','One Flew Over the Cuckoo\'s Nest'),('Peter Sellers','Dr. Strangelove or: How I Learned to Stop Worrying'),('Phellipe Haagensen','City of God'),('Philippe Noiret','Cinema Paradiso'),('R. Lee Ermey','Full Metal Jacket'),('Ralph Fiennes','Schindler\'s List'),('Ray Bolger','The Wizard of Oz'),('Ray Liotta','Goodfellas'),('Reginald Gardiner','The Great Dictator'),('Reginald VelJohnson','Die Hard'),('Richard Armitage','The Hobbit: An Unexpected Journey'),('Richard Attenborough','Jurassic Park'),('Richard Dreyfuss','Jaws'),('Richard Harris','Unforgiven'),('River Phoenix','Stand by Me'),('Robert De Niro','Goodfellas'),('Robert De Niro','Once Upon a Time in America'),('Robert De Niro','Taxi Driver'),('Robert De Niro','The Deer Hunter'),('Robert De Niro','The Godfather: Part II'),('Robert De Niro','The Untouchables'),('Robert Downey Jr.','The Avengers'),('Robert Duvall','Apocalypse Now'),('Robert Duvall','The Godfather: Part II'),('Robert Patrick','Terminator 2: Judgment Day'),('Robert Redford','Butch Cassidy and the Sundance Kid'),('Robert Shaw','Jaws'),('Robin Wright','Forrest Gump'),('Rosemary Murphy','To Kill a Mockingbird'),('Roy Scheider','Jaws'),('Rudolf Klein-Rogge','Metropolis'),('Rufus','Amélie'),('Rupert Graves','V for Vendetta'),('Rupert Grint','Harry Potter and the Deathly Hallows: Part 2'),('Russell Crowe','A Beautiful Mind'),('Russell Crowe','Gladiator'),('Russell Crowe','L.A. Confidential'),('Rutger Hauer','Blade Runner'),('Sally Field','Forrest Gump'),('Sam Neill','Jurassic Park'),('Samuel L. Jackson','Pulp Fiction'),('Saurabh Shukla','Slumdog Millionaire'),('Scarlett Johansson','The Avengers'),('Scarlett Johansson','The Prestige'),('Scatman Crothers','The Shining'),('Sean Bean','The Lord of the Rings: The Fellowship of the Ring'),('Sean Connery','Indiana Jones and the Last Crusade'),('Sean Connery','The Untouchables'),('Sean Penn','Mystic River'),('Sean Young','Blade Runner'),('Sergi López','Pan\'s Labyrinth'),('Sharlto Copley','District 9'),('Shelley Duvall','The Shining'),('Sigourney Weaver','Alien'),('Sigourney Weaver','Aliens'),('Simon Pegg','Star Trek'),('Simon Yam','Ip Man'),('Siu-Wong Fan','Ip Man'),('Sophie Marceau','Braveheart'),('Sophie Okonedo','Hotel Rwanda'),('Stephen Rea','V for Vendetta'),('Sterling Hayden','Dr. Strangelove or: How I Learned to Stop Worrying'),('Steve Buscemi','Monsters, Inc.'),('Steve Buscemi','The Big Lebowski'),('Steven Bauer','Scarface'),('Strother Martin','Butch Cassidy and the Sundance Kid'),('Suraj Sharma','Life of Pi'),('Susan Egan','Spirited Away'),('Suzanne Pleshette','Spirited Away'),('Sylvester Stallone','Rocky'),('Tabu','Life of Pi'),('Takashi Shimura','Rashomon'),('Takashi Shimura','Seven Samurai'),('Talia Shire','Rocky'),('Tatsuya Nakadai','Ran'),('Tatsuya Nakadai','Yojimbo'),('Terry Gilliam','Life of Brian'),('Terry Gilliam','Monty Python and the Holy Grail'),('Thomas Kretschmann','The Pianist'),('Thora Birch','American Beauty'),('Tim Allen','Toy Story'),('Tim Allen','Toy Story 3'),('Tim Robbins','Mystic River'),('Tim Robbins','The Shawshank Redemption'),('Tim Roth','Reservoir Dogs'),('Tom Berenger','Platoon'),('Tom Hanks','Forrest Gump'),('Tom Hanks','Saving Private Ryan'),('Tom Hanks','The Green Mile'),('Tom Hanks','Toy Story'),('Tom Hanks','Toy Story 3'),('Tom Hardy','The Dark Knight Rises'),('Tom Hardy','Warrior'),('Tom Helmore','Vertigo'),('Tom Sizemore','Saving Private Ryan'),('Tom Skerritt','Alien'),('Tom Wilkinson','Eternal Sunshine of the Spotless Mind'),('Tommy Lee Jones','No Country for Old Men'),('Toni Collette','The Sixth Sense'),('Tony Leung Chiu Wai','Infernal Affairs'),('Toshirô Mifune','Rashomon'),('Toshirô Mifune','Seven Samurai'),('Toshirô Mifune','Yojimbo'),('Toshiyuki Amagasa','My Neighbor Totoro'),('Tsutomu Tatsumi','Grave of the Fireflies'),('Uma Thurman','Kill Bill: Vol. 1'),('Uma Thurman','Pulp Fiction'),('Vera Miles','Psycho'),('Veronica Cartwright','Alien'),('Viggo Mortensen','The Lord of the Rings: The Return of the King'),('Viggo Mortensen','The Lord of the Rings: The Two Towers'),('Vince Vaughn','Into the Wild'),('Vincent Cassel','Black Swan'),('Vincent D\'Onofrio','Full Metal Jacket'),('Virginia Cherrill','City Lights'),('Warren Clarke','A Clockwork Orange'),('Wes Bentley','American Beauty'),('Whoopi Goldberg','The Lion King'),('Wil Wheaton','Stand by Me'),('Willem Dafoe','Finding Nemo'),('Willem Dafoe','Platoon'),('William Sadler','The Shawshank Redemption'),('William Sylvester','2001: A Space Odyssey'),('Winona Ryder','Black Swan'),('Wolfgang Lukschy','A Fistful of Dollars'),('Woody Harrelson','No Country for Old Men'),('Xolani Mali','Hotel Rwanda'),('Yôji Matsuda','Princess Mononoke'),('Yôko Tsukasa','Yojimbo'),('Yoshiko Shinohara','Grave of the Fireflies'),('Yukiko Shimazaki','Seven Samurai'),('Yûko Tanaka','Princess Mononoke'),('Yuriko Ishida','Princess Mononoke'),('Zachary Quinto','Star Trek');
/*!40000 ALTER TABLE `act` ENABLE KEYS */;
UNLOCK TABLES;

--
-- Table structure for table `actor`
--

DROP TABLE IF EXISTS `actor`;
/*!40101 SET @saved_cs_client     = @@character_set_client */;
/*!40101 SET character_set_client = utf8 */;
CREATE TABLE `actor` (
  `name` varchar(50) NOT NULL,
  PRIMARY KEY (`name`)
) ENGINE=InnoDB DEFAULT CHARSET=utf8;
/*!40101 SET character_set_client = @saved_cs_client */;

--
-- Dumping data for table `actor`
--

LOCK TABLES `actor` WRITE;
/*!40000 ALTER TABLE `actor` DISABLE KEYS */;
INSERT INTO `actor` VALUES ('Aaron Eckhart'),('Adam Baldwin'),('Adil Hussain'),('Adrien Brody'),('Agnes Moorehead'),('Ahney Her'),('Akemi Yamaguchi'),('Akira Terao'),('Al Pacino'),('Alan Rickman'),('Albert Brooks'),('Aldo Giuffrè'),('Alec Guinness'),('Alexander Gould'),('Alexandre Rodrigues'),('Alfred Abel'),('Alison Doody'),('Andy Lau'),('Andy Serkis'),('Angus Macfadyen'),('Anil Kapoor'),('Anne Hathaway'),('Anne Le Ny'),('Annette Bening'),('Anthony Hopkins'),('Anthony Perkins'),('Anthony Wong Chau-Sang'),('Antonella Attili'),('Ariadna Gil'),('Arnold Schwarzenegger'),('Audrey Fleurot'),('Audrey Tautou'),('Ayano Shiraishi'),('Barbara Bel Geddes'),('Bee Vang'),('Ben Burtt'),('Ben Kingsley'),('Bengt Ekerot'),('Benicio Del Toro'),('Bert Lahr'),('Beverly D\'Angelo'),('Billy Crudup'),('Billy Crystal'),('Billy Dee Williams'),('Bob Gunton'),('Bonnie Bedelia'),('Bonnie Hunt'),('Brad Garrett'),('Brad Pitt'),('Brigitte Helm'),('Bruce Willis'),('Burt Young'),('Candice Bergen'),('Carl Weathers'),('Caroline Goodall'),('Carrie Fisher'),('Carrie Henn'),('Carrie-Anne Moss'),('Catherine Keener'),('Charles Chaplin'),('Charles Martin Smith'),('Charlie Sheen'),('Chris Evans'),('Chris Penn'),('Chris Pine'),('Christian Bale'),('Christoph Waltz'),('Christopher Carley'),('Christopher Lloyd'),('Christopher Mintz-Plasse'),('Christopher Plummer'),('Christopher Walken'),('Ciarán Hinds'),('Clint Eastwood'),('Clive Owen'),('Colin Firth'),('Connie Nielsen'),('Corey Feldman'),('Craig Ferguson'),('Crispin Glover'),('Cybill Shepherd'),('Daisuke Ryû'),('Daniel Day-Lewis'),('Daniel Radcliffe'),('Daniel Richter'),('Danny Aiello'),('Danny Lloyd'),('Daryl Hannah'),('Daveigh Chase'),('David Carradine'),('David James'),('David Morse'),('Denholm Elliott'),('Dennis Farina'),('Derek Jacobi'),('Dev Patel'),('Diane Keaton'),('Diane Kruger'),('Don Cheadle'),('Don Rickles'),('Donnie Yen'),('Dorothy Comingore'),('Ed Harris'),('Édgar Ramírez'),('Edward Asner'),('Edward Burns'),('Edward Fox'),('Edward Furlong'),('Edward James Olmos'),('Edward Norton'),('Eijirô Tôno'),('Eli Roth'),('Eli Wallach'),('Elijah Wood'),('Elissa Knight'),('Elizabeth McGovern'),('Ellen Burstyn'),('Ellen DeGeneres'),('Ellen Page'),('Emile Hirsch'),('Emilia Fox'),('Emily Mortimer'),('Emma Watson'),('Emmy Rossum'),('Enzo Cannavale'),('Eric Idle'),('Eric Tsang'),('Ewan McGregor'),('Ewen Bremner'),('Ezra Miller'),('Florence Lee'),('François Cluzet'),('Frank Finlay'),('Frank Morgan'),('Frank Overton'),('Fred Willard'),('Frederic Forrest'),('Freida Pinto'),('Gary Lockwood'),('Gary Oldman'),('Gary Sinise'),('Gene Hackman'),('Geoffrey Rush'),('George C. Scott'),('Gerard Butler'),('Gerry Robert Byrne'),('Gian Maria Volonté'),('Graham Chapman'),('Gregory Peck'),('Gunnar Björnstrand'),('Gustav Fröhlich'),('Guy Pearce'),('Gwyneth Paltrow'),('Haley Joel Osment'),('Harrison Ford'),('Harry Myers'),('Harvey Keitel'),('Heath Ledger'),('Helena Bonham Carter'),('Hilary Swank'),('Hitoshi Takagi'),('Holmes Osborne'),('Hugh Jackman'),('Hugo Weaving'),('Ian Holm'),('Ian McKellen'),('Irrfan Khan'),('Isa Danieli'),('Ivana Baquero'),('Jack Nicholson'),('Jack Oakie'),('Jake Gyllenhaal'),('James Caan'),('James Earl Jones'),('James Stewart'),('James Woods'),('Jamie Foxx'),('Janet Leigh'),('Jared Leto'),('Jason Cope'),('Jason Statham'),('Javier Bardem'),('Jay Baruchel'),('Jean Reno'),('Jeff Bridges'),('Jeff Garlin'),('Jeff Goldblum'),('Jena Malone'),('Jennifer Connelly'),('Jennifer Lien'),('Jennifer Morrison'),('Jeremy Irons'),('Jeremy Renner'),('Jerry O\'Connell'),('Jessica Alba'),('Jim Carrey'),('Jim Varney'),('Jinpachi Nezu'),('Joan Allen'),('Joan Cusack'),('Joaquin Phoenix'),('Jodie Foster'),('Joe Pantoliano'),('Joe Pesci'),('Joel Edgerton'),('John Cazale'),('John Cleese'),('John Gavin'),('John Gielgud'),('John Goodman'),('John Hurt'),('John Megna'),('John Ratzenberger'),('John Rhys-Davies'),('John Savage'),('John Travolta'),('Johnny Depp'),('Jonny Lee Miller'),('Jordan Nagai'),('Joseph Cotten'),('Joseph Gordon-Levitt'),('Joseph Melito'),('Josh Brolin'),('Judy Garland'),('Julia Stiles'),('Julianne Moore'),('Ka Tung Lam'),('Karen Allen'),('Kasi Lemmons'),('Kate Winslet'),('Katharine Ross'),('Keanu Reeves'),('Keenan Wynn'),('Keiko Tsushima'),('Keir Dullea'),('Keira Knightley'),('Keith David'),('Ken Watanabe'),('Kerry Washington'),('Kevin Bacon'),('Kevin Costner'),('Kevin McKidd'),('Kevin Spacey'),('Kim Basinger'),('Kim Novak'),('Laura Dern'),('Laura Linney'),('Laurence Fishburne'),('Lawrence A. Bonney'),('Lea Thompson'),('Leandro Firmino'),('Lee J. Cobb'),('Lee Van Cleef'),('Leonard Nimoy'),('Leonardo DiCaprio'),('Liam Neeson'),('Linda Blair'),('Linda Hamilton'),('Logan Lerman'),('Lorella Cravotta'),('Lorraine Bracco'),('Lorraine Gary'),('Lou Romano'),('Louise Fletcher'),('Machiko Kyô'),('Madeleine Stowe'),('Malcolm McDowell'),('Marcia Gay Harden'),('Marianne Koch'),('Maribel Verdú'),('Mario Brega'),('Mark Boone Junior'),('Mark Hamill'),('Mark Ruffalo'),('Mark Wahlberg'),('Marlon Brando'),('Marlon Wayans'),('Martin Freeman'),('Martin Sheen'),('Martin Stringer'),('Mary Elizabeth Mastrantonio'),('Mary Gibbs'),('Mary McDonnell'),('Masayuki Mori'),('Matheus Nachtergaele'),('Mathieu Kassovitz'),('Matt Damon'),('Matthew Broderick'),('Matthew Modine'),('Max von Sydow'),('Meat Loaf'),('Mel Gibson'),('Mélanie Laurent'),('Michael Bates'),('Michael Berryman'),('Michael Biehn'),('Michael Caine'),('Michael Clarke Duncan'),('Michael Gambon'),('Michael J. Fox'),('Michael Madsen'),('Michael Palin'),('Michelle Pfeiffer'),('Mickey Rourke'),('Mila Kunis'),('Miyu Irino'),('Morgan Freeman'),('Natalie Portman'),('Nathalie Boltt'),('Ned Beatty'),('Nick Nolte'),('Nils Poppe'),('Noah Emmerich'),('Noriko Hidaka'),('Oliver Reed'),('Olivia Williams'),('Omar Sy'),('Orlando Bloom'),('Orson Welles'),('Patrick Magee'),('Patrick McGoohan'),('Patton Oswalt'),('Paul Butcher'),('Paul Dano'),('Paul Freeman'),('Paul Newman'),('Paul Reiser'),('Paul Rudd'),('Paul Winfield'),('Paulette Goddard'),('Peter Brocco'),('Peter Sellers'),('Phellipe Haagensen'),('Philippe Noiret'),('R. Lee Ermey'),('Ralph Fiennes'),('Ray Bolger'),('Ray Liotta'),('Reginald Gardiner'),('Reginald VelJohnson'),('Richard Armitage'),('Richard Attenborough'),('Richard Dreyfuss'),('Richard Harris'),('River Phoenix'),('Robert De Niro'),('Robert Downey Jr.'),('Robert Duvall'),('Robert Patrick'),('Robert Redford'),('Robert Shaw'),('Robin Wright'),('Rosemary Murphy'),('Roy Scheider'),('Rudolf Klein-Rogge'),('Rufus'),('Rupert Graves'),('Rupert Grint'),('Russell Crowe'),('Rutger Hauer'),('Sally Field'),('Sam Neill'),('Samuel L. Jackson'),('Saurabh Shukla'),('Scarlett Johansson'),('Scatman Crothers'),('Sean Bean'),('Sean Connery'),('Sean Penn'),('Sean Young'),('Sergi López'),('Sharlto Copley'),('Shelley Duvall'),('Sigourney Weaver'),('Simon Pegg'),('Simon Yam'),('Siu-Wong Fan'),('Sophie Marceau'),('Sophie Okonedo'),('Stephen Rea'),('Sterling Hayden'),('Steve Buscemi'),('Steven Bauer'),('Strother Martin'),('Suraj Sharma'),('Susan Egan'),('Suzanne Pleshette'),('Sylvester Stallone'),('Tabu'),('Takashi Shimura'),('Talia Shire'),('Tatsuya Nakadai'),('Terry Gilliam'),('Thomas Kretschmann'),('Thora Birch'),('Tim Allen'),('Tim Robbins'),('Tim Roth'),('Tom Berenger'),('Tom Hanks'),('Tom Hardy'),('Tom Helmore'),('Tom Sizemore'),('Tom Skerritt'),('Tom Wilkinson'),('Tommy Lee Jones'),('Toni Collette'),('Tony Leung Chiu Wai'),('Toshirô Mifune'),('Toshiyuki Amagasa'),('Tsutomu Tatsumi'),('Uma Thurman'),('Vera Miles'),('Veronica Cartwright'),('Viggo Mortensen'),('Vince Vaughn'),('Vincent Cassel'),('Vincent D\'Onofrio'),('Virginia Cherrill'),('Warren Clarke'),('Wes Bentley'),('Whoopi Goldberg'),('Wil Wheaton'),('Willem Dafoe'),('William Sadler'),('William Sylvester'),('Winona Ryder'),('Wolfgang Lukschy'),('Woody Harrelson'),('Xolani Mali'),('Yôji Matsuda'),('Yôko Tsukasa'),('Yoshiko Shinohara'),('Yukiko Shimazaki'),('Yûko Tanaka'),('Yuriko Ishida'),('Zachary Quinto');
/*!40000 ALTER TABLE `actor` ENABLE KEYS */;
UNLOCK TABLES;

--
-- Temporary table structure for view `atosCurtidos`
--

DROP TABLE IF EXISTS `atosCurtidos`;
/*!50001 DROP VIEW IF EXISTS `atosCurtidos`*/;
SET @saved_cs_client     = @@character_set_client;
SET character_set_client = utf8;
/*!50001 CREATE TABLE `atosCurtidos` (
  `culturalAct` tinyint NOT NULL
) ENGINE=MyISAM */;
SET character_set_client = @saved_cs_client;

--
-- Table structure for table `band`
--

DROP TABLE IF EXISTS `band`;
/*!40101 SET @saved_cs_client     = @@character_set_client */;
/*!40101 SET character_set_client = utf8 */;
CREATE TABLE `band` (
  `name` varchar(50) NOT NULL,
  `location` varchar(50) DEFAULT NULL,
  PRIMARY KEY (`name`),
  KEY `location` (`location`),
  CONSTRAINT `band_ibfk_1` FOREIGN KEY (`name`) REFERENCES `culturalAct` (`name`) ON DELETE CASCADE ON UPDATE CASCADE,
  CONSTRAINT `band_ibfk_2` FOREIGN KEY (`location`) REFERENCES `country` (`name`) ON DELETE CASCADE ON UPDATE CASCADE
) ENGINE=InnoDB DEFAULT CHARSET=utf8;
/*!40101 SET character_set_client = @saved_cs_client */;

--
-- Dumping data for table `band`
--

LOCK TABLES `band` WRITE;
/*!40000 ALTER TABLE `band` DISABLE KEYS */;
INSERT INTO `band` VALUES ('14 Bis',NULL),('A.J.K.S.',NULL),('A.K.A.C.O.D.',NULL),('Albert Collins',NULL),('Alex M.O.R.P.H.',NULL),('Alex M.O.R.P.H. & Claudia Cazacu',NULL),('Alex M.O.R.P.H. feat. Sylvia Tosun',NULL),('Alexander Popov',NULL),('Annihilator',NULL),('Apanhador Só',NULL),('Art Popular',NULL),('Asa De Águia',NULL),('ASPARAGUS',NULL),('Ataxia',NULL),('Atoms for Peace',NULL),('Babado Novo',NULL),('Bandits of the Acoustic Revolution',NULL),('Barão Vermelho',NULL),('Barney Stinson (NPH)',NULL),('Bart Claessen',NULL),('Bill Bailey',NULL),('Black Alien',NULL),('Blitzkid',NULL),('Bond',NULL),('Bourbon Princess',NULL),('BSOD',NULL),('Camp Rock',NULL),('Carla Bruni',NULL),('Cash Cash',NULL),('Charttraxx Karaoke',NULL),('Che Sudaka',NULL),('Cheiro de Amor',NULL),('Chris Wollard & The Ship Thieves',NULL),('Cinderella',NULL),('Claire Pichet',NULL),('Claudia Leitte',NULL),('Clear View',NULL),('Current Swell',NULL),('Daley',NULL),('Damon Albarn',NULL),('Dannic',NULL),('David August',NULL),('Dead Fish',NULL),('Delta Rae',NULL),('Desert Sessions',NULL),('Detroit Metal City',NULL),('Dilermando Reis',NULL),('DOES',NULL),('Down',NULL),('Duran Duran',NULL),('Dyro',NULL),('Effective Force',NULL),('El Grupo Nuevo de Omar Rodriguez Lopez',NULL),('Electric Light Orchestra',NULL),('Elf',NULL),('Enigma',NULL),('Era',NULL),('Erasmo Carlos',NULL),('Eva & The Heartmaker',NULL),('Fábio Jr.',NULL),('Fagner',NULL),('Forfun',NULL),('Gabriel O Pensador',NULL),('Gaia',NULL),('Gamma Ray',NULL),('Giles, Giles & Fripp',NULL),('Goran Bregović',NULL),('Gorilla Biscuits',NULL),('Gov\'t Mule',NULL),('Grace Potter',NULL),('Graham Coxon',NULL),('Grant Hart',NULL),('Grave Digger',NULL),('GReeeeN',NULL),('Greg Graffin',NULL),('Gregg Allman',NULL),('Gregorian',NULL),('Grupo Molejo',NULL),('Guilherme Arantes',NULL),('Guilt Machine',NULL),('Gwen Stefani',NULL),('H.O.S.H.',NULL),('Halford',NULL),('Hamilton de Holanda',NULL),('Hammerfall',NULL),('Hangar',NULL),('Hank Mobley',NULL),('Hannah Montana',NULL),('Hans Zimmer',NULL),('Hans Zimmer & James Newton Howard',NULL),('Happy Go Licky',NULL),('Hard Rock Sofa',NULL),('Hard Rock Sofa & Swanky Tunes',NULL),('Hardwell',NULL),('Harry Gregson-Williams',NULL),('Hateen',NULL),('Hayley Williams',NULL),('Heatbeat',NULL),('Heaven & Hell',NULL),('heidi.',NULL),('Helloween',NULL),('Hepcat',NULL),('Herbert Vianna',NULL),('Hey Monday',NULL),('HIGH and MIGHTY COLOR',NULL),('HIM',NULL),('Hinder',NULL),('Hiroki Takahashi',NULL),('Hole',NULL),('Howard Shore & Renée Fleming',NULL),('Howard Shore, Sir James Galway, Viggo Mortensen & ',NULL),('Howlin\' Wolf',NULL),('Hurts',NULL),('HUSKING BEE',NULL),('Ian Gillan',NULL),('Ice-T',NULL),('Iggy Pop',NULL),('Ikuo',NULL),('Illuminate',NULL),('Incubus',NULL),('Infected Mushroom Vs Violent Vision',NULL),('Ingrid Olava',NULL),('Inkoma',NULL),('Interpol',NULL),('Ira!',NULL),('Irina',NULL),('Iron Maiden',NULL),('Isabella Taviani',NULL),('Ivete Sangalo',NULL),('Izzy Stradlin',NULL),('J Mascis',NULL),('J Mascis and the Fog',NULL),('J.J. Cale & Eric Clapton',NULL),('J.U.F.',NULL),('Jack',NULL),('Jack Johnson',NULL),('Jack Johnson & Ben Harper',NULL),('Jack White',NULL),('Jaco Pastorius',NULL),('Jacob Do Bandolim',NULL),('Jacob Van Hage',NULL),('Jacques',NULL),('JAM Project',NULL),('James Brown',NULL),('James Gang',NULL),('James Horner',NULL),('James LaBrie',NULL),('James Morrison',NULL),('James Newton Howard',NULL),('Jamie xx',NULL),('Jammil E Uma Noites',NULL),('Janet Jackson',NULL),('Jason Mraz',NULL),('Jason Reeves',NULL),('Jay-Z and Linkin Park',NULL),('Jefferson Airplane',NULL),('Jelonek',NULL),('Jennifer Hudson',NULL),('Jennifer Lopez',NULL),('Jermaine Jackson',NULL),('Jerry Cantrell',NULL),('Jerry Goldsmith',NULL),('Jerry Lee Lewis',NULL),('Jessie J',NULL),('Jim Morrison',NULL),('Jimi Hendrix',NULL),('Jimmy Eat World',NULL),('Joan Jett',NULL),('Joan Jett and the Blackhearts',NULL),('João Carreiro & Capataz',NULL),('Joe Bonamassa',NULL),('Joe Strummer',NULL),('Joe Strummer and the Mescaleros',NULL),('Joe Walsh',NULL),('Joey Ramone',NULL),('Johannes Brahms',NULL),('John 5',NULL),('John Coltrane',NULL),('John Coltrane Quartet',NULL),('John Entwistle',NULL),('John Fogerty',NULL),('John Frusciante',NULL),('John Frusciante and Josh Klinghoffer',NULL),('John Lee Hooker',NULL),('John Lennon',NULL),('John Mayer',NULL),('John Mayer Trio',NULL),('John O\'Callaghan',NULL),('John Petrucci',NULL),('John Williams',NULL),('Jon Bon Jovi',NULL),('Jonas Brothers',NULL),('Jonny Greenwood',NULL),('Jordan Rudess',NULL),('Jordin Sparks',NULL),('Jordy Dazz',NULL),('Jorn Van Deynhoven',NULL),('Jota Quest',NULL),('Joy Division',NULL),('Judas Priest',NULL),('Judge',NULL),('Juli',NULL),('Julian Casablancas',NULL),('Julian Plenti',NULL),('Júpiter Maçã',NULL),('Justice',NULL),('Justin Bieber',NULL),('Justin Sane',NULL),('Justin Timberlake',NULL),('Kamagata Eiichi',NULL),('Kamaya Painters',NULL),('Kamelot',NULL),('Karamelo Santo',NULL),('Kasabian',NULL),('Katatonia',NULL),('Kate Nash',NULL),('Katharine McPhee',NULL),('Katinguelê',NULL),('Ke$ha',NULL),('Keane',NULL),('Keith Richards',NULL),('Kelly Rowland',NULL),('KELUN',NULL),('Kenny Wayne Shepherd Band',NULL),('KhoMha',NULL),('Kill Devil Hill',NULL),('Killswitch Engage',NULL),('Kings of Leon',NULL),('Kix',NULL),('Kōji Wada',NULL),('Korn',NULL),('Kotipelto',NULL),('Kra',NULL),('Kreator',NULL),('Krewella',NULL),('Krishna Shan',NULL),('KRS-One',NULL),('Krvavy',NULL),('Kultur Shock',NULL),('Kylie Minogue',NULL),('Kyuss',NULL),('L\'Âme Immortelle',NULL),('Lacuna Coil',NULL),('Lady Antebellum',NULL),('Lagwagon',NULL),('Lana Del Rey',NULL),('Lars Frederiksen and the Bastards',NULL),('Laura Marling',NULL),('Laura Närhi',NULL),('Le Knight Club',NULL),('Leathermouth',NULL),('Lee Ranaldo',NULL),('Leeway',NULL),('Leftöver Crack',NULL),('Leona Lewis',NULL),('Leonard Cohen',NULL),('Les Fatals Picards',NULL),('Les Rythmes Digitales',NULL),('Lesiëm',NULL),('Less Than Jake',NULL),('Life\'s Little Tragedy',NULL),('Lifehouse',NULL),('Limp Bizkit',NULL),('Linda Perry',NULL),('Lindsay Lohan',NULL),('Lindsey Stirling',NULL),('Lindsey Stirling & Peter Hollens',NULL),('Lindsey Stirling and Shaun Barrowes',NULL),('Linkin Park',NULL),('Liquid Tension Experiment',NULL),('Lisa Hannigan',NULL),('Lisa Kelly',NULL),('Lit',NULL),('Lita Ford',NULL),('Little Joy',NULL),('Little Richard',NULL),('Little Walter',NULL),('Local Natives',NULL),('Long Beach Dub All Stars',NULL),('Loreena McKennitt',NULL),('Los Fabulosos Cadillacs',NULL),('Lou Reed',NULL),('Louis Armstrong',NULL),('Ls Jack',NULL),('Luca Turilli',NULL),('Luca Turilli\'s Rhapsody',NULL),('Lucifer\'s Heritage',NULL),('Luiz Gonzaga',NULL),('Luiza Possi',NULL),('Lula Côrtes & Zé Ramalho',NULL),('Lulu Santos',NULL),('Luxúria',NULL),('Luxuslärm',NULL),('Mad Season',NULL),('Madness',NULL),('Magne F',NULL),('Máiréad Nesbitt',NULL),('Mallu Magalhães',NULL),('Mano Negra',NULL),('Manolo Sanlucar',NULL),('Marcelo Camelo',NULL),('Marcelo D2',NULL),('Marcus Miller',NULL),('Maria Bethânia',NULL),('Maria Gadú',NULL),('Maria Rita',NULL),('Marilyn Manson & The Spooky Kids',NULL),('Marina & the Diamonds',NULL),('Mark Knopfler',NULL),('Mark Otten',NULL),('Mark Sandman',NULL),('Markus Schulz',NULL),('Martial',NULL),('Massacration',NULL),('Masterplan',NULL),('Mat Kearney',NULL),('Matanza',NULL),('Matmatah',NULL),('MC Solaar',NULL),('MD.45',NULL),('Meat Puppets',NULL),('Méav',NULL),('Megadeth',NULL),('Megaherz',NULL),('Megan Nicole & Lindsey Stirling',NULL),('Megh Stock',NULL),('Melissa Etheridge',NULL),('Melleefresh vs. Deadmau5',NULL),('Melody\'s Echo Chamber',NULL),('Metro Station',NULL),('MGMT',NULL),('Michael Jackson',NULL),('Michael Jackson & Paul McCartney',NULL),('Michael Rune',NULL),('Michael Schenker Group',NULL),('Michale Graves',NULL),('Michelle Williams',NULL),('Mick Jagger',NULL),('Mike & The Mechanics',NULL),('Mike Shinoda',NULL),('Mike Watt',NULL),('Miles Davis',NULL),('Miles Davis & Thelonious Monk',NULL),('Miles Davis Quintet',NULL),('Miles Kane',NULL),('Miley Cyrus',NULL),('Milionário & José Rico',NULL),('Milton Nascimento',NULL),('Misfits',NULL),('Miss Kittin',NULL),('Miss Kittin & The Hacker',NULL),('Missin\' Linx',NULL),('Mission of Burma',NULL),('miwa',NULL),('Mladen Solomun',NULL),('Molejo',NULL),('Molly Hatchet',NULL),('Mombojó',NULL),('Mondo Generator',NULL),('Monobloco',NULL),('MONOBRIGHT',NULL),('Monometria',NULL),('Morrissey',NULL),('Morten Harket',NULL),('Moss Icon',NULL),('Mother Love Bone',NULL),('Mötley Crüe',NULL),('Motörhead',NULL),('moumoon',NULL),('Móveis Coloniais de Acaju e Leoni',NULL),('Mr. Pit',NULL),('Muddy Waters',NULL),('Mudhoney',NULL),('Mudvayne',NULL),('Muse',NULL),('Mustard Plug',NULL),('My Chemical Romance',NULL),('My Life Story',NULL),('Nando Reis',NULL),('Natacha Régnier & Yann Tiersen',NULL),('Natalia Kills',NULL),('Natasha Bedingfield',NULL),('Nause',NULL),('Negative',NULL),('Neil Hannon',NULL),('Neil Young',NULL),('Nelly Furtado',NULL),('Nelson Cavaquinho',NULL),('NERVO',NULL),('New Found Glory',NULL),('New Kingdom',NULL),('New Order',NULL),('Ney Matogrosso',NULL),('Ney Matogrosso & Pedro Luís e A Parede',NULL),('Nice Peter',NULL),('Nicki Minaj',NULL),('Nicky Romero',NULL),('Nicole Scherzinger',NULL),('Night Ranger',NULL),('Nightmare',NULL),('Niklas',NULL),('Nine Inch Nails',NULL),('Nirvana',NULL),('Nitrous Oxide',NULL),('No Doubt',NULL),('Noel Gallagher',NULL),('Noel Gallagher\'s High Flying Birds',NULL),('Noel Rosa',NULL),('NOFX',NULL),('Northern Kings',NULL),('Novos Baianos',NULL),('O Rappa',NULL),('O.A.R.',NULL),('Oasis',NULL),('OceanLab',NULL),('Odair José',NULL),('Of Monsters and Men',NULL),('Ohta Michihiko',NULL),('Old Man\'s Child',NULL),('Oliver Smith',NULL),('Omar A. Rodriguez-Lopez',NULL),('One Day as a Lion',NULL),('One Direction',NULL),('One Last Wish',NULL),('OneRepublic',NULL),('Oomph!',NULL),('Orjan Nilsen',NULL),('Órla Fallon',NULL),('Os Morenos',NULL),('Os Paralamas Do Sucesso',NULL),('Otis Redding',NULL),('Otis Rush',NULL),('Overkill',NULL),('Ozma',NULL),('OzzY',NULL),('Ozzy Osbourne',NULL),('P!nk',NULL),('Paco de Lucía y Ramón de Algeciras',NULL),('Page & Plant',NULL),('Pagoda',NULL),('Pain of Salvation',NULL),('Pantera',NULL),('Paris Hilton',NULL),('Parker & Hanson',NULL),('Passengers',NULL),('Passion Pit',NULL),('Pat Monahan',NULL),('Patrick Stump',NULL),('Paul Banks',NULL),('Paul Gilbert',NULL),('Paul McCartney',NULL),('Paul McCartney & Wings',NULL),('Paul Stanley',NULL),('Paul van Dyk feat. Wayne Jackson',NULL),('Paulina Rubio',NULL),('Paulinho Da Viola',NULL),('Paulinho Nogueira',NULL),('Peach',NULL),('Pedra Letícia',NULL),('Pencey Prep',NULL),('Pennywise',NULL),('Pepper',NULL),('Pete Townshend',NULL),('Peter Criss',NULL),('Peter Gabriel',NULL),('Peter Hollens & Lindsey Stirling',NULL),('Peter Tosh',NULL),('Phil Collins',NULL),('Phoenix',NULL),('Phranchyze',NULL),('Pietro Antonio Locatelli',NULL),('Pinhead Gunpowder',NULL),('Pink',NULL),('Pinkly Smooth',NULL),('Pitbull',NULL),('Placebo',NULL),('Plus',NULL),('PMMP',NULL),('Poison',NULL),('Pond',NULL),('Ponto de Equilíbrio',NULL),('Porcupine Tree',NULL),('Porter Robinson',NULL),('Portishead',NULL),('Powerwolf',NULL),('Prague',NULL),('Pride & Glory',NULL),('Progression',NULL),('Projekt Wolnych Wierszy',NULL),('Psychostick',NULL),('Public Enemy',NULL),('Pulp',NULL),('Puscifer',NULL),('Pyotr Ilyich Tchaikovsky',NULL),('Pyramaze',NULL),('Queen + Paul Rodgers',NULL),('Queens of the Stone Age',NULL),('Queensrÿche',NULL),('R.E.M.',NULL),('Racer X',NULL),('Radamés Gnattali',NULL),('Rage Against the Machine',NULL),('Ragnarök the Animation',NULL),('Raimundos',NULL),('Rainbow',NULL),('Rammstein',NULL),('Raphael Haroche',NULL),('Raphael Rabello',NULL),('Rasmus Thude',NULL),('Ratt',NULL),('Ray Charles & The Count Basie Orchestra',NULL),('Rebel Meets Rebel',NULL),('redballoon',NULL),('Renato Russo',NULL),('Republica',NULL),('Revolution Renaissance',NULL),('Revolverheld',NULL),('Rex Mundi',NULL),('Rhapsody',NULL),('Rhapsody of Fire',NULL),('Richie Kotzen',NULL),('Richie Sambora',NULL),('Ride',NULL),('Ringo Deathstarr',NULL),('Ringo Starr',NULL),('Rishloo',NULL),('Rita Lee',NULL),('Rita Lee & Roberto De Carvalho',NULL),('Rita Lee & Tutti Frutti',NULL),('Rita Ora',NULL),('Rivers Cuomo',NULL),('Riz Ortolani',NULL),('Rob Thomas',NULL),('Rob Zombie',NULL),('Robert Fripp',NULL),('Robert Johnson',NULL),('Robin Gibb',NULL),('Rodox',NULL),('Roger Daltrey',NULL),('Roger Hodgson',NULL),('Roger Taylor',NULL),('Roger Waters',NULL),('Ron Wood',NULL),('Ronnie Von',NULL),('Roupa Nova',NULL),('Roxy Music',NULL),('RPM',NULL),('Run-D.M.C.',NULL),('Runaways',NULL),('Running Wild',NULL),('Rush',NULL),('Russell Allen',NULL),('S.H.E',NULL),('S.M.V.',NULL),('Sabaton',NULL),('Sabotage',NULL),('Sambô',NULL),('Samiam',NULL),('Sammy Hagar',NULL),('Samson',NULL),('Sander van Doorn',NULL),('Sander Van Doorn & Adrian Lux',NULL),('Sander van Doorn & Laidback Luke',NULL),('Sander Van Doorn & Sidney Samson & Nadia Ali',NULL),('Sander van Doorn feat. Frederick',NULL),('Sapattivuosi',NULL),('Sara Bareilles',NULL),('Sarah Vaughan',NULL),('Satyricon',NULL),('Savage Circus',NULL),('savage genius',NULL),('Savatage',NULL),('Saxon',NULL),('Scandal',NULL),('Scars on Broadway',NULL),('Scorpions & Berliner Philharmoniker',NULL),('Scott Grooves',NULL),('Scott Stapp',NULL),('Scott Weiland',NULL),('Sebadoh',NULL),('Sebastian Bach',NULL),('Sebastian Ingrosso',NULL),('Secos & Molhados',NULL),('Selena Gomez',NULL),('Selena Gomez & the Scene',NULL),('Serenity',NULL),('Sergei Prokofiev',NULL),('Sergei Rachmaninoff',NULL),('serial TV drama',NULL),('Serj Tankian',NULL),('Sesto Sento',NULL),('Seventh Wonder',NULL),('Shadow Gallery',NULL),('Shaman',NULL),('Sheryl Crow',NULL),('Shinedown',NULL),('Shogun',NULL),('Shpongle',NULL),('Sid Vicious',NULL),('Simply Red',NULL),('Sinéad O\'Connor',NULL),('Siouxsie and the Banshees',NULL),('Sirenia',NULL),('Skank',NULL),('Skid Row',NULL),('Skold',NULL),('Skytech',NULL),('Skywalker Sound',NULL),('Slade',NULL),('Slash',NULL),('Slash\'s Snakepit',NULL),('Slayer',NULL),('Slightly Stoopid',NULL),('Slipknot',NULL),('Slowdive',NULL),('Small World',NULL),('Smile Empty Soul',NULL),('Snakeskin',NULL),('Snoop Dogg vs. David Guetta',NULL),('Snow Patrol',NULL),('Só Pra Contrariar',NULL),('Sodom',NULL),('Soilwork',NULL),('Solomun',NULL),('Solomun & Stimming',NULL),('Solyma',NULL),('Sonar Pocket',NULL),('Sonic Syndicate',NULL),('Sonny Boy Williamson',NULL),('Sopor Aeternus & The Ensemble of Shadows',NULL),('Soul Asylum',NULL),('Soulfly',NULL),('Soundgarden',NULL),('Southern Isolation',NULL),('Space Monkeyz vs. Gorillaz',NULL),('SPYAIR',NULL),('Staind',NULL),('Stanley Clarke',NULL),('Star One',NULL),('Stardust',NULL),('Stat Quo',NULL),('Static-X',NULL),('Stelvio Cipriani',NULL),('Stephen Lynch',NULL),('Steppenwolf',NULL),('Stereopony',NULL),('Steve Angello',NULL),('Steve Aoki',NULL),('Steve Aoki & Afrojack',NULL),('Steve Aoki & Laidback Luke',NULL),('Steve Aoki feat. Rivers Cuomo',NULL),('Steve Aoki feat. [[[Zuper Blahq]]]',NULL),('Steve Jablonsky',NULL),('Steven Wilson',NULL),('Stevie Ray Vaughan',NULL),('Stevie Ray Vaughan and Double Trouble',NULL),('Stimming',NULL),('Sting',NULL),('Stone Sour',NULL),('Stone Temple Pilots',NULL),('Storm Corrosion',NULL),('Stratovarius',NULL),('Street Dogs',NULL),('Streetlight Manifesto',NULL),('Strike Anywhere',NULL),('Stroke 9',NULL),('Strontium 90',NULL),('Sublime with Rome',NULL),('Suburban Legends',NULL),('Sugar',NULL),('Sugar Ray',NULL),('SumaStyli',NULL),('Super8 & Tab',NULL),('Superjoint Ritual',NULL),('Suzi Quatro',NULL),('Svenstrup & Vendelboe',NULL),('Swanky Tunes',NULL),('Swedish House Mafia',NULL),('Syd Barrett',NULL),('Symphony X',NULL),('T. Rex',NULL),('Tab Benoit',NULL),('Tabitha\'s Secret',NULL),('TAI',NULL),('Takayoshi Tanimoto',NULL),('Talamasca',NULL),('Taylor Hawkins & The Coattail Riders',NULL),('Tears for Fears',NULL),('Television',NULL),('Temple of the Dog',NULL),('Tenishia',NULL),('Tequila Baby',NULL),('Teräsbetoni',NULL),('Texas Hippie Coalition',NULL),('Thalía',NULL),('The 101\'ers',NULL),('The 69 Eyes',NULL),('The Academy Is...',NULL),('The Adicts',NULL),('The Aggrolites',NULL),('The Alan Parsons Project',NULL),('The Axis of Awesome',NULL),('The Band',NULL),('The Beautiful Girls',NULL),('The Bodysnatchers',NULL),('the brilliant green',NULL),('The Brobecks',NULL),('The Calling',NULL),('The Cardigans',NULL),('The Cars',NULL),('The Cinematics',NULL),('The Confession',NULL),('The Dead Weather',NULL),('The Derek Trucks Band',NULL),('The Doobie Brothers',NULL),('The Draft',NULL),('The Dwarf Cast',NULL),('The Evens',NULL),('The Expendables',NULL),('The Exploited',NULL),('The Fireman',NULL),('The Forces of Evil',NULL),('The Frames',NULL),('The Fratellis',NULL),('The Glove',NULL),('The Good, the Bad & the Queen',NULL),('The High Numbers',NULL),('The Jackson 5',NULL),('The Jacksons',NULL),('The Jimi Hendrix Experience',NULL),('The Killers',NULL),('The Kills',NULL),('The Kinks',NULL),('The Last Shadow Puppets',NULL),('The Lonely Island',NULL),('The Loved Ones',NULL),('The Lumineers',NULL),('The Mahones',NULL),('The Marshall Tucker Band',NULL),('The Matrix',NULL),('The Mayfield Four',NULL),('The Nation of Ulysses',NULL),('The National',NULL),('The Network',NULL),('The Notting Hillbillies',NULL),('The Offspring',NULL),('The Pretty Reckless',NULL),('The Pussycat Dolls',NULL),('The Raconteurs',NULL),('The Rasmus',NULL),('The Real McKenzies',NULL),('The Rentals',NULL),('The Replacements',NULL),('The Rodeo Carburettor',NULL),('The Script',NULL),('The Selecter',NULL),('The Sins of Thy Beloved',NULL),('The Sisters of Mercy',NULL),('The Slackers',NULL),('The Stone Foxes',NULL),('The Stone Roses',NULL),('The Strokes',NULL),('The Suicide Machines',NULL),('The Swell Season',NULL),('The Taliesin Orchestra',NULL),('The Toasters',NULL),('The Tossers',NULL),('The Unseen',NULL),('The Untouchables',NULL),('The Used',NULL),('The Vaccines',NULL),('The Vaughan Brothers',NULL),('The Verve',NULL),('The Wailers',NULL),('The Wedding Band',NULL),('The Who',NULL),('The Wombats',NULL),('The Young Veins',NULL),('Theatre of Tragedy',NULL),('Them Crooked Vultures',NULL),('Theory of a Deadman',NULL),('Thom Yorke',NULL),('Thomas Bangalter',NULL),('Thomas Newman',NULL),('Three Days Grace',NULL),('Thunderstone',NULL),('Thurston Moore',NULL),('Tião Carreiro & Pardinho',NULL),('Tião Carreiro e Pardinho',NULL),('Tiësto',NULL),('Tiga',NULL),('Tim Armstrong',NULL),('Tim Berg',NULL),('Tim Minchin',NULL),('Timbaland',NULL),('Tin Machine',NULL),('Titãs',NULL),('Titãs & Paralamas',NULL),('Toh Kay',NULL),('Tom Jobim & Dorival Caymmi',NULL),('Tom Jobim & Elis Regina',NULL),('Tom Petty',NULL),('Tom Tom Club',NULL),('Tom Zé',NULL),('Tomate',NULL),('Tomatito',NULL),('Tomiko Van',NULL),('Tommy Trash',NULL),('Tonico E Tinoco',NULL),('Tonino Carotone',NULL),('Toquinho & Vinicius',NULL),('Trail of Tears',NULL),('Train',NULL),('Tranquility Base',NULL),('Transatlantic',NULL),('Transplants',NULL),('Travie McCoy',NULL),('Treat Her Right',NULL),('Trio Parada Dura',NULL),('Tristan Prettyman',NULL),('Tritonal',NULL),('Tryo',NULL),('TV Rock',NULL),('TWE SHELLSHOCKR',NULL),('Twill',NULL),('Twinemen',NULL),('Two Door Cinema Club',NULL),('Týr',NULL),('U2 and Green Day',NULL),('UFO',NULL),('Ultraje a Rigor',NULL),('Underdog',NULL),('UNISON SQUARE GARDEN',NULL),('Unknown Mortal Orchestra',NULL),('Uriah Heep',NULL),('UVERworld',NULL),('Vampire Weekend',NULL),('Van der Graaf Generator',NULL),('Van Zant',NULL),('Vanessa-Mae',NULL),('Vanguart',NULL),('Velhas Virgens',NULL),('Velvet Revolver',NULL),('Venom',NULL),('VersaEmerge',NULL),('Vertical Horizon',NULL),('Vic Ruggiero',NULL),('Vicente Amigo',NULL),('Victor Wooten',NULL),('Ville Valo',NULL),('Vinícius & Toquinho',NULL),('Vinicius de Moraes',NULL),('Vinicius de Moraes & Toquinho',NULL),('Vinicius De Moraes, Antonio Carlos Jobim & Toquinh',NULL),('Vinicius,Toquinho,Marilia Medalha',NULL),('Vintage Trouble',NULL),('Viper',NULL),('Vision Divine',NULL),('Volbeat',NULL),('W&W',NULL),('Walter Trout',NULL),('Warzone',NULL),('We Are the Fallen',NULL),('Westbound Train',NULL),('Wezz Devall',NULL),('White Lies',NULL),('Whitesnake',NULL),('WILD CHILD BOUND',NULL),('will.i.am',NULL),('Winger',NULL),('Wings',NULL),('Within Temptation',NULL),('Wolfgang Gartner',NULL),('Xandria',NULL),('Xavier Rudd',NULL),('Xero',NULL),('Yahel',NULL),('Yamandú Costa',NULL),('Yann Tiersen & Natacha Régnier',NULL),('Yann Tiersen & Shannon Wright',NULL),('Yes',NULL),('Yoko Hikasa',NULL),('YOUR SONG IS GOOD × BEAT CRUSADERS',NULL),('Yves Jamait',NULL),('Zach Gill',NULL),('Zakk Wylde',NULL),('Zebrahead',NULL),('Zeca Pagodinho',NULL),('Zechs Marquise',NULL),('Zedd & Lucky Date',NULL),('Zélia Duncan',NULL),('Ziggy Marley',NULL),('Zumbis do Espaço',NULL),('ZZ Top',NULL),('Ленинград',NULL),('いきものがかり',NULL),('ねごと',NULL),('カラス',NULL),('ギルガメッシュ',NULL),('サイキックラバー',NULL),('サカナクション',NULL),('シェリル・ノーム starring May\'n',NULL),('ステレオポニー',NULL),('フジファブリック',NULL),('ムック',NULL),('中島愛',NULL),('串田アキラ',NULL),('伴都美子',NULL),('和田光司',NULL),('宮崎歩',NULL),('張韶涵',NULL),('影山ヒロノブ',NULL),('栗林みな実',NULL),('楊丞琳',NULL),('水樹奈々',NULL),('王心凌',NULL),('石川智晶',NULL),('福山芳樹',NULL),('茅原実里',NULL),('蔡依林',NULL),('蕭亞軒',NULL),('遠藤正明',NULL),('飛蘭',NULL),('AC/DC','Australia'),('Airbourne','Australia'),('Andy Gibb','Australia'),('Ash Grunwald','Australia'),('Barry Gibb','Australia'),('Cody Simpson','Australia'),('Dirty South','Australia'),('Flume','Australia'),('Tame Impala','Australia'),('The John Butler Trio','Australia'),('Christina Stürmer','Austria'),('Franz Joseph Haydn','Austria'),('Franz Schubert','Austria'),('Wolfgang Amadeus Mozart','Austria'),('Rihanna','Barbados'),('Brandy','Belgium'),('Adoniran Barbosa','Brazil'),('Agridoce','Brazil'),('Alceu Valença','Brazil'),('Almah','Brazil'),('Altamiro Carrilho','Brazil'),('Ana Carolina','Brazil'),('Ana Carolina & Seu Jorge','Brazil'),('Andre Matos','Brazil'),('Angra','Brazil'),('Antônio Carlos Jobim','Brazil'),('Arnaldo Baptista','Brazil'),('Baden Powell','Brazil'),('Banda Eva','Brazil'),('Belchior','Brazil'),('Beth Carvalho','Brazil'),('Biquini Cavadão','Brazil'),('Caetano Veloso','Brazil'),('Caetano Veloso & Chico Buarque','Brazil'),('Camisa de Vênus','Brazil'),('Capital Inicial','Brazil'),('Cartola','Brazil'),('Cássia Eller','Brazil'),('Casuarina','Brazil'),('Cavalera Conspiracy','Brazil'),('Cazuza','Brazil'),('Charlie Brown JR.','Brazil'),('Chico Buarque','Brazil'),('Chico Buarque & Maria Bethânia','Brazil'),('Clara Nunes','Brazil'),('CPM 22','Brazil'),('Cueio Limão','Brazil'),('Daniela Mercury','Brazil'),('Demônios Da Garoa','Brazil'),('Detonautas Roque Clube','Brazil'),('Diogo Nogueira','Brazil'),('Dona Ivone Lara','Brazil'),('Elba Ramalho, Geraldo Azevedo & Zé Ramalho','Brazil'),('Elis Regina','Brazil'),('Engenheiros Do Hawaii','Brazil'),('Frejat','Brazil'),('Fundo de Quintal','Brazil'),('Gal Costa','Brazil'),('Legião Urbana','Brazil'),('Los Hermanos','Brazil'),('Mamonas Assassinas','Brazil'),('Móveis Coloniais de Acaju','Brazil'),('Os Mutantes','Brazil'),('Pitty','Brazil'),('Planet Hemp','Brazil'),('Raul Seixas','Brazil'),('Roberto Carlos','Brazil'),('Sepultura','Brazil'),('Zé Ramalho','Brazil'),('Alain Caron','Canada'),('Alanis Morissette','Canada'),('Alannah Myles','Canada'),('Alex Lifeson','Canada'),('Arcade Fire','Canada'),('Avril Lavigne','Canada'),('Bachman-Turner Overdrive','Canada'),('Barenaked Ladies','Canada'),('Billy Newton-Davis vs. Deadmau5','Canada'),('Billy Talent','Canada'),('Bryan Adams','Canada'),('Carly Rae Jepsen','Canada'),('Chad Kroeger','Canada'),('Chris Murray','Canada'),('Danko Jones','Canada'),('deadmau5','Canada'),('deadmau5 & Chris Lake','Canada'),('deadmau5 & Kaskade','Canada'),('Geddy Lee','Canada'),('Howard Shore','Canada'),('Jon Lajoie','Canada'),('Nickelback','Canada'),('Sum 41','Canada'),('Shakira','Colombia'),('Antonín Dvořák','Czechia'),('Clara Sofie','Denmark'),('Clemens','Denmark'),('Dominus','Denmark'),('Beat Service','Estonia'),('Altaria','Finland'),('Anna Puu','Finland'),('Apocalyptica','Finland'),('Brother Firetribe','Finland'),('Cain\'s Offering','Finland'),('Celesty','Finland'),('Charon','Finland'),('Children of Bodom','Finland'),('Chisu','Finland'),('Daniel Lioneye','Finland'),('Eicca Toppinen','Finland'),('Ensiferum','Finland'),('Finntroll','Finland'),('Jenni Vartiainen','Finland'),('Korpiklaani','Finland'),('Lordi','Finland'),('Nightwish','Finland'),('Sonata Arctica','Finland'),('Tarja','Finland'),('Tarot','Finland'),('Turisas','Finland'),('Adagio','France'),('Adele','France'),('Daft Punk','France'),('David Guetta','France'),('Extreme','France'),('Fairyland','France'),('Flow','France'),('Golden Boy with Miss Kittin','France'),('Manau','France'),('Manu Chao','France'),('Yann Tiersen','France'),('Zaz','France'),('Accept','Germany'),('Adoro','Germany'),('Alphaville','Germany'),('Andi Deris','Germany'),('Avantasia','Germany'),('Ayo','Germany'),('Blind Guardian','Germany'),('Carl Philipp Emanuel Bach','Germany'),('Cream','Germany'),('Curse mit Silbermond','Germany'),('David Garrett','Germany'),('Death Angel','Germany'),('Destruction','Germany'),('Edguy','Germany'),('Eisbrecher','Germany'),('Equilibrium','Germany'),('Fiddler\'s Green','Germany'),('Freedom Call','Germany'),('Georg Philipp Telemann','Germany'),('Johann Sebastian Bach','Germany'),('Ludwig van Beethoven','Germany'),('Paul van Dyk','Germany'),('Scorpions','Germany'),('Silbermond','Germany'),('Zedd','Germany'),('Dimitri Vegas','Greece'),('Edvin Marton','Hungary'),('Franz Liszt','Hungary'),('Bono','Ireland'),('Celtic Woman','Ireland'),('Chloe Agnew','Ireland'),('Clannad','Ireland'),('Damien Rice','Ireland'),('Damien Rice & Lisa Hannigan','Ireland'),('Dolores O\'Riordan','Ireland'),('Enya','Ireland'),('Glen Hansard & Markéta Irglová','Ireland'),('My Bloody Valentine','Ireland'),('The Cranberries','Ireland'),('U2','Ireland'),('Bee Gees','Isle of Man'),('Alien Project','Israel'),('Astrix','Israel'),('Infected Mushroom','Israel'),('Antonio Vivaldi','Italy'),('Brainless','Italy'),('Bruno Nicolai','Italy'),('Ennio Morricone','Italy'),('Giuseppe Ottaviani','Italy'),('Bob Marley & The Wailers','Jamaica'),('Bunny Wailer','Jamaica'),('Damian Marley','Jamaica'),('10-FEET','Japan'),('A.S.A.P.','Japan'),('abingdon boys school','Japan'),('Ai Maeda','Japan'),('Angela','Japan'),('Aqua Timez','Japan'),('Ayumi Miyazaki','Japan'),('Base Ball Bear','Japan'),('BEAT CRUSADERS','Japan'),('Ca$his','Japan'),('Do As Infinity','Japan'),('DuelJewel','Japan'),('Every Little Thing','Japan'),('FictionJunction YUUKA','Japan'),('jealkb','Japan'),('Maximum the Hormone','Japan'),('May\'n','Japan'),('YUI','Japan'),('Anabantha','Mexico'),('Andrew Rayel','Moldova'),('After Forever','Netherlands'),('Allure','Netherlands'),('Ambeon','Netherlands'),('Arjen Anthony Lucassen','Netherlands'),('Armin van Buuren','Netherlands'),('Ayreon','Netherlands'),('Caro Emerald','Netherlands'),('Dash Berlin','Netherlands'),('Epica','Netherlands'),('Ferry Corsten','Netherlands'),('GMS','Netherlands'),('a-ha','Norway'),('Amethystium','Norway'),('Circus Maximus','Norway'),('Dimmu Borgir','Norway'),('Tristania','Norway'),('Behemoth','Poland'),('Frédéric Chopin','Poland'),('Cícero','Romania'),('Arkona','Russia'),('Chuck Berry','Senegal'),('Emir Kusturica & The No Smoking Orchestra','Serbia'),('Dave Matthews','South Africa'),('Dave Matthews & Friends','South Africa'),('Dave Matthews & Tim Reynolds','South Africa'),('Seether','South Africa'),('1200 Micrograms','Spain'),('Camarón de la Isla','Spain'),('DIC Enterprises','Spain'),('Paco de Lucía','Spain'),('Alesso','Sweden'),('Avicii','Sweden'),('Avicii & Sebastien Drums','Sweden'),('Axwell','Sweden'),('Bloodbath','Sweden'),('Bloodbound','Sweden'),('Crashdïet','Sweden'),('Dada Life','Sweden'),('Dark Funeral','Sweden'),('Dark Tranquillity','Sweden'),('Deathstars','Sweden'),('Demons & Wizards','Sweden'),('Draconian','Sweden'),('Europe','Sweden'),('In Flames','Sweden'),('Opeth','Sweden'),('Eluveitie','Switzerland'),('Lacrimosa','Switzerland'),('Above & Beyond','United Kingdom'),('Above & Beyond feat. Richard Bedford','United Kingdom'),('Alestorm','United Kingdom'),('Alex Turner','United Kingdom'),('Alt-J','United Kingdom'),('Amateur Transplants','United Kingdom'),('Amy Winehouse','United Kingdom'),('Andy Moor','United Kingdom'),('Angelfish','United Kingdom'),('Anthony Reynolds','United Kingdom'),('Arctic Monkeys','United Kingdom'),('Ashley Wallbridge','United Kingdom'),('Bad Manners','United Kingdom'),('Barclay James Harvest','United Kingdom'),('Bauhaus','United Kingdom'),('Beady Eye','United Kingdom'),('Ben Howard','United Kingdom'),('Big Audio Dynamite','United Kingdom'),('Black Sabbath','United Kingdom'),('Blaze Bayley','United Kingdom'),('Blur','United Kingdom'),('Bombay Bicycle Club','United Kingdom'),('Brian Eno & David Byrne','United Kingdom'),('Brian May','United Kingdom'),('Bruce Dickinson','United Kingdom'),('Bullet for My Valentine','United Kingdom'),('Calvin Harris','United Kingdom'),('Catch 22','United Kingdom'),('Chapterhouse','United Kingdom'),('Cheryl Cole','United Kingdom'),('Chris Rea','United Kingdom'),('Cinerama','United Kingdom'),('Coldplay','United Kingdom'),('Conor Maynard','United Kingdom'),('Cosmosis','United Kingdom'),('Cradle of Filth','United Kingdom'),('Daughter','United Kingdom'),('David Bowie','United Kingdom'),('David Gilmour','United Kingdom'),('Deep Purple','United Kingdom'),('Def Leppard','United Kingdom'),('Dire Straits','United Kingdom'),('Editors','United Kingdom'),('Ellie Goulding','United Kingdom'),('Elton John','United Kingdom'),('Emerson, Lake & Palmer','United Kingdom'),('Eric Clapton','United Kingdom'),('Escala','United Kingdom'),('Eskimo','United Kingdom'),('Everything Everything','United Kingdom'),('Example','United Kingdom'),('Fergie','United Kingdom'),('Fight','United Kingdom'),('Florence + the Machine','United Kingdom'),('Foals','United Kingdom'),('Franz Ferdinand','United Kingdom'),('Freddie Mercury','United Kingdom'),('Freddie Mercury & Montserrat Caballé','United Kingdom'),('Gareth Emery','United Kingdom'),('Genesis','United Kingdom'),('Georg Friedrich Händel','United Kingdom'),('George Harrison','United Kingdom'),('Gorillaz','United Kingdom'),('King Crimson','United Kingdom'),('Led Zeppelin','United Kingdom'),('Lily Allen','United Kingdom'),('Mumford & Sons','United Kingdom'),('Nazareth','United Kingdom'),('Pink Floyd','United Kingdom'),('Queen','United Kingdom'),('Radiohead','United Kingdom'),('Sex Pistols','United Kingdom'),('Supertramp','United Kingdom'),('The Beatles','United Kingdom'),('The Clash','United Kingdom'),('The Cure','United Kingdom'),('The Kooks','United Kingdom'),('The Police','United Kingdom'),('The Rolling Stones','United Kingdom'),('The Smiths','United Kingdom'),('The Specials','United Kingdom'),('The xx','United Kingdom'),('+44','United States'),('3 Doors Down','United States'),('30 Seconds to Mars','United States'),('3OH!3','United States'),('4 Non Blondes','United States'),('50 Cent','United States'),('7Seconds','United States'),('A Perfect Circle','United States'),('A Tribe Called Quest','United States'),('Ace Frehley','United States'),('Adele and The Raconteurs','United States'),('Adolescents','United States'),('Aerosmith','United States'),('Alabama Shakes','United States'),('Alan Silvestri','United States'),('Albert Hammond, Jr.','United States'),('Albert King','United States'),('Albert King with Stevie Ray Vaughan','United States'),('Alice in Chains','United States'),('All That Remains','United States'),('All Time Low','United States'),('Allen Stone','United States'),('Alter Bridge','United States'),('Amy Lee','United States'),('Anastacia','United States'),('Andrew Bayer','United States'),('Angels & Airwaves','United States'),('Anthrax','United States'),('Anti-Flag','United States'),('Aretha Franklin','United States'),('Ashley Tisdale','United States'),('At the Drive-In','United States'),('Atreyu','United States'),('Audioslave','United States'),('Audiovent','United States'),('Avenged Sevenfold','United States'),('Azealia Banks','United States'),('B.B. King','United States'),('B.B. King & Eric Clapton','United States'),('B.o.B','United States'),('Bad Brains','United States'),('Bad Meets Evil','United States'),('Bad Religion','United States'),('Beastie Boys','United States'),('Beck','United States'),('Ben Harper','United States'),('Bernard Herrmann','United States'),('Beth Hart','United States'),('Beth Hart & Joe Bonamassa','United States'),('Better Than Ezra','United States'),('Beyoncé','United States'),('Big Brother & The Holding Company','United States'),('Big D and the Kids Table','United States'),('Billie Holiday','United States'),('Black Country Communion','United States'),('Black Eyed Peas','United States'),('Black Flag','United States'),('Black Joe Lewis & The Honeybears','United States'),('Black Label Society','United States'),('Blackfoot','United States'),('Blakroc','United States'),('blink-182','United States'),('Blues Traveler','United States'),('Bob Dylan','United States'),('Bob Dylan and The Band','United States'),('Bob Marley','United States'),('Bob Mould','United States'),('Bob Seger','United States'),('Bob Seger & The Silver Bullet Band','United States'),('Bon Iver','United States'),('Bon Jovi','United States'),('Boogie Down Productions','United States'),('Bowling for Soup','United States'),('Box Car Racer','United States'),('Brandi Carlile','United States'),('Brandon Boyd','United States'),('Brandon Flowers','United States'),('Breakdown','United States'),('Breathe Carolina','United States'),('Brendon Urie','United States'),('Britney Spears','United States'),('Bruce Springsteen','United States'),('Bruno Mars','United States'),('BS 2000','United States'),('Buddy Guy','United States'),('Buddy Guy & Junior Wells','United States'),('Bulletboys','United States'),('Cage the Elephant','United States'),('Calabrese','United States'),('Canned Heat','United States'),('Carl Perkins','United States'),('Carrie Underwood','United States'),('Caught a Ghost','United States'),('Cher','United States'),('Chet Atkins & Mark Knopfler','United States'),('Chicago','United States'),('Choking Victim','United States'),('Chris Cornell','United States'),('Christina Aguilera','United States'),('Chuck Ragan','United States'),('Ciara','United States'),('Ciccone Youth','United States'),('Circle Jerks','United States'),('Cobra Starship','United States'),('Colbie Caillat','United States'),('Common Rider','United States'),('Corey Taylor','United States'),('Creed','United States'),('Creedence Clearwater Revival','United States'),('Crimson Glory','United States'),('Cro-mags','United States'),('Crossfade','United States'),('Cyndi Lauper','United States'),('D12','United States'),('Dakota Fanning & Kristen Stewart','United States'),('Damageplan','United States'),('Damn Yankees','United States'),('Dan Auerbach','United States'),('Danger Danger','United States'),('Daughtry','United States'),('Dave Matthews Band','United States'),('David Byrne','United States'),('David Byrne & St. Vincent','United States'),('David Lee Roth','United States'),('David Ryan Harris','United States'),('De Facto','United States'),('Dead By Sunrise','United States'),('Dead Kennedys','United States'),('Deal\'s Gone Bad','United States'),('Dee Dee Ramone','United States'),('Deerhunter','United States'),('Deftones','United States'),('Demi Lovato','United States'),('Demi Lovato & Joe Jonas','United States'),('Derek and the Dominos','United States'),('Descendents','United States'),('Destiny\'s Child','United States'),('Device','United States'),('Diane Birch','United States'),('DIIV','United States'),('Dimebag Darrell','United States'),('Dinosaur Jr.','United States'),('Dio','United States'),('Django Django','United States'),('Dokken','United States'),('Don Henley','United States'),('Donavon Frankenreiter','United States'),('Dream Theater','United States'),('Drive Like Jehu','United States'),('Dropkick Murphys','United States'),('Duane Allman','United States'),('Eagles','United States'),('Eagles of Death Metal','United States'),('Eddie Cochran','United States'),('Eddie Vedder','United States'),('Ella Fitzgerald','United States'),('Ella Fitzgerald & Duke Ellington','United States'),('Ella Fitzgerald & Louis Armstrong','United States'),('Elmore James','United States'),('Emigrate','United States'),('Emily Osment','United States'),('Eminem','United States'),('Eppic feat. Lindsey Stirling','United States'),('Eric B. & Rakim','United States'),('Eric Hutchinson','United States'),('Eric Martin','United States'),('Escape the Fate','United States'),('Evanescence','United States'),('Eve 6','United States'),('Everclear','United States'),('Exodus','United States'),('Fall Out Boy','United States'),('Fates Warning','United States'),('Felix Da Housecat','United States'),('fIREHOSE','United States'),('Five Finger Death Punch','United States'),('Five for Fighting','United States'),('Flatfoot 56','United States'),('Fleet Foxes','United States'),('Flo Rida','United States'),('Flogging Molly','United States'),('Foo Fighters','United States'),('Fort Minor','United States'),('Foster the People','United States'),('Fountains Of Wayne','United States'),('Foxboro Hot Tubs','United States'),('Frank Sinatra & Antonio Carlos Jobim','United States'),('Freddie King','United States'),('Free Kitten','United States'),('Fugazi','United States'),('Garbage','United States'),('Garfunkel and Oates','United States'),('Gary Clark Jr.','United States'),('Gavin DeGraw','United States'),('Gene','United States'),('Gene Simmons','United States'),('Geoff Tate','United States'),('Glenn Frey','United States'),('Gogol Bordello','United States'),('Goo Goo Dolls','United States'),('Good Charlotte','United States'),('Green Day','United States'),('Guns N\' Roses','United States'),('Gym Class Heroes','United States'),('Hellyeah','United States'),('Hot Water Music','United States'),('Hüsker Dü','United States'),('Iced Earth','United States'),('Janis Joplin','United States'),('Katy Perry','United States'),('Kelly Clarkson','United States'),('Kiss','United States'),('Lady Gaga','United States'),('Lissie','United States'),('Lynyrd Skynyrd','United States'),('Madonna','United States'),('Manowar','United States'),('Marilyn Manson','United States'),('Maroon 5','United States'),('Matchbox Twenty','United States'),('Metallica','United States'),('Michael Giacchino','United States'),('Minor Threat','United States'),('Minutemen','United States'),('Morphine','United States'),('Mr. Big','United States'),('Operation Ivy','United States'),('Panic! At the Disco','United States'),('Paramore','United States'),('Pearl Jam','United States'),('Ramones','United States'),('Rancid','United States'),('Ray Charles','United States'),('Red Hot Chili Peppers','United States'),('Reel Big Fish','United States'),('Rise Against','United States'),('Rites of Spring','United States'),('Smash Mouth','United States'),('Sonic Youth','United States'),('Steve Miller Band','United States'),('Sublime','United States'),('System of a Down','United States'),('Talking Heads','United States'),('Taylor Swift','United States'),('Tenacious D','United States'),('Testament','United States'),('The Allman Brothers Band','United States'),('The Black Keys','United States'),('The Doors','United States'),('The Mars Volta','United States'),('The Mighty Mighty Bosstones','United States'),('The Runaways','United States'),('The White Stripes','United States'),('Third Eye Blind','United States'),('Tool','United States'),('Van Halen','United States'),('Weezer','United States'),('ZZ Ward','United States');
/*!40000 ALTER TABLE `band` ENABLE KEYS */;
UNLOCK TABLES;

--
-- Table structure for table `category`
--

DROP TABLE IF EXISTS `category`;
/*!40101 SET @saved_cs_client     = @@character_set_client */;
/*!40101 SET character_set_client = utf8 */;
CREATE TABLE `category` (
  `name` varchar(50) NOT NULL,
  PRIMARY KEY (`name`)
) ENGINE=InnoDB DEFAULT CHARSET=utf8;
/*!40101 SET character_set_client = @saved_cs_client */;

--
-- Dumping data for table `category`
--

LOCK TABLES `category` WRITE;
/*!40000 ALTER TABLE `category` DISABLE KEYS */;
INSERT INTO `category` VALUES ('60s'),('70s'),('80s'),('90s'),('::later::'),('acoustic'),('acoustic rock'),('Action'),('Adventure'),('alternative'),('alternative metal'),('alternative rock'),('ambient'),('american'),('Animation'),('anime'),('australian'),('axe'),('baroque'),('bass'),('battle metal'),('batucada'),('bebop'),('best shit ever existing in the whole world makes m'),('better than beatles'),('Biography'),('black metal'),('bluegrass'),('blues'),('blues rock'),('bob marley'),('bossa nova'),('brasil'),('brave heart'),('brazil'),('brazilian'),('brazilian rock'),('british'),('britney spears'),('britpop'),('c-pop'),('caipira'),('canadian'),('carnaval'),('celtic'),('celtic folk metal'),('celtic metal'),('chamber pop'),('chanson'),('chicago blues'),('chill'),('chillout'),('chinese'),('choro'),('chuj z osbornem'),('classic'),('classic blues'),('classic rock'),('classical'),('club'),('Comedy'),('composer'),('composers'),('country'),('countrycore'),('cpop'),('Crime'),('crossover'),('crunk'),('crust'),('dance'),('danish'),('darkwave'),('david garrett'),('death metal'),('deep house'),('delta blues'),('deutsch'),('deutschrock'),('dirty reggae'),('disco'),('disney'),('diynamic'),('Drama'),('dream pop'),('dubstep'),('electric strings'),('electro'),('electro house'),('electroclash'),('electronic'),('electronica'),('electropop'),('elvis metal'),('eminem'),('emo'),('emocore'),('epic metal'),('ethereal'),('experimental'),('Family'),('Fantasy'),('female fronted metal'),('female vocalist'),('female vocalists'),('finnish'),('finnish metal'),('flamenco'),('folk'),('folk metal'),('folk punk'),('folk rock'),('french'),('french jazz'),('funk'),('funk rock'),('fusion'),('german'),('glam rock'),('goa'),('god'),('gothic'),('gothic metal'),('gothic rock'),('grindcore'),('groove metal'),('grunge'),('guilty pleasure'),('guitar'),('guitar virtuoso'),('guitarist'),('gypsy'),('gypsy punk'),('hair metal'),('hard rock'),('hard trance'),('hardcore'),('hardcore punk'),('heavy metal'),('heavy prog'),('hip hop'),('hip-hop'),('History'),('Horror'),('horror punk'),('house'),('humour'),('i want him to have my babies'),('incubus'),('indie'),('indie folk'),('indie pop'),('indie rock'),('industrial'),('industrial metal'),('instrumental'),('irish'),('irish punk'),('it is so fucking best it makes me wanna put cooked'),('italian'),('j-metal'),('j-pop'),('j-rock'),('jam'),('japanese'),('japones'),('jazz'),('jazz fusion'),('jazz vocal'),('jovem guarda'),('jpop'),('jrock'),('justin bieber'),('kelly clarkson'),('latin'),('legend'),('lord of the rings'),('lost'),('love metal'),('melodic black metal'),('melodic death metal'),('melodic hardcore'),('melodic metal'),('melodic trance'),('metaaaaaaaaaaaaaaaaaaaaaaaaaaaaal'),('metal'),('metal opera'),('metalcore'),('minimal'),('minimal techno'),('moda de viola'),('mpb'),('Musical'),('Mystery'),('new age'),('new wave'),('norwegian'),('nu metal'),('nu-metal'),('nwobhm'),('nyhc'),('old school'),('oldies'),('ozzy osbourne'),('pagan metal'),('pagode'),('piano'),('piano comedy'),('polish'),('political'),('political punk'),('pop'),('pop punk'),('pop rock'),('post-hardcore'),('post-punk'),('power metal'),('progressive'),('progressive death metal'),('progressive house'),('progressive metal'),('progressive rock'),('progressive trance'),('psych-hard rock'),('psych-prog rock'),('psychedelic'),('psychedelic rock'),('psychedelic trance'),('psycho rap'),('psytrance'),('punk'),('punk rock'),('pure bowel-loosening goregrind'),('rap'),('reggae'),('rhythm and blues'),('rio de janeiro'),('rnb'),('rock'),('rock and roll'),('rock brasileiro'),('rock n roll'),('rockabilly'),('rocksteady'),('Romance'),('romantic'),('roots'),('roots reggae'),('russian'),('samba'),('scandinavian'),('Sci-Fi'),('score'),('selena gomez'),('sertanejo'),('shoegaze'),('singer-songwriter'),('ska'),('ska punk'),('ska-punk'),('skacore'),('skinhead reggae'),('soft rock'),('soul'),('soundtrack'),('soundtracks'),('southern metal'),('southern rock'),('spanish'),('speed metal'),('Sport'),('steve aoki'),('stoner rock'),('straight edge'),('sweden'),('swedish'),('swedish metal'),('swing'),('symphonic black metal'),('symphonic metal'),('symphonic power metal'),('synth indie rock'),('synth pop'),('taiwan'),('tech house'),('tech trance'),('tech-trance'),('techno'),('thrash'),('thrash metal'),('Thriller'),('tokusatsu'),('trad ska'),('traditional ska'),('trance'),('tropicalia'),('true metal'),('trumpet'),('two-tone'),('uplifting trance'),('viking metal'),('violin'),('visual kei'),('vocal trance'),('War'),('Western'),('world');
/*!40000 ALTER TABLE `category` ENABLE KEYS */;
UNLOCK TABLES;

--
-- Table structure for table `city`
--

DROP TABLE IF EXISTS `city`;
/*!40101 SET @saved_cs_client     = @@character_set_client */;
/*!40101 SET character_set_client = utf8 */;
CREATE TABLE `city` (
  `name` varchar(50) NOT NULL,
  `country` varchar(10) NOT NULL,
  PRIMARY KEY (`name`),
  KEY `country` (`country`),
  CONSTRAINT `city_ibfk_1` FOREIGN KEY (`country`) REFERENCES `country` (`name`) ON DELETE CASCADE ON UPDATE CASCADE
) ENGINE=InnoDB DEFAULT CHARSET=utf8;
/*!40101 SET character_set_client = @saved_cs_client */;

--
-- Dumping data for table `city`
--

LOCK TABLES `city` WRITE;
/*!40000 ALTER TABLE `city` DISABLE KEYS */;
INSERT INTO `city` VALUES ('Andradina','Brazil'),('Araraquara','Brazil'),('Belém','Brazil'),('Campinas','Brazil'),('Fortaleza','Brazil'),('Mariana','Brazil'),('Mogi das Cruzes','Brazil'),('Natal','Brazil'),('Niterói','Brazil'),('Passos','Brazil'),('Pirangi','Brazil'),('Ribeirão Preto','Brazil'),('Rio de Janeiro','Brazil'),('Rondonópolis','Brazil'),('São José do Rio Pardo','Brazil'),('São José dos Campos','Brazil'),('São Paulo','Brazil'),('Tangará da Serra','Brazil'),('Vinhedo','Brazil');
/*!40000 ALTER TABLE `city` ENABLE KEYS */;
UNLOCK TABLES;

--
-- Table structure for table `country`
--

DROP TABLE IF EXISTS `country`;
/*!40101 SET @saved_cs_client     = @@character_set_client */;
/*!40101 SET character_set_client = utf8 */;
CREATE TABLE `country` (
  `name` varchar(50) NOT NULL,
  PRIMARY KEY (`name`)
) ENGINE=InnoDB DEFAULT CHARSET=utf8;
/*!40101 SET character_set_client = @saved_cs_client */;

--
-- Dumping data for table `country`
--

LOCK TABLES `country` WRITE;
/*!40000 ALTER TABLE `country` DISABLE KEYS */;
INSERT INTO `country` VALUES ('Australia'),('Austria'),('Barbados'),('Belgium'),('Brazil'),('Canada'),('Colombia'),('Czechia'),('Denmark'),('El Salvador'),('Estonia'),('Finland'),('France'),('Germany'),('Greece'),('Hungary'),('Ireland'),('Isle of Man'),('Israel'),('Italy'),('Jamaica'),('Japan'),('Mexico'),('Moldova'),('Mongolia'),('Netherlands'),('Norway'),('Philippines'),('Poland'),('Romania'),('Russia'),('Senegal'),('Serbia'),('South Africa'),('Spain'),('Sweden'),('Switzerland'),('United Kingdom'),('United States');
/*!40000 ALTER TABLE `country` ENABLE KEYS */;
UNLOCK TABLES;

--
-- Table structure for table `culturalAct`
--

DROP TABLE IF EXISTS `culturalAct`;
/*!40101 SET @saved_cs_client     = @@character_set_client */;
/*!40101 SET character_set_client = utf8 */;
CREATE TABLE `culturalAct` (
  `name` varchar(50) NOT NULL,
  PRIMARY KEY (`name`)
) ENGINE=InnoDB DEFAULT CHARSET=utf8;
/*!40101 SET character_set_client = @saved_cs_client */;

--
-- Dumping data for table `culturalAct`
--

LOCK TABLES `culturalAct` WRITE;
/*!40000 ALTER TABLE `culturalAct` DISABLE KEYS */;
INSERT INTO `culturalAct` VALUES ('+44'),('10-FEET'),('1200 Micrograms'),('14 Bis'),('2001: A Space Odyssey'),('3 Doors Down'),('30 Seconds to Mars'),('3OH!3'),('4 Non Blondes'),('50 Cent'),('7Seconds'),('A Beautiful Mind'),('A Clockwork Orange'),('A Fistful of Dollars'),('A Perfect Circle'),('A Tribe Called Quest'),('a-ha'),('A.J.K.S.'),('A.K.A.C.O.D.'),('A.S.A.P.'),('abingdon boys school'),('Above & Beyond'),('Above & Beyond feat. Richard Bedford'),('AC/DC'),('Accept'),('Ace Frehley'),('Adagio'),('Adele'),('Adele and The Raconteurs'),('Adolescents'),('Adoniran Barbosa'),('Adoro'),('Aerosmith'),('After Forever'),('Agridoce'),('Ai Maeda'),('Airbourne'),('Alabama Shakes'),('Alain Caron'),('Alan Silvestri'),('Alanis Morissette'),('Alannah Myles'),('Albert Collins'),('Albert Hammond, Jr.'),('Albert King'),('Albert King with Stevie Ray Vaughan'),('Alceu Valença'),('Alesso'),('Alestorm'),('Alex Lifeson'),('Alex M.O.R.P.H.'),('Alex M.O.R.P.H. & Claudia Cazacu'),('Alex M.O.R.P.H. feat. Sylvia Tosun'),('Alex Turner'),('Alexander Popov'),('Alice in Chains'),('Alien'),('Alien Project'),('Aliens'),('All That Remains'),('All Time Low'),('Allen Stone'),('Allure'),('Almah'),('Alphaville'),('Alt-J'),('Altamiro Carrilho'),('Altaria'),('Alter Bridge'),('Amateur Transplants'),('Ambeon'),('Amélie'),('American Beauty'),('American History X'),('Amethystium'),('Amy Lee'),('Amy Winehouse'),('Ana Carolina'),('Ana Carolina & Seu Jorge'),('Anabantha'),('Anastacia'),('Andi Deris'),('Andre Matos'),('Andrew Bayer'),('Andrew Rayel'),('Andy Gibb'),('Andy Moor'),('Angela'),('Angelfish'),('Angels & Airwaves'),('Angra'),('Anna Puu'),('Annihilator'),('Anthony Reynolds'),('Anthrax'),('Anti-Flag'),('Antonín Dvořák'),('Antônio Carlos Jobim'),('Antonio Vivaldi'),('Apanhador Só'),('Apocalypse Now'),('Apocalyptica'),('Aqua Timez'),('Arcade Fire'),('Arctic Monkeys'),('Aretha Franklin'),('Arjen Anthony Lucassen'),('Arkona'),('Armin van Buuren'),('Arnaldo Baptista'),('Art Popular'),('Asa De Águia'),('Ash Grunwald'),('Ashley Tisdale'),('Ashley Wallbridge'),('ASPARAGUS'),('Astrix'),('At the Drive-In'),('Ataxia'),('Atoms for Peace'),('Atreyu'),('Audioslave'),('Audiovent'),('Avantasia'),('Avenged Sevenfold'),('Avicii'),('Avicii & Sebastien Drums'),('Avril Lavigne'),('Axwell'),('Ayo'),('Ayreon'),('Ayumi Miyazaki'),('Azealia Banks'),('B.B. King'),('B.B. King & Eric Clapton'),('B.o.B'),('Babado Novo'),('Bachman-Turner Overdrive'),('Back to the Future'),('Bad Brains'),('Bad Manners'),('Bad Meets Evil'),('Bad Religion'),('Baden Powell'),('Banda Eva'),('Bandits of the Acoustic Revolution'),('Barão Vermelho'),('Barclay James Harvest'),('Barenaked Ladies'),('Barney Stinson (NPH)'),('Barry Gibb'),('Bart Claessen'),('Base Ball Bear'),('Batman Begins'),('Bauhaus'),('Beady Eye'),('Beastie Boys'),('BEAT CRUSADERS'),('Beat Service'),('Beck'),('Bee Gees'),('Behemoth'),('Belchior'),('Ben Harper'),('Ben Howard'),('Bernard Herrmann'),('Beth Carvalho'),('Beth Hart'),('Beth Hart & Joe Bonamassa'),('Better Than Ezra'),('Beyoncé'),('Big Audio Dynamite'),('Big Brother & The Holding Company'),('Big D and the Kids Table'),('Bill Bailey'),('Billie Holiday'),('Billy Newton-Davis vs. Deadmau5'),('Billy Talent'),('Biquini Cavadão'),('Black Alien'),('Black Country Communion'),('Black Eyed Peas'),('Black Flag'),('Black Joe Lewis & The Honeybears'),('Black Label Society'),('Black Sabbath'),('Black Swan'),('Blackfoot'),('Blade Runner'),('Blakroc'),('Blaze Bayley'),('Blind Guardian'),('blink-182'),('Blitzkid'),('Bloodbath'),('Bloodbound'),('Blues Traveler'),('Blur'),('Bob Dylan'),('Bob Dylan and The Band'),('Bob Marley'),('Bob Marley & The Wailers'),('Bob Mould'),('Bob Seger'),('Bob Seger & The Silver Bullet Band'),('Bombay Bicycle Club'),('Bon Iver'),('Bon Jovi'),('Bond'),('Bono'),('Boogie Down Productions'),('Bourbon Princess'),('Bowling for Soup'),('Box Car Racer'),('Brainless'),('Brandi Carlile'),('Brandon Boyd'),('Brandon Flowers'),('Brandy'),('Braveheart'),('Breakdown'),('Breathe Carolina'),('Brendon Urie'),('Brian Eno & David Byrne'),('Brian May'),('Britney Spears'),('Brother Firetribe'),('Bruce Dickinson'),('Bruce Springsteen'),('Bruno Mars'),('Bruno Nicolai'),('Bryan Adams'),('BS 2000'),('BSOD'),('Buddy Guy'),('Buddy Guy & Junior Wells'),('Bullet for My Valentine'),('Bulletboys'),('Bunny Wailer'),('Butch Cassidy and the Sundance Kid'),('Ca$his'),('Caetano Veloso'),('Caetano Veloso & Chico Buarque'),('Cage the Elephant'),('Cain\'s Offering'),('Calabrese'),('Calvin Harris'),('Camarón de la Isla'),('Camisa de Vênus'),('Camp Rock'),('Canned Heat'),('Capital Inicial'),('Carl Perkins'),('Carl Philipp Emanuel Bach'),('Carla Bruni'),('Carly Rae Jepsen'),('Caro Emerald'),('Carrie Underwood'),('Cartola'),('Cash Cash'),('Cássia Eller'),('Casuarina'),('Catch 22'),('Caught a Ghost'),('Cavalera Conspiracy'),('Cazuza'),('Celesty'),('Celtic Woman'),('Chad Kroeger'),('Chapterhouse'),('Charlie Brown JR.'),('Charon'),('Charttraxx Karaoke'),('Che Sudaka'),('Cheiro de Amor'),('Cher'),('Cheryl Cole'),('Chet Atkins & Mark Knopfler'),('Chicago'),('Chico Buarque'),('Chico Buarque & Maria Bethânia'),('Children of Bodom'),('Chisu'),('Chloe Agnew'),('Choking Victim'),('Chris Cornell'),('Chris Murray'),('Chris Rea'),('Chris Wollard & The Ship Thieves'),('Christina Aguilera'),('Christina Stürmer'),('Chuck Berry'),('Chuck Ragan'),('Ciara'),('Ciccone Youth'),('Cícero'),('Cinderella'),('Cinema Paradiso'),('Cinerama'),('Circle Jerks'),('Circus Maximus'),('Citizen Kane'),('City Lights'),('City of God'),('Claire Pichet'),('Clannad'),('Clara Nunes'),('Clara Sofie'),('Claudia Leitte'),('Clear View'),('Clemens'),('Cobra Starship'),('Cody Simpson'),('Colbie Caillat'),('Coldplay'),('Common Rider'),('Conor Maynard'),('Corey Taylor'),('Cosmosis'),('CPM 22'),('Cradle of Filth'),('Crashdïet'),('Cream'),('Creed'),('Creedence Clearwater Revival'),('Crimson Glory'),('Cro-mags'),('Crossfade'),('Cueio Limão'),('Current Swell'),('Curse mit Silbermond'),('Cyndi Lauper'),('D12'),('Dada Life'),('Daft Punk'),('Dakota Fanning & Kristen Stewart'),('Daley'),('Damageplan'),('Damian Marley'),('Damien Rice'),('Damien Rice & Lisa Hannigan'),('Damn Yankees'),('Damon Albarn'),('Dan Auerbach'),('Danger Danger'),('Daniel Lioneye'),('Daniela Mercury'),('Danko Jones'),('Dannic'),('Dark Funeral'),('Dark Tranquillity'),('Dash Berlin'),('Daughter'),('Daughtry'),('Dave Matthews'),('Dave Matthews & Friends'),('Dave Matthews & Tim Reynolds'),('Dave Matthews Band'),('David August'),('David Bowie'),('David Byrne'),('David Byrne & St. Vincent'),('David Garrett'),('David Gilmour'),('David Guetta'),('David Lee Roth'),('David Ryan Harris'),('De Facto'),('Dead By Sunrise'),('Dead Fish'),('Dead Kennedys'),('deadmau5'),('deadmau5 & Chris Lake'),('deadmau5 & Kaskade'),('Deal\'s Gone Bad'),('Death Angel'),('Deathstars'),('Dee Dee Ramone'),('Deep Purple'),('Deerhunter'),('Def Leppard'),('Deftones'),('Delta Rae'),('Demi Lovato'),('Demi Lovato & Joe Jonas'),('Demônios Da Garoa'),('Demons & Wizards'),('Derek and the Dominos'),('Descendents'),('Desert Sessions'),('Destiny\'s Child'),('Destruction'),('Detonautas Roque Clube'),('Detroit Metal City'),('Device'),('Diane Birch'),('DIC Enterprises'),('Die Hard'),('DIIV'),('Dilermando Reis'),('Dimebag Darrell'),('Dimitri Vegas'),('Dimmu Borgir'),('Dinosaur Jr.'),('Dio'),('Diogo Nogueira'),('Dire Straits'),('Dirty South'),('District 9'),('Django Django'),('Django Unchained'),('Do As Infinity'),('DOES'),('Dokken'),('Dolores O\'Riordan'),('Dominus'),('Don Henley'),('Dona Ivone Lara'),('Donavon Frankenreiter'),('Donnie Darko'),('Down'),('Dr. Strangelove or: How I Learned to Stop Worrying'),('Draconian'),('Dream Theater'),('Drive Like Jehu'),('Dropkick Murphys'),('Duane Allman'),('DuelJewel'),('Duran Duran'),('Dyro'),('Eagles'),('Eagles of Death Metal'),('Eddie Cochran'),('Eddie Vedder'),('Edguy'),('Editors'),('Edvin Marton'),('Effective Force'),('Eicca Toppinen'),('Eisbrecher'),('El Grupo Nuevo de Omar Rodriguez Lopez'),('Elba Ramalho, Geraldo Azevedo & Zé Ramalho'),('Electric Light Orchestra'),('Elf'),('Elis Regina'),('Ella Fitzgerald'),('Ella Fitzgerald & Duke Ellington'),('Ella Fitzgerald & Louis Armstrong'),('Ellie Goulding'),('Elmore James'),('Elton John'),('Eluveitie'),('Emerson, Lake & Palmer'),('Emigrate'),('Emily Osment'),('Eminem'),('Emir Kusturica & The No Smoking Orchestra'),('Engenheiros Do Hawaii'),('Enigma'),('Ennio Morricone'),('Ensiferum'),('Enya'),('Epica'),('Eppic feat. Lindsey Stirling'),('Equilibrium'),('Era'),('Erasmo Carlos'),('Eric B. & Rakim'),('Eric Clapton'),('Eric Hutchinson'),('Eric Martin'),('Escala'),('Escape the Fate'),('Eskimo'),('Eternal Sunshine of the Spotless Mind'),('Europe'),('Eva & The Heartmaker'),('Evanescence'),('Eve 6'),('Everclear'),('Every Little Thing'),('Everything Everything'),('Example'),('Exodus'),('Extreme'),('Fábio Jr.'),('Fagner'),('Fairyland'),('Fall Out Boy'),('Fates Warning'),('Felix Da Housecat'),('Fergie'),('Ferry Corsten'),('FictionJunction YUUKA'),('Fiddler\'s Green'),('Fight'),('Fight Club'),('Finding Nemo'),('Finntroll'),('fIREHOSE'),('Five Finger Death Punch'),('Five for Fighting'),('Flatfoot 56'),('Fleet Foxes'),('Flo Rida'),('Flogging Molly'),('Florence + the Machine'),('Flow'),('Flume'),('Foals'),('Foo Fighters'),('For a Few Dollars More'),('Forfun'),('Forrest Gump'),('Fort Minor'),('Foster the People'),('Fountains Of Wayne'),('Foxboro Hot Tubs'),('Frank Sinatra & Antonio Carlos Jobim'),('Franz Ferdinand'),('Franz Joseph Haydn'),('Franz Liszt'),('Franz Schubert'),('Freddie King'),('Freddie Mercury'),('Freddie Mercury & Montserrat Caballé'),('Frédéric Chopin'),('Free Kitten'),('Freedom Call'),('Frejat'),('Fugazi'),('Full Metal Jacket'),('Fundo de Quintal'),('Gabriel O Pensador'),('Gaia'),('Gal Costa'),('Gamma Ray'),('Gandhi'),('Garbage'),('Gareth Emery'),('Garfunkel and Oates'),('Gary Clark Jr.'),('Gavin DeGraw'),('Geddy Lee'),('Gene'),('Gene Simmons'),('Genesis'),('Geoff Tate'),('Georg Friedrich Händel'),('Georg Philipp Telemann'),('George Harrison'),('Giles, Giles & Fripp'),('Giuseppe Ottaviani'),('Gladiator'),('Glen Hansard & Markéta Irglová'),('Glenn Frey'),('GMS'),('Gogol Bordello'),('Golden Boy with Miss Kittin'),('Goo Goo Dolls'),('Good Charlotte'),('Goodfellas'),('Goran Bregović'),('Gorilla Biscuits'),('Gorillaz'),('Gov\'t Mule'),('Grace Potter'),('Graham Coxon'),('Gran Torino'),('Grant Hart'),('Grave Digger'),('Grave of the Fireflies'),('GReeeeN'),('Green Day'),('Greg Graffin'),('Gregg Allman'),('Gregorian'),('Grupo Molejo'),('Guilherme Arantes'),('Guilt Machine'),('Guns N\' Roses'),('Gwen Stefani'),('Gym Class Heroes'),('H.O.S.H.'),('Halford'),('Hamilton de Holanda'),('Hammerfall'),('Hangar'),('Hank Mobley'),('Hannah Montana'),('Hans Zimmer'),('Hans Zimmer & James Newton Howard'),('Happy Go Licky'),('Hard Rock Sofa'),('Hard Rock Sofa & Swanky Tunes'),('Hardwell'),('Harry Gregson-Williams'),('Harry Potter and the Deathly Hallows: Part 2'),('Hateen'),('Hayley Williams'),('Heatbeat'),('Heaven & Hell'),('heidi.'),('Helloween'),('Hellyeah'),('Hepcat'),('Herbert Vianna'),('Hey Monday'),('HIGH and MIGHTY COLOR'),('HIM'),('Hinder'),('Hiroki Takahashi'),('Hole'),('Hot Water Music'),('Hotel Rwanda'),('How to Train Your Dragon'),('Howard Shore'),('Howard Shore & Renée Fleming'),('Howard Shore, Sir James Galway, Viggo Mortensen & '),('Howlin\' Wolf'),('Hurts'),('Hüsker Dü'),('HUSKING BEE'),('Ian Gillan'),('Ice-T'),('Iced Earth'),('Iggy Pop'),('Ikuo'),('Illuminate'),('In Flames'),('Inception'),('Incubus'),('Indiana Jones and the Last Crusade'),('Infected Mushroom'),('Infected Mushroom Vs Violent Vision'),('Infernal Affairs'),('Inglourious Basterds'),('Ingrid Olava'),('Inkoma'),('Interpol'),('Into the Wild'),('Ip Man'),('Ira!'),('Irina'),('Iron Maiden'),('Isabella Taviani'),('Ivete Sangalo'),('Izzy Stradlin'),('J Mascis'),('J Mascis and the Fog'),('J.J. Cale & Eric Clapton'),('J.U.F.'),('Jack'),('Jack Johnson'),('Jack Johnson & Ben Harper'),('Jack White'),('Jaco Pastorius'),('Jacob Do Bandolim'),('Jacob Van Hage'),('Jacques'),('JAM Project'),('James Brown'),('James Gang'),('James Horner'),('James LaBrie'),('James Morrison'),('James Newton Howard'),('Jamie xx'),('Jammil E Uma Noites'),('Janet Jackson'),('Janis Joplin'),('Jason Mraz'),('Jason Reeves'),('Jaws'),('Jay-Z and Linkin Park'),('jealkb'),('Jefferson Airplane'),('Jelonek'),('Jenni Vartiainen'),('Jennifer Hudson'),('Jennifer Lopez'),('Jermaine Jackson'),('Jerry Cantrell'),('Jerry Goldsmith'),('Jerry Lee Lewis'),('Jessie J'),('Jim Morrison'),('Jimi Hendrix'),('Jimmy Eat World'),('Joan Jett'),('Joan Jett and the Blackhearts'),('João Carreiro & Capataz'),('Joe Bonamassa'),('Joe Strummer'),('Joe Strummer and the Mescaleros'),('Joe Walsh'),('Joey Ramone'),('Johann Sebastian Bach'),('Johannes Brahms'),('John 5'),('John Coltrane'),('John Coltrane Quartet'),('John Entwistle'),('John Fogerty'),('John Frusciante'),('John Frusciante and Josh Klinghoffer'),('John Lee Hooker'),('John Lennon'),('John Mayer'),('John Mayer Trio'),('John O\'Callaghan'),('John Petrucci'),('John Williams'),('Jon Bon Jovi'),('Jon Lajoie'),('Jonas Brothers'),('Jonny Greenwood'),('Jordan Rudess'),('Jordin Sparks'),('Jordy Dazz'),('Jorn Van Deynhoven'),('Jota Quest'),('Joy Division'),('Judas Priest'),('Judge'),('Juli'),('Julian Casablancas'),('Julian Plenti'),('Júpiter Maçã'),('Jurassic Park'),('Justice'),('Justin Bieber'),('Justin Sane'),('Justin Timberlake'),('Kamagata Eiichi'),('Kamaya Painters'),('Kamelot'),('Karamelo Santo'),('Kasabian'),('Katatonia'),('Kate Nash'),('Katharine McPhee'),('Katinguelê'),('Katy Perry'),('Ke$ha'),('Keane'),('Keith Richards'),('Kelly Clarkson'),('Kelly Rowland'),('KELUN'),('Kenny Wayne Shepherd Band'),('KhoMha'),('Kill Bill: Vol. 1'),('Kill Devil Hill'),('Killswitch Engage'),('King Crimson'),('Kings of Leon'),('Kiss'),('Kix'),('Kōji Wada'),('Korn'),('Korpiklaani'),('Kotipelto'),('Kra'),('Kreator'),('Krewella'),('Krishna Shan'),('KRS-One'),('Krvavy'),('Kultur Shock'),('Kylie Minogue'),('Kyuss'),('L\'Âme Immortelle'),('L.A. Confidential'),('Lacrimosa'),('Lacuna Coil'),('Lady Antebellum'),('Lady Gaga'),('Lagwagon'),('Lana Del Rey'),('Lars Frederiksen and the Bastards'),('Laura Marling'),('Laura Närhi'),('Le Knight Club'),('Leathermouth'),('Led Zeppelin'),('Lee Ranaldo'),('Leeway'),('Leftöver Crack'),('Legião Urbana'),('Léon: The Professional'),('Leona Lewis'),('Leonard Cohen'),('Les Fatals Picards'),('Les Rythmes Digitales'),('Lesiëm'),('Less Than Jake'),('Life of Brian'),('Life of Pi'),('Life\'s Little Tragedy'),('Lifehouse'),('Lily Allen'),('Limp Bizkit'),('Linda Perry'),('Lindsay Lohan'),('Lindsey Stirling'),('Lindsey Stirling & Peter Hollens'),('Lindsey Stirling and Shaun Barrowes'),('Linkin Park'),('Liquid Tension Experiment'),('Lisa Hannigan'),('Lisa Kelly'),('Lissie'),('Lit'),('Lita Ford'),('Little Joy'),('Little Richard'),('Little Walter'),('Local Natives'),('Long Beach Dub All Stars'),('Lordi'),('Loreena McKennitt'),('Los Fabulosos Cadillacs'),('Los Hermanos'),('Lou Reed'),('Louis Armstrong'),('Ls Jack'),('Luca Turilli'),('Luca Turilli\'s Rhapsody'),('Lucifer\'s Heritage'),('Ludwig van Beethoven'),('Luiz Gonzaga'),('Luiza Possi'),('Lula Côrtes & Zé Ramalho'),('Lulu Santos'),('Luxúria'),('Luxuslärm'),('Lynyrd Skynyrd'),('Mad Season'),('Madness'),('Madonna'),('Magne F'),('Máiréad Nesbitt'),('Mallu Magalhães'),('Mamonas Assassinas'),('Manau'),('Mano Negra'),('Manolo Sanlucar'),('Manowar'),('Manu Chao'),('Marcelo Camelo'),('Marcelo D2'),('Marcus Miller'),('Maria Bethânia'),('Maria Gadú'),('Maria Rita'),('Marilyn Manson'),('Marilyn Manson & The Spooky Kids'),('Marina & the Diamonds'),('Mark Knopfler'),('Mark Otten'),('Mark Sandman'),('Markus Schulz'),('Maroon 5'),('Martial'),('Massacration'),('Masterplan'),('Mat Kearney'),('Matanza'),('Matchbox Twenty'),('Matmatah'),('Maximum the Hormone'),('May\'n'),('MC Solaar'),('MD.45'),('Meat Puppets'),('Méav'),('Megadeth'),('Megaherz'),('Megan Nicole & Lindsey Stirling'),('Megh Stock'),('Melissa Etheridge'),('Melleefresh vs. Deadmau5'),('Melody\'s Echo Chamber'),('Memento'),('Metallica'),('Metro Station'),('Metropolis'),('MGMT'),('Michael Giacchino'),('Michael Jackson'),('Michael Jackson & Paul McCartney'),('Michael Rune'),('Michael Schenker Group'),('Michale Graves'),('Michelle Williams'),('Mick Jagger'),('Mike & The Mechanics'),('Mike Shinoda'),('Mike Watt'),('Miles Davis'),('Miles Davis & Thelonious Monk'),('Miles Davis Quintet'),('Miles Kane'),('Miley Cyrus'),('Milionário & José Rico'),('Million Dollar Baby'),('Milton Nascimento'),('Minor Threat'),('Minutemen'),('Misfits'),('Miss Kittin'),('Miss Kittin & The Hacker'),('Missin\' Linx'),('Mission of Burma'),('miwa'),('Mladen Solomun'),('Molejo'),('Molly Hatchet'),('Mombojó'),('Mondo Generator'),('Monobloco'),('MONOBRIGHT'),('Monometria'),('Monsters, Inc.'),('Monty Python and the Holy Grail'),('Morphine'),('Morrissey'),('Morten Harket'),('Moss Icon'),('Mother Love Bone'),('Mötley Crüe'),('Motörhead'),('moumoon'),('Móveis Coloniais de Acaju'),('Móveis Coloniais de Acaju e Leoni'),('Mr. Big'),('Mr. Pit'),('Muddy Waters'),('Mudhoney'),('Mudvayne'),('Mumford & Sons'),('Muse'),('Mustard Plug'),('My Bloody Valentine'),('My Chemical Romance'),('My Life Story'),('My Neighbor Totoro'),('Mystic River'),('Nando Reis'),('Natacha Régnier & Yann Tiersen'),('Natalia Kills'),('Natasha Bedingfield'),('Nause'),('Nazareth'),('Negative'),('Neil Hannon'),('Neil Young'),('Nelly Furtado'),('Nelson Cavaquinho'),('NERVO'),('New Found Glory'),('New Kingdom'),('New Order'),('Ney Matogrosso'),('Ney Matogrosso & Pedro Luís e A Parede'),('Nice Peter'),('Nickelback'),('Nicki Minaj'),('Nicky Romero'),('Nicole Scherzinger'),('Night Ranger'),('Nightmare'),('Nightwish'),('Niklas'),('Nine Inch Nails'),('Nirvana'),('Nitrous Oxide'),('No Country for Old Men'),('No Doubt'),('Noel Gallagher'),('Noel Gallagher\'s High Flying Birds'),('Noel Rosa'),('NOFX'),('Northern Kings'),('Novos Baianos'),('O Rappa'),('O.A.R.'),('Oasis'),('OceanLab'),('Odair José'),('Of Monsters and Men'),('Ohta Michihiko'),('Old Man\'s Child'),('Oliver Smith'),('Omar A. Rodriguez-Lopez'),('Once Upon a Time in America'),('One Day as a Lion'),('One Direction'),('One Flew Over the Cuckoo\'s Nest'),('One Last Wish'),('OneRepublic'),('Oomph!'),('Operation Ivy'),('Opeth'),('Orjan Nilsen'),('Órla Fallon'),('Os Morenos'),('Os Mutantes'),('Os Paralamas Do Sucesso'),('Otis Redding'),('Otis Rush'),('Overkill'),('Ozma'),('OzzY'),('Ozzy Osbourne'),('P!nk'),('Paco de Lucía'),('Paco de Lucía y Ramón de Algeciras'),('Page & Plant'),('Pagoda'),('Pain of Salvation'),('Pan\'s Labyrinth'),('Panic! At the Disco'),('Pantera'),('Paramore'),('Paris Hilton'),('Parker & Hanson'),('Passengers'),('Passion Pit'),('Pat Monahan'),('Patrick Stump'),('Paul Banks'),('Paul Gilbert'),('Paul McCartney'),('Paul McCartney & Wings'),('Paul Stanley'),('Paul van Dyk'),('Paul van Dyk feat. Wayne Jackson'),('Paulina Rubio'),('Paulinho Da Viola'),('Paulinho Nogueira'),('Peach'),('Pearl Jam'),('Pedra Letícia'),('Pencey Prep'),('Pennywise'),('Pepper'),('Pete Townshend'),('Peter Criss'),('Peter Gabriel'),('Peter Hollens & Lindsey Stirling'),('Peter Tosh'),('Phil Collins'),('Phoenix'),('Phranchyze'),('Pietro Antonio Locatelli'),('Pinhead Gunpowder'),('Pink'),('Pink Floyd'),('Pinkly Smooth'),('Pirates of the Caribbean: The Curse of the Black P'),('Pitbull'),('Pitty'),('Placebo'),('Planet Hemp'),('Platoon'),('Plus'),('PMMP'),('Poison'),('Pond'),('Ponto de Equilíbrio'),('Porcupine Tree'),('Porter Robinson'),('Portishead'),('Powerwolf'),('Prague'),('Pride & Glory'),('Princess Mononoke'),('Progression'),('Projekt Wolnych Wierszy'),('Psycho'),('Psychostick'),('Public Enemy'),('Pulp'),('Pulp Fiction'),('Puscifer'),('Pyotr Ilyich Tchaikovsky'),('Pyramaze'),('Queen'),('Queen + Paul Rodgers'),('Queens of the Stone Age'),('Queensrÿche'),('R.E.M.'),('Racer X'),('Radamés Gnattali'),('Radiohead'),('Rage Against the Machine'),('Ragnarök the Animation'),('Raiders of the Lost Ark'),('Raimundos'),('Rainbow'),('Rammstein'),('Ramones'),('Ran'),('Rancid'),('Raphael Haroche'),('Raphael Rabello'),('Rashomon'),('Rasmus Thude'),('Ratatouille'),('Ratt'),('Raul Seixas'),('Ray Charles'),('Ray Charles & The Count Basie Orchestra'),('Rebel Meets Rebel'),('Red Hot Chili Peppers'),('redballoon'),('Reel Big Fish'),('Renato Russo'),('Republica'),('Requiem for a Dream'),('Reservoir Dogs'),('Revolution Renaissance'),('Revolverheld'),('Rex Mundi'),('Rhapsody'),('Rhapsody of Fire'),('Richie Kotzen'),('Richie Sambora'),('Ride'),('Rihanna'),('Ringo Deathstarr'),('Ringo Starr'),('Rise Against'),('Rishloo'),('Rita Lee'),('Rita Lee & Roberto De Carvalho'),('Rita Lee & Tutti Frutti'),('Rita Ora'),('Rites of Spring'),('Rivers Cuomo'),('Riz Ortolani'),('Rob Thomas'),('Rob Zombie'),('Robert Fripp'),('Robert Johnson'),('Roberto Carlos'),('Robin Gibb'),('Rocky'),('Rodox'),('Roger Daltrey'),('Roger Hodgson'),('Roger Taylor'),('Roger Waters'),('Ron Wood'),('Ronnie Von'),('Roupa Nova'),('Roxy Music'),('RPM'),('Run-D.M.C.'),('Runaways'),('Running Wild'),('Rush'),('Russell Allen'),('S.H.E'),('S.M.V.'),('Sabaton'),('Sabotage'),('Sambô'),('Samiam'),('Sammy Hagar'),('Samson'),('Sander van Doorn'),('Sander Van Doorn & Adrian Lux'),('Sander van Doorn & Laidback Luke'),('Sander Van Doorn & Sidney Samson & Nadia Ali'),('Sander van Doorn feat. Frederick'),('Sapattivuosi'),('Sara Bareilles'),('Sarah Vaughan'),('Satyricon'),('Savage Circus'),('savage genius'),('Savatage'),('Saving Private Ryan'),('Saxon'),('Scandal'),('Scarface'),('Scars on Broadway'),('Schindler\'s List'),('Scorpions'),('Scorpions & Berliner Philharmoniker'),('Scott Grooves'),('Scott Stapp'),('Scott Weiland'),('Se7en'),('Sebadoh'),('Sebastian Bach'),('Sebastian Ingrosso'),('Secos & Molhados'),('Seether'),('Selena Gomez'),('Selena Gomez & the Scene'),('Sepultura'),('Serenity'),('Sergei Prokofiev'),('Sergei Rachmaninoff'),('serial TV drama'),('Serj Tankian'),('Sesto Sento'),('Seven Samurai'),('Seventh Wonder'),('Sex Pistols'),('Shadow Gallery'),('Shakira'),('Shaman'),('Sheryl Crow'),('Shinedown'),('Shogun'),('Shpongle'),('Shutter Island'),('Sid Vicious'),('Silbermond'),('Simply Red'),('Sin City'),('Sinéad O\'Connor'),('Siouxsie and the Banshees'),('Sirenia'),('Skank'),('Skid Row'),('Skold'),('Skytech'),('Skywalker Sound'),('Slade'),('Slash'),('Slash\'s Snakepit'),('Slayer'),('Slightly Stoopid'),('Slipknot'),('Slowdive'),('Slumdog Millionaire'),('Small World'),('Smash Mouth'),('Smile Empty Soul'),('Snakeskin'),('Snatch'),('Snoop Dogg vs. David Guetta'),('Snow Patrol'),('Só Pra Contrariar'),('Sodom'),('Soilwork'),('Solomun'),('Solomun & Stimming'),('Solyma'),('Sonar Pocket'),('Sonata Arctica'),('Sonic Syndicate'),('Sonic Youth'),('Sonny Boy Williamson'),('Sopor Aeternus & The Ensemble of Shadows'),('Soul Asylum'),('Soulfly'),('Soundgarden'),('Southern Isolation'),('Space Monkeyz vs. Gorillaz'),('Spirited Away'),('SPYAIR'),('Staind'),('Stand by Me'),('Stanley Clarke'),('Star One'),('Star Trek'),('Star Wars'),('Star Wars: Episode V - The Empire Strikes Back'),('Star Wars: Episode VI - Return of the Jedi'),('Stardust'),('Stat Quo'),('Static-X'),('Stelvio Cipriani'),('Stephen Lynch'),('Steppenwolf'),('Stereopony'),('Steve Angello'),('Steve Aoki'),('Steve Aoki & Afrojack'),('Steve Aoki & Laidback Luke'),('Steve Aoki feat. Rivers Cuomo'),('Steve Aoki feat. [[[Zuper Blahq]]]'),('Steve Jablonsky'),('Steve Miller Band'),('Steven Wilson'),('Stevie Ray Vaughan'),('Stevie Ray Vaughan and Double Trouble'),('Stimming'),('Sting'),('Stone Sour'),('Stone Temple Pilots'),('Storm Corrosion'),('Stratovarius'),('Street Dogs'),('Streetlight Manifesto'),('Strike Anywhere'),('Stroke 9'),('Strontium 90'),('Sublime'),('Sublime with Rome'),('Suburban Legends'),('Sugar'),('Sugar Ray'),('Sum 41'),('SumaStyli'),('Super8 & Tab'),('Superjoint Ritual'),('Supertramp'),('Suzi Quatro'),('Svenstrup & Vendelboe'),('Swanky Tunes'),('Swedish House Mafia'),('Syd Barrett'),('Symphony X'),('System of a Down'),('T. Rex'),('Tab Benoit'),('Tabitha\'s Secret'),('TAI'),('Takayoshi Tanimoto'),('Talamasca'),('Talking Heads'),('Tame Impala'),('Tarja'),('Tarot'),('Taxi Driver'),('Taylor Hawkins & The Coattail Riders'),('Taylor Swift'),('Tears for Fears'),('Television'),('Temple of the Dog'),('Tenacious D'),('Tenishia'),('Tequila Baby'),('Teräsbetoni'),('Terminator 2: Judgment Day'),('Testament'),('Texas Hippie Coalition'),('Thalía'),('The 101\'ers'),('The 69 Eyes'),('The Academy Is...'),('The Adicts'),('The Aggrolites'),('The Alan Parsons Project'),('The Allman Brothers Band'),('The Avengers'),('The Axis of Awesome'),('The Band'),('The Beatles'),('The Beautiful Girls'),('The Big Lebowski'),('The Black Keys'),('The Bodysnatchers'),('The Bourne Ultimatum'),('the brilliant green'),('The Brobecks'),('The Calling'),('The Cardigans'),('The Cars'),('The Cinematics'),('The Clash'),('The Confession'),('The Cranberries'),('The Cure'),('The Dark Knight'),('The Dark Knight Rises'),('The Dead Weather'),('The Deer Hunter'),('The Departed'),('The Derek Trucks Band'),('The Doobie Brothers'),('The Doors'),('The Draft'),('The Dwarf Cast'),('The Evens'),('The Exorcist'),('The Expendables'),('The Exploited'),('The Fireman'),('The Forces of Evil'),('The Frames'),('The Fratellis'),('The Glove'),('The Godfather'),('The Godfather: Part II'),('The Good, the Bad & the Queen'),('The Good, the Bad and the Ugly'),('The Great Dictator'),('The Green Mile'),('The High Numbers'),('The Hobbit: An Unexpected Journey'),('The Intouchables'),('The Jackson 5'),('The Jacksons'),('The Jimi Hendrix Experience'),('The John Butler Trio'),('The Killers'),('The Kills'),('The King\'s Speech'),('The Kinks'),('The Kooks'),('The Last Shadow Puppets'),('The Lion King'),('The Lonely Island'),('The Lord of the Rings: The Fellowship of the Ring'),('The Lord of the Rings: The Return of the King'),('The Lord of the Rings: The Two Towers'),('The Loved Ones'),('The Lumineers'),('The Mahones'),('The Mars Volta'),('The Marshall Tucker Band'),('The Matrix'),('The Mayfield Four'),('The Mighty Mighty Bosstones'),('The Nation of Ulysses'),('The National'),('The Network'),('The Notting Hillbillies'),('The Offspring'),('The Perks of Being a Wallflower'),('The Pianist'),('The Police'),('The Prestige'),('The Pretty Reckless'),('The Pussycat Dolls'),('The Raconteurs'),('The Rasmus'),('The Real McKenzies'),('The Rentals'),('The Replacements'),('The Rodeo Carburettor'),('The Rolling Stones'),('The Runaways'),('The Script'),('The Selecter'),('The Seventh Seal'),('The Shawshank Redemption'),('The Shining'),('The Silence of the Lambs'),('The Sins of Thy Beloved'),('The Sisters of Mercy'),('The Sixth Sense'),('The Slackers'),('The Smiths'),('The Specials'),('The Stone Foxes'),('The Stone Roses'),('The Strokes'),('The Suicide Machines'),('The Swell Season'),('The Taliesin Orchestra'),('The Terminator'),('The Toasters'),('The Tossers'),('The Truman Show'),('The Unseen'),('The Untouchables'),('The Used'),('The Vaccines'),('The Vaughan Brothers'),('The Verve'),('The Wailers'),('The Wedding Band'),('The White Stripes'),('The Who'),('The Wizard of Oz'),('The Wombats'),('The xx'),('The Young Veins'),('Theatre of Tragedy'),('Them Crooked Vultures'),('Theory of a Deadman'),('There Will Be Blood'),('Third Eye Blind'),('Thom Yorke'),('Thomas Bangalter'),('Thomas Newman'),('Three Days Grace'),('Thunderstone'),('Thurston Moore'),('Tião Carreiro & Pardinho'),('Tião Carreiro e Pardinho'),('Tiësto'),('Tiga'),('Tim Armstrong'),('Tim Berg'),('Tim Minchin'),('Timbaland'),('Tin Machine'),('Titãs'),('Titãs & Paralamas'),('To Kill a Mockingbird'),('Toh Kay'),('Tom Jobim & Dorival Caymmi'),('Tom Jobim & Elis Regina'),('Tom Petty'),('Tom Tom Club'),('Tom Zé'),('Tomate'),('Tomatito'),('Tomiko Van'),('Tommy Trash'),('Tonico E Tinoco'),('Tonino Carotone'),('Tool'),('Toquinho & Vinicius'),('Toy Story'),('Toy Story 3'),('Trail of Tears'),('Train'),('Trainspotting'),('Tranquility Base'),('Transatlantic'),('Transplants'),('Travie McCoy'),('Treat Her Right'),('Trio Parada Dura'),('Tristan Prettyman'),('Tristania'),('Tritonal'),('Tryo'),('Turisas'),('TV Rock'),('TWE SHELLSHOCKR'),('Twelve Monkeys'),('Twill'),('Twinemen'),('Two Door Cinema Club'),('Týr'),('U2'),('U2 and Green Day'),('UFO'),('Ultraje a Rigor'),('Underdog'),('Unforgiven'),('UNISON SQUARE GARDEN'),('Unknown Mortal Orchestra'),('Up'),('Uriah Heep'),('UVERworld'),('V for Vendetta'),('Vampire Weekend'),('Van der Graaf Generator'),('Van Halen'),('Van Zant'),('Vanessa-Mae'),('Vanguart'),('Velhas Virgens'),('Velvet Revolver'),('Venom'),('VersaEmerge'),('Vertical Horizon'),('Vertigo'),('Vic Ruggiero'),('Vicente Amigo'),('Victor Wooten'),('Ville Valo'),('Vinícius & Toquinho'),('Vinicius de Moraes'),('Vinicius de Moraes & Toquinho'),('Vinicius De Moraes, Antonio Carlos Jobim & Toquinh'),('Vinicius,Toquinho,Marilia Medalha'),('Vintage Trouble'),('Viper'),('Vision Divine'),('Volbeat'),('W&W'),('WALL·E'),('Walter Trout'),('Warrior'),('Warzone'),('We Are the Fallen'),('Weezer'),('Westbound Train'),('Wezz Devall'),('White Lies'),('Whitesnake'),('WILD CHILD BOUND'),('will.i.am'),('Winger'),('Wings'),('Within Temptation'),('Wolfgang Amadeus Mozart'),('Wolfgang Gartner'),('Xandria'),('Xavier Rudd'),('Xero'),('Yahel'),('Yamandú Costa'),('Yann Tiersen'),('Yann Tiersen & Natacha Régnier'),('Yann Tiersen & Shannon Wright'),('Yes'),('Yojimbo'),('Yoko Hikasa'),('YOUR SONG IS GOOD × BEAT CRUSADERS'),('YUI'),('Yves Jamait'),('Zach Gill'),('Zakk Wylde'),('Zaz'),('Zé Ramalho'),('Zebrahead'),('Zeca Pagodinho'),('Zechs Marquise'),('Zedd'),('Zedd & Lucky Date'),('Zélia Duncan'),('Ziggy Marley'),('Zumbis do Espaço'),('ZZ Top'),('ZZ Ward'),('Ленинград'),('いきものがかり'),('ねごと'),('カラス'),('ギルガメッシュ'),('サイキックラバー'),('サカナクション'),('シェリル・ノーム starring May\'n'),('ステレオポニー'),('フジファブリック'),('ムック'),('中島愛'),('串田アキラ'),('伴都美子'),('和田光司'),('宮崎歩'),('張韶涵'),('影山ヒロノブ'),('栗林みな実'),('楊丞琳'),('水樹奈々'),('王心凌'),('石川智晶'),('福山芳樹'),('茅原実里'),('蔡依林'),('蕭亞軒'),('遠藤正明'),('飛蘭');
/*!40000 ALTER TABLE `culturalAct` ENABLE KEYS */;
UNLOCK TABLES;

--
-- Table structure for table `direct`
--

DROP TABLE IF EXISTS `direct`;
/*!40101 SET @saved_cs_client     = @@character_set_client */;
/*!40101 SET character_set_client = utf8 */;
CREATE TABLE `direct` (
  `director` varchar(50) NOT NULL,
  `movie` varchar(50) NOT NULL,
  PRIMARY KEY (`director`,`movie`),
  KEY `movie` (`movie`),
  CONSTRAINT `direct_ibfk_1` FOREIGN KEY (`director`) REFERENCES `director` (`name`) ON DELETE CASCADE ON UPDATE CASCADE,
  CONSTRAINT `direct_ibfk_2` FOREIGN KEY (`movie`) REFERENCES `movie` (`name`) ON DELETE CASCADE ON UPDATE CASCADE
) ENGINE=InnoDB DEFAULT CHARSET=utf8;
/*!40101 SET character_set_client = @saved_cs_client */;

--
-- Dumping data for table `direct`
--

LOCK TABLES `direct` WRITE;
/*!40000 ALTER TABLE `direct` DISABLE KEYS */;
INSERT INTO `direct` VALUES ('Akira Kurosawa','Ran'),('Akira Kurosawa','Rashomon'),('Akira Kurosawa','Seven Samurai'),('Akira Kurosawa','Yojimbo'),('Alan Mak','Infernal Affairs'),('Alfred Hitchcock','Psycho'),('Alfred Hitchcock','Vertigo'),('Andrew Stanton','Finding Nemo'),('Andrew Stanton','WALL·E'),('Andy Wachowski','The Matrix'),('Ang Lee','Life of Pi'),('Bob Peterson','Up'),('Brad Bird','Ratatouille'),('Brian De Palma','Scarface'),('Brian De Palma','The Untouchables'),('Charles Chaplin','City Lights'),('Charles Chaplin','The Great Dictator'),('Chris Sanders','How to Train Your Dragon'),('Christopher Nolan','Batman Begins'),('Christopher Nolan','Inception'),('Christopher Nolan','Memento'),('Christopher Nolan','The Dark Knight'),('Christopher Nolan','The Dark Knight Rises'),('Christopher Nolan','The Prestige'),('Clint Eastwood','Gran Torino'),('Clint Eastwood','Million Dollar Baby'),('Clint Eastwood','Mystic River'),('Clint Eastwood','Unforgiven'),('Curtis Hanson','L.A. Confidential'),('Danny Boyle','Slumdog Millionaire'),('Danny Boyle','Trainspotting'),('Darren Aronofsky','Black Swan'),('Darren Aronofsky','Requiem for a Dream'),('David Fincher','Fight Club'),('David Fincher','Se7en'),('David Silverman','Monsters, Inc.'),('David Yates','Harry Potter and the Deathly Hallows: Part 2'),('Dean DeBlois','How to Train Your Dragon'),('Eric Toledano','The Intouchables'),('Ethan Coen','No Country for Old Men'),('Fernando Meirelles','City of God'),('Francis Ford Coppola','Apocalypse Now'),('Francis Ford Coppola','The Godfather'),('Francis Ford Coppola','The Godfather: Part II'),('Frank Darabont','The Green Mile'),('Frank Darabont','The Shawshank Redemption'),('Frank Miller','Sin City'),('Fritz Lang','Metropolis'),('Gavin O\'Connor','Warrior'),('George Lucas','Star Wars'),('George Roy Hill','Butch Cassidy and the Sundance Kid'),('Giuseppe Tornatore','Cinema Paradiso'),('Gore Verbinski','Pirates of the Caribbean: The Curse of the Black P'),('Guillermo del Toro','Pan\'s Labyrinth'),('Guy Ritchie','Snatch'),('Hayao Miyazaki','My Neighbor Totoro'),('Hayao Miyazaki','Princess Mononoke'),('Hayao Miyazaki','Spirited Away'),('Ingmar Bergman','The Seventh Seal'),('Irvin Kershner','Star Wars: Episode V - The Empire Strikes Back'),('Isao Takahata','Grave of the Fireflies'),('J.J. Abrams','Star Trek'),('James Cameron','Aliens'),('James Cameron','Terminator 2: Judgment Day'),('James Cameron','The Terminator'),('James McTeigue','V for Vendetta'),('Jan Pinkava','Ratatouille'),('Jean-Pierre Jeunet','Amélie'),('Joel Coen','No Country for Old Men'),('Joel Coen','The Big Lebowski'),('John G. Avildsen','Rocky'),('John Lasseter','Toy Story'),('John McTiernan','Die Hard'),('Jonathan Demme','The Silence of the Lambs'),('Joss Whedon','The Avengers'),('Kátia Lund','City of God'),('Lana Wachowski','The Matrix'),('Lee Unkrich','Finding Nemo'),('Lee Unkrich','Toy Story 3'),('Loveleen Tandan','Slumdog Millionaire'),('Luc Besson','Léon: The Professional'),('M. Night Shyamalan','The Sixth Sense'),('Martin Scorsese','Goodfellas'),('Martin Scorsese','Shutter Island'),('Martin Scorsese','Taxi Driver'),('Martin Scorsese','The Departed'),('Mel Gibson','Braveheart'),('Michael Cimino','The Deer Hunter'),('Michel Gondry','Eternal Sunshine of the Spotless Mind'),('Milos Forman','One Flew Over the Cuckoo\'s Nest'),('Neill Blomkamp','District 9'),('Oliver Stone','Platoon'),('Olivier Nakache','The Intouchables'),('Orson Welles','Citizen Kane'),('Paul Greengrass','The Bourne Ultimatum'),('Paul Thomas Anderson','There Will Be Blood'),('Pete Docter','Monsters, Inc.'),('Pete Docter','Up'),('Peter Jackson','The Hobbit: An Unexpected Journey'),('Peter Jackson','The Lord of the Rings: The Fellowship of the Ring'),('Peter Jackson','The Lord of the Rings: The Return of the King'),('Peter Jackson','The Lord of the Rings: The Two Towers'),('Peter Weir','The Truman Show'),('Quentin Tarantino','Django Unchained'),('Quentin Tarantino','Inglourious Basterds'),('Quentin Tarantino','Kill Bill: Vol. 1'),('Quentin Tarantino','Pulp Fiction'),('Quentin Tarantino','Reservoir Dogs'),('Richard Attenborough','Gandhi'),('Richard Kelly','Donnie Darko'),('Richard Marquand','Star Wars: Episode VI - Return of the Jedi'),('Ridley Scott','Alien'),('Ridley Scott','Blade Runner'),('Ridley Scott','Gladiator'),('Rob Minkoff','The Lion King'),('Rob Reiner','Stand by Me'),('Robert Mulligan','To Kill a Mockingbird'),('Robert Rodriguez','Sin City'),('Robert Zemeckis','Back to the Future'),('Robert Zemeckis','Forrest Gump'),('Roger Allers','The Lion King'),('Roman Polanski','The Pianist'),('Ron Howard','A Beautiful Mind'),('Sam Mendes','American Beauty'),('Sean Penn','Into the Wild'),('Sergio Leone','A Fistful of Dollars'),('Sergio Leone','For a Few Dollars More'),('Sergio Leone','Once Upon a Time in America'),('Sergio Leone','The Good, the Bad and the Ugly'),('Stanley Kubrick','2001: A Space Odyssey'),('Stanley Kubrick','A Clockwork Orange'),('Stanley Kubrick','Dr. Strangelove or: How I Learned to Stop Worrying'),('Stanley Kubrick','Full Metal Jacket'),('Stanley Kubrick','The Shining'),('Stephen Chbosky','The Perks of Being a Wallflower'),('Steven Spielberg','Indiana Jones and the Last Crusade'),('Steven Spielberg','Jaws'),('Steven Spielberg','Jurassic Park'),('Steven Spielberg','Raiders of the Lost Ark'),('Steven Spielberg','Saving Private Ryan'),('Steven Spielberg','Schindler\'s List'),('Terry George','Hotel Rwanda'),('Terry Gilliam','Monty Python and the Holy Grail'),('Terry Gilliam','Twelve Monkeys'),('Terry Jones','Life of Brian'),('Terry Jones','Monty Python and the Holy Grail'),('Tom Hooper','The King\'s Speech'),('Tony Kaye','American History X'),('Victor Fleming','The Wizard of Oz'),('Wai-keung Lau','Infernal Affairs'),('William Friedkin','The Exorcist'),('Wilson Yip','Ip Man');
/*!40000 ALTER TABLE `direct` ENABLE KEYS */;
UNLOCK TABLES;

--
-- Table structure for table `director`
--

DROP TABLE IF EXISTS `director`;
/*!40101 SET @saved_cs_client     = @@character_set_client */;
/*!40101 SET character_set_client = utf8 */;
CREATE TABLE `director` (
  `name` varchar(50) NOT NULL,
  PRIMARY KEY (`name`)
) ENGINE=InnoDB DEFAULT CHARSET=utf8;
/*!40101 SET character_set_client = @saved_cs_client */;

--
-- Dumping data for table `director`
--

LOCK TABLES `director` WRITE;
/*!40000 ALTER TABLE `director` DISABLE KEYS */;
INSERT INTO `director` VALUES ('Akira Kurosawa'),('Alan Mak'),('Alfred Hitchcock'),('Andrew Stanton'),('Andy Wachowski'),('Ang Lee'),('Bob Peterson'),('Brad Bird'),('Brian De Palma'),('Charles Chaplin'),('Chris Sanders'),('Christopher Nolan'),('Clint Eastwood'),('Curtis Hanson'),('Danny Boyle'),('Darren Aronofsky'),('David Fincher'),('David Silverman'),('David Yates'),('Dean DeBlois'),('Eric Toledano'),('Ethan Coen'),('Fernando Meirelles'),('Francis Ford Coppola'),('Frank Darabont'),('Frank Miller'),('Fritz Lang'),('Gavin O\'Connor'),('George Lucas'),('George Roy Hill'),('Giuseppe Tornatore'),('Gore Verbinski'),('Guillermo del Toro'),('Guy Ritchie'),('Hayao Miyazaki'),('Ingmar Bergman'),('Irvin Kershner'),('Isao Takahata'),('J.J. Abrams'),('James Cameron'),('James McTeigue'),('Jan Pinkava'),('Jean-Pierre Jeunet'),('Joel Coen'),('John G. Avildsen'),('John Lasseter'),('John McTiernan'),('Jonathan Demme'),('Joss Whedon'),('Kátia Lund'),('Lana Wachowski'),('Lee Unkrich'),('Loveleen Tandan'),('Luc Besson'),('M. Night Shyamalan'),('Martin Scorsese'),('Mel Gibson'),('Michael Cimino'),('Michel Gondry'),('Milos Forman'),('Neill Blomkamp'),('Oliver Stone'),('Olivier Nakache'),('Orson Welles'),('Paul Greengrass'),('Paul Thomas Anderson'),('Pete Docter'),('Peter Jackson'),('Peter Weir'),('Quentin Tarantino'),('Richard Attenborough'),('Richard Kelly'),('Richard Marquand'),('Ridley Scott'),('Rob Minkoff'),('Rob Reiner'),('Robert Mulligan'),('Robert Rodriguez'),('Robert Zemeckis'),('Roger Allers'),('Roman Polanski'),('Ron Howard'),('Sam Mendes'),('Sean Penn'),('Sergio Leone'),('Stanley Kubrick'),('Stephen Chbosky'),('Steven Spielberg'),('Terry George'),('Terry Gilliam'),('Terry Jones'),('Tom Hooper'),('Tony Kaye'),('Victor Fleming'),('Wai-keung Lau'),('William Friedkin'),('Wilson Yip');
/*!40000 ALTER TABLE `director` ENABLE KEYS */;
UNLOCK TABLES;

--
-- Table structure for table `know`
--

DROP TABLE IF EXISTS `know`;
/*!40101 SET @saved_cs_client     = @@character_set_client */;
/*!40101 SET character_set_client = utf8 */;
CREATE TABLE `know` (
  `person` varchar(50) NOT NULL,
  `colleague` varchar(50) NOT NULL,
  PRIMARY KEY (`person`,`colleague`),
  KEY `colleague` (`colleague`),
  CONSTRAINT `know_ibfk_1` FOREIGN KEY (`person`) REFERENCES `person` (`uri`) ON DELETE CASCADE ON UPDATE CASCADE,
  CONSTRAINT `know_ibfk_2` FOREIGN KEY (`colleague`) REFERENCES `person` (`uri`) ON DELETE CASCADE ON UPDATE CASCADE
) ENGINE=InnoDB DEFAULT CHARSET=utf8;
/*!40101 SET character_set_client = @saved_cs_client */;

--
-- Dumping data for table `know`
--

LOCK TABLES `know` WRITE;
/*!40000 ALTER TABLE `know` DISABLE KEYS */;
INSERT INTO `know` VALUES ('alexandrekunieda','andreborba'),('alexandrekunieda','felipeoliveira'),('alexandrekunieda','fernandomassunari'),('alexandrekunieda','leonardoana'),('alexandrekunieda','marcelozabani'),('alexandrekunieda','raphaelsantos'),('alexandremedeiros','augustomorgan'),('alexandremedeiros','brunocarvalho'),('alexandremedeiros','gabrielbertazi'),('alexandremedeiros','guilhermeplatzeck'),('alexandremedeiros','ivanfreitas'),('alexandremedeiros','matheusboy'),('alexandremedeiros','renatovargas'),('amadeubonfante','andreborba'),('amadeubonfante','arthuralvarez'),('amadeubonfante','emilioweber'),('amadeubonfante','pedrofigueiredo'),('amadeubonfante','raphaelsantos'),('amadeubonfante','viniciusana'),('andreborba','amadeubonfante'),('andreborba','arthuralvarez'),('andreborba','brunocarvalho'),('andreborba','emilioweber'),('andreborba','fabiosartorato'),('andreborba','mariasousa'),('andreborba','raphaelsantos'),('andreborba','viniciusana'),('andreborba','viniciussantos'),('andrepaganini','luismendes'),('andrepaganini','rafaelsacchi'),('andrevasconcellos','marcelozabani'),('arthuralvarez','laisminchillo'),('augustomorgan','alexandremedeiros'),('augustomorgan','andreborba'),('augustomorgan','brunocarvalho'),('augustomorgan','emilioweber'),('augustomorgan','fabiosartorato'),('augustomorgan','gabrielbertazi'),('augustomorgan','guilhermenunes'),('augustomorgan','guilhermeplatzeck'),('augustomorgan','gustavosilva'),('augustomorgan','ivanfreitas'),('augustomorgan','jonatanvalongo'),('augustomorgan','lucasmadureira'),('augustomorgan','luismendes'),('augustomorgan','mariasousa'),('augustomorgan','rafaelhermano'),('augustomorgan','raphaelsantos'),('brunocarvalho','alexandremedeiros'),('brunocarvalho','augustomorgan'),('brunocarvalho','diegorubini'),('brunocarvalho','emilioweber'),('brunocarvalho','fabiosartorato'),('brunocarvalho','gabrielbertazi'),('brunocarvalho','guilhermeplatzeck'),('brunocarvalho','ivanfreitas'),('brunocarvalho','jonatanvalongo'),('brunocarvalho','laisminchillo'),('brunocarvalho','lucaslima'),('brunocarvalho','luizjunior'),('brunocarvalho','rafaelhermano'),('brunocarvalho','rafaelsacchi'),('brunocarvalho','raphaelsantos'),('brunocarvalho','renatovargas'),('diegorubini','brunocarvalho'),('diegorubini','danielferreira'),('diegorubini','gabrielsarraff'),('diegorubini','igornunes'),('diegorubini','ivanfilho'),('diegorubini','ivanfreitas'),('diegorubini','lucaslima'),('diegorubini','lucasnakata'),('diegorubini','luizjunior'),('diegorubini','matheusboy'),('diegorubini','raissamachado'),('diegorubini','renatovargas'),('eduardohitomi','luismendes'),('eduardohitomi','pedroalves'),('eduardomendes','fernandomassunari'),('eduardomendes','leonardoana'),('fabiosartorato','alexandremedeiros'),('fabiosartorato','arthuralvarez'),('fabiosartorato','augustomorgan'),('fabiosartorato','brunocarvalho'),('fabiosartorato','emilioweber'),('fabiosartorato','gabrielbertazi'),('fabiosartorato','guilhermeplatzeck'),('fabiosartorato','gustavosilva'),('fabiosartorato','ivanfreitas'),('fabiosartorato','jonatanvalongo'),('fabiosartorato','laisminchillo'),('fabiosartorato','luismendes'),('fabiosartorato','thiagopires'),('felipeoliveira','alexandrekunieda'),('felipeoliveira','andrevasconcellos'),('felipeoliveira','fernandomassunari'),('felipeoliveira','henriquegonzales'),('felipeoliveira','leonardoana'),('felipeoliveira','marcelozabani'),('fernandohoyo','davidchazanas'),('fernandomassunari','alexandrekunieda'),('fernandomassunari','andrevasconcellos'),('fernandomassunari','danielferreira'),('fernandomassunari','eduardomendes'),('fernandomassunari','felipeoliveira'),('fernandomassunari','henriquegonzales'),('fernandomassunari','leonardoana'),('fernandomassunari','luizjunior'),('fernandomassunari','marcelozabani'),('fernandomassunari','thiagobalbo'),('gabrielbertazi','alexandremedeiros'),('gabrielbertazi','augustomorgan'),('gabrielbertazi','brunocarvalho'),('gabrielbertazi','fabiosartorato'),('gabrielbertazi','ivanfreitas'),('gabrielbertazi','rafaelhermano'),('gabrielsarraff','danielferreira'),('guilhermenunes','alexandremedeiros'),('guilhermenunes','amadeubonfante'),('guilhermenunes','andrepaganini'),('guilhermenunes','jonatanvalongo'),('guilhermenunes','luismendes'),('guilhermenunes','marcelofabri'),('guilhermenunes','rafaelsacchi'),('guilhermenunes','thiagopires'),('guilhermeplatzeck','alexandremedeiros'),('guilhermeplatzeck','andreborba'),('guilhermeplatzeck','davidchazanas'),('guilhermeplatzeck','fernandohoyo'),('guilhermeplatzeck','gabrielbertazi'),('guilhermeplatzeck','gabrielsarraff'),('guilhermeplatzeck','ivanfilho'),('guilhermeplatzeck','lucasmadureira'),('guilhermeplatzeck','luismendes'),('guilhermeplatzeck','mariasousa'),('guilhermeplatzeck','matheusboy'),('guilhermeplatzeck','rafaelsacchi'),('guilhermeplatzeck','renanfujii'),('guilhermeplatzeck','viniciusana'),('gustavosilva','amadeubonfante'),('gustavosilva','andreborba'),('gustavosilva','arthuralvarez'),('gustavosilva','augustomorgan'),('gustavosilva','emilioweber'),('gustavosilva','fabiosartorato'),('gustavosilva','pedrofigueiredo'),('gustavosilva','raphaelsantos'),('henriquegonzales','alexandrekunieda'),('henriquegonzales','danielferreira'),('henriquegonzales','felipeoliveira'),('henriquegonzales','fernandomassunari'),('henriquegonzales','gabrielsarraff'),('henriquegonzales','leonardoana'),('henriquegonzales','lucasnakata'),('henriquegonzales','marcelozabani'),('henriquegonzales','matheusboy'),('henriquegonzales','thiagobalbo'),('henriquegonzales','viniciussantos'),('ivanfilho','matheusboy'),('ivanfilho','rafaelgouvea'),('ivanfreitas','alexandremedeiros'),('ivanfreitas','brunocarvalho'),('ivanfreitas','danielferreira'),('ivanfreitas','fabiosartorato'),('ivanfreitas','gabrielbertazi'),('ivanfreitas','igornunes'),('ivanfreitas','matheusboy'),('jonatanvalongo','alexandremedeiros'),('jonatanvalongo','augustomorgan'),('jonatanvalongo','brunocarvalho'),('jonatanvalongo','emilioweber'),('jonatanvalongo','fabiosartorato'),('jonatanvalongo','gabrielbertazi'),('jonatanvalongo','guilhermenunes'),('jonatanvalongo','mariasousa'),('jonatanvalongo','thiagopires'),('laisminchillo','arthuralvarez'),('leonardoana','alexandrekunieda'),('leonardoana','danielferreira'),('leonardoana','eduardomendes'),('leonardoana','felipeoliveira'),('leonardoana','fernandomassunari'),('leonardoana','gabrielsarraff'),('leonardoana','henriquegonzales'),('leonardoana','lucasnakata'),('leonardoana','raissamachado'),('leonardoana','thiagobalbo'),('lucaslima','brunocarvalho'),('lucaslima','diegorubini'),('lucaslima','matheusboy'),('lucaslima','raissamachado'),('lucaslima','renatovargas'),('lucasmadureira','andrepaganini'),('lucasmadureira','augustomorgan'),('lucasmadureira','guilhermenunes'),('lucasmadureira','jonatanvalongo'),('lucasmadureira','marcelofabri'),('lucasmadureira','rafaelsacchi'),('lucasmadureira','renatovargas'),('lucasnakata','danielferreira'),('lucasnakata','gabrielsarraff'),('lucasnakata','igornunes'),('luismendes','andrepaganini'),('luismendes','guilhermenunes'),('luismendes','lucasmadureira'),('luismendes','marcelofabri'),('luismendes','rafaelsacchi'),('luismendes','thiagopires'),('marcelofabri','andrepaganini'),('marcelofabri','guilhermenunes'),('marcelofabri','lucasmadureira'),('marcelofabri','luismendes'),('marcelofabri','rafaelsacchi'),('marcelofabri','thiagopires'),('marcelozabani','alexandrekunieda'),('marcelozabani','amadeubonfante'),('marcelozabani','andrevasconcellos'),('marcelozabani','danielferreira'),('marcelozabani','fernandomassunari'),('marcelozabani','leonardoana'),('marcelozabani','thiagobalbo'),('mariasousa','alexandremedeiros'),('mariasousa','emilioweber'),('mariasousa','fabiosartorato'),('mariasousa','pedrofigueiredo'),('mariasousa','viniciusana'),('matheusboy','alexandremedeiros'),('matheusboy','brunocarvalho'),('matheusboy','danielferreira'),('matheusboy','davidchazanas'),('matheusboy','gabrielbertazi'),('matheusboy','gabrielsarraff'),('matheusboy','guilhermeplatzeck'),('matheusboy','henriquegonzales'),('matheusboy','ivanfilho'),('matheusboy','ivanfreitas'),('matheusboy','lucaslima'),('matheusboy','rafaelgouvea'),('matheusboy','raissamachado'),('pedroalves','eduardohitomi'),('pedrofigueiredo','alexandremedeiros'),('pedrofigueiredo','amadeubonfante'),('pedrofigueiredo','andreborba'),('pedrofigueiredo','andrepaganini'),('pedrofigueiredo','arthuralvarez'),('pedrofigueiredo','brunocarvalho'),('pedrofigueiredo','emilioweber'),('pedrofigueiredo','fabiosartorato'),('pedrofigueiredo','gustavosilva'),('pedrofigueiredo','luizjunior'),('pedrofigueiredo','mariasousa'),('pedrofigueiredo','rafaelsacchi'),('pedrofigueiredo','raphaelsantos'),('pedrofigueiredo','viniciusana'),('rafaelgouvea','alexandremedeiros'),('rafaelgouvea','danielferreira'),('rafaelgouvea','davidchazanas'),('rafaelgouvea','ivanfilho'),('rafaelgouvea','ivanfreitas'),('rafaelgouvea','mariasousa'),('rafaelgouvea','matheusboy'),('rafaelgouvea','raissamachado'),('rafaelhermano','alexandremedeiros'),('rafaelhermano','augustomorgan'),('rafaelhermano','brunocarvalho'),('rafaelhermano','fabiosartorato'),('rafaelhermano','gabrielbertazi'),('rafaelhermano','jonatanvalongo'),('rafaelhermano','raphaelsantos'),('rafaelsacchi','alexandremedeiros'),('rafaelsacchi','guilhermenunes'),('rafaelsacchi','lucasmadureira'),('rafaelsacchi','marcelofabri'),('rafaelsacchi','renanfujii'),('raissamachado','amadeubonfante'),('raissamachado','danielferreira'),('raissamachado','davidchazanas'),('raissamachado','diegorubini'),('raissamachado','emilioweber'),('raissamachado','fernandohoyo'),('raissamachado','leonardoana'),('raissamachado','lucaslima'),('raissamachado','mariasousa'),('raissamachado','matheusboy'),('raissamachado','rafaelgouvea'),('raissamachado','renatovargas'),('raphaelsantos','amadeubonfante'),('raphaelsantos','andreborba'),('raphaelsantos','arthuralvarez'),('raphaelsantos','emilioweber'),('raphaelsantos','fabiosartorato'),('raphaelsantos','gustavosilva'),('raphaelsantos','viniciusana'),('renanfujii','arthuralvarez'),('renanfujii','guilhermeplatzeck'),('renanfujii','laisminchillo'),('renanfujii','matheusboy'),('renanfujii','rafaelsacchi'),('renatovargas','alexandremedeiros'),('renatovargas','brunocarvalho'),('renatovargas','diegorubini'),('renatovargas','lucaslima'),('renatovargas','lucasmadureira'),('renatovargas','matheusboy'),('renatovargas','raissamachado'),('thiagobalbo','alexandrekunieda'),('thiagobalbo','fernandomassunari'),('thiagobalbo','henriquegonzales'),('thiagobalbo','leonardoana'),('thiagobalbo','marcelozabani'),('thiagopires','alexandremedeiros'),('thiagopires','andrepaganini'),('thiagopires','augustomorgan'),('thiagopires','fabiosartorato'),('thiagopires','guilhermenunes'),('thiagopires','luismendes'),('thiagopires','marcelofabri'),('thiagopires','rafaelsacchi'),('thiagopires','renanfujii'),('viniciusana','amadeubonfante'),('viniciusana','andreborba'),('viniciusana','arthuralvarez'),('viniciusana','emilioweber'),('viniciusana','fabiosartorato'),('viniciusana','guilhermeplatzeck'),('viniciusana','gustavosilva'),('viniciusana','mariasousa'),('viniciusana','pedrofigueiredo'),('viniciusana','raphaelsantos'),('viniciussantos','andreborba'),('viniciussantos','henriquegonzales');
/*!40000 ALTER TABLE `know` ENABLE KEYS */;
UNLOCK TABLES;

--
-- Table structure for table `like`
--

DROP TABLE IF EXISTS `like`;
/*!40101 SET @saved_cs_client     = @@character_set_client */;
/*!40101 SET character_set_client = utf8 */;
CREATE TABLE `like` (
  `person` varchar(50) NOT NULL,
  `culturalAct` varchar(50) NOT NULL,
  `rating` int(11) NOT NULL,
  PRIMARY KEY (`person`,`culturalAct`),
  KEY `culturalAct` (`culturalAct`),
  CONSTRAINT `like_ibfk_1` FOREIGN KEY (`person`) REFERENCES `person` (`uri`) ON DELETE CASCADE ON UPDATE CASCADE,
  CONSTRAINT `like_ibfk_2` FOREIGN KEY (`culturalAct`) REFERENCES `culturalAct` (`name`) ON DELETE CASCADE ON UPDATE CASCADE
) ENGINE=InnoDB DEFAULT CHARSET=utf8;
/*!40101 SET character_set_client = @saved_cs_client */;

--
-- Dumping data for table `like`
--

LOCK TABLES `like` WRITE;
/*!40000 ALTER TABLE `like` DISABLE KEYS */;
INSERT INTO `like` VALUES ('alexandrekunieda','Arctic Monkeys',4),('alexandrekunieda','Back to the Future',3),('alexandrekunieda','Coldplay',5),('alexandrekunieda','Fight Club',5),('alexandrekunieda','Grave of the Fireflies',5),('alexandrekunieda','Inception',4),('alexandrekunieda','Memento',5),('alexandrekunieda','Spirited Away',5),('alexandrekunieda','Star Wars',5),('alexandrekunieda','The Lion King',4),('alexandrekunieda','The Matrix',4),('alexandrekunieda','The Prestige',4),('alexandrekunieda','The Strokes',5),('alexandrekunieda','The Who',4),('alexandrekunieda','U2',5),('alexandrekunieda','WALL·E',4),('alexandremedeiros','A Clockwork Orange',3),('alexandremedeiros','American History X',3),('alexandremedeiros','Arctic monkeys',5),('alexandremedeiros','Back to the Future',3),('alexandremedeiros','Cage the elephant',3),('alexandremedeiros','District 9',2),('alexandremedeiros','Django Unchained',5),('alexandremedeiros','Donnie Darko',4),('alexandremedeiros','Inception',3),('alexandremedeiros','Inglourious Basterds',3),('alexandremedeiros','Kill Bill: Vol. 1',4),('alexandremedeiros','King Crimson',5),('alexandremedeiros','Metallica',3),('alexandremedeiros','Monty Python and the Holy Grail',5),('alexandremedeiros','Morphine',5),('alexandremedeiros','Pink floyd',5),('alexandremedeiros','Pulp Fiction',5),('alexandremedeiros','Queens of the stone age',3),('alexandremedeiros','Radiohead',4),('alexandremedeiros','Requiem for a Dream',2),('alexandremedeiros','Reservoir Dogs',4),('alexandremedeiros','Star Wars: Episode V - The Empire Strikes Back',5),('alexandremedeiros','Talking heads',3),('alexandremedeiros','The mars volta',5),('alexandremedeiros','The Perks of Being a Wallflower',3),('alexandremedeiros','The Shining',4),('alexandremedeiros','The smiths',3),('alexandremedeiros','The Strokes',5),('alexandremedeiros','The xx',4),('alexandremedeiros','Toy Story',5),('alexandremedeiros','Toy Story 3',5),('alexandremedeiros','Trainspotting',2),('alexandremedeiros','V for Vendetta',3),('alexandremedeiros','Weezer',2),('amadeubonfante','Bon Jovi',5),('amadeubonfante','City of God',5),('amadeubonfante','Fight Club',5),('amadeubonfante','Matchbox Twenty',4),('amadeubonfante','Megadeth',5),('amadeubonfante','Metallica',5),('amadeubonfante','Se7en',4),('amadeubonfante','The Dark Knight',5),('amadeubonfante','The Lord of the Rings: The Return of the King',5),('andreborba','2001: A Space Odyssey',2),('andreborba','A Clockwork Orange',5),('andreborba','Aliens',2),('andreborba','Dire Straits',5),('andreborba','District 9',2),('andreborba','Django Unchained',5),('andreborba','Fight Club',4),('andreborba','Gandhi',3),('andreborba','Gladiator',5),('andreborba','Gran Torino',3),('andreborba','Guns N\' Roses',3),('andreborba','Infernal Affairs',2),('andreborba','Kill Bill: Vol. 1',4),('andreborba','Kiss',5),('andreborba','Metallica',5),('andreborba','Pink Floyd',5),('andreborba','Pirates of the Caribbean: The Curse of the Black P',3),('andreborba','Pulp Fiction',5),('andreborba','Queen',4),('andreborba','Red Hot Chili Peppers',4),('andreborba','Saving Private Ryan',4),('andreborba','Schindler\'s List',5),('andreborba','Se7en',5),('andreborba','Star Wars: Episode V - The Empire Strikes Back',3),('andreborba','System of a Down',5),('andreborba','The Beatles',4),('andreborba','The Dark Knight',3),('andreborba','The Departed',3),('andreborba','The Exorcist',1),('andreborba','The Lord of the Rings: The Fellowship of the Ring',4),('andreborba','The Lord of the Rings: The Return of the King',5),('andreborba','The Matrix',3),('andreborba','The Shawshank Redemption',4),('andreborba','The Wizard of Oz',2),('andreborba','The xx',2),('andreborba','Toy Story 3',4),('andrepaganini','The Matrix',1),('andrepaganini','U2',1),('andrevasconcellos','Forrest Gump',4),('andrevasconcellos','Gladiator',4),('andrevasconcellos','Inception',3),('andrevasconcellos','Jaws',3),('andrevasconcellos','Kill Bill: Vol. 1',1),('andrevasconcellos','Taxi Driver',2),('andrevasconcellos','The Godfather',5),('andrevasconcellos','The Godfather: Part II',5),('andrevasconcellos','The Matrix',5),('andrevasconcellos','There Will Be Blood',2),('andrevasconcellos','U2',5),('arthuralvarez','A Clockwork Orange',2),('arthuralvarez','Back to the Future',3),('arthuralvarez','Blade Runner',3),('arthuralvarez','Braveheart',3),('arthuralvarez','District 9',3),('arthuralvarez','Foo Fighters',4),('arthuralvarez','For a Few Dollars More',3),('arthuralvarez','Gladiator',4),('arthuralvarez','Gran Torino',5),('arthuralvarez','Kill Bill: Vol. 1',4),('arthuralvarez','Reservoir Dogs',3),('arthuralvarez','Seven Samurai',4),('arthuralvarez','The Beatles',4),('arthuralvarez','The Godfather',5),('arthuralvarez','The Godfather: Part II',5),('arthuralvarez','The Good, the Bad and the Ugly',4),('arthuralvarez','The Killers',4),('arthuralvarez','The King\'s Speech',4),('arthuralvarez','The Matrix',4),('arthuralvarez','The Seventh Seal',4),('arthuralvarez','The Shining',4),('arthuralvarez','The Silence of the Lambs',4),('arthuralvarez','The Sixth Sense',4),('arthuralvarez','Toy Story',5),('arthuralvarez','Toy Story 3',5),('arthuralvarez','Twelve Monkeys',2),('arthuralvarez','U2',3),('augustomorgan','Alien',1),('augustomorgan','Amélie',5),('augustomorgan','Arctic Monkeys',4),('augustomorgan','Back to the Future',4),('augustomorgan','Batman Begins',3),('augustomorgan','Black Swan',2),('augustomorgan','Braveheart',3),('augustomorgan','Celtic Woman',3),('augustomorgan','District 9',1),('augustomorgan','Donnie Darko',4),('augustomorgan','Fight Club',5),('augustomorgan','Finding Nemo',5),('augustomorgan','Forrest Gump',2),('augustomorgan','Gladiator',4),('augustomorgan','Gran Torino',1),('augustomorgan','Harry Potter and the Deathly Hallows: Part 2',3),('augustomorgan','Inception',5),('augustomorgan','Indiana Jones and the Last Crusade',2),('augustomorgan','Jurassic Park',5),('augustomorgan','Memento',4),('augustomorgan','Metallica',2),('augustomorgan','Pan\'s Labyrinth',2),('augustomorgan','Pink Floyd',3),('augustomorgan','Pirates of the Caribbean: The Curse of the Black P',5),('augustomorgan','Pulp Fiction',2),('augustomorgan','Queen',4),('augustomorgan','Raiders of the Lost Ark',5),('augustomorgan','Red Hot Chili Peppers',5),('augustomorgan','Star Trek',2),('augustomorgan','Star Wars',5),('augustomorgan','Star Wars: Episode V - The Empire Strikes Back',4),('augustomorgan','Star Wars: Episode VI - Return of the Jedi',5),('augustomorgan','System of a Down',5),('augustomorgan','The Avengers',5),('augustomorgan','The beatles',5),('augustomorgan','The Dark Knight',4),('augustomorgan','The Hobbit: An Unexpected Journey',5),('augustomorgan','The Lion King',5),('augustomorgan','The Lord of the Rings: The Fellowship of the Ring',5),('augustomorgan','The Lord of the Rings: The Return of the King',5),('augustomorgan','The Lord of the Rings: The Two Towers',5),('augustomorgan','The Matrix',3),('augustomorgan','The Perks of Being a Wallflower',5),('augustomorgan','The Truman Show',1),('augustomorgan','Toy Story',3),('augustomorgan','Toy Story 3',3),('augustomorgan','Twelve Monkeys',4),('augustomorgan','Up',5),('augustomorgan','V for Vendetta',5),('augustomorgan','WALL·E',3),('augustomorgan','Yann Tiersen',5),('brunocarvalho','A Clockwork Orange',3),('brunocarvalho','Alien',4),('brunocarvalho','Avantasia',5),('brunocarvalho','Braveheart',5),('brunocarvalho','Die Hard',4),('brunocarvalho','Dimmu Borgir',2),('brunocarvalho','Donnie Darko',1),('brunocarvalho','Dropkick Murphys',4),('brunocarvalho','Flogging Molly',4),('brunocarvalho','Gladiator',5),('brunocarvalho','Gogol Bordello',4),('brunocarvalho','Gran Torino',2),('brunocarvalho','Jurassic Park',4),('brunocarvalho','Korpiklaani',5),('brunocarvalho','Lacrimosa',4),('brunocarvalho','Marilyn Manson',2),('brunocarvalho','Matanza',5),('brunocarvalho','Megadeth',4),('brunocarvalho','Million Dollar Baby',3),('brunocarvalho','Monty Python and the Holy Grail',4),('brunocarvalho','Pearl Jam',4),('brunocarvalho','Pink Floyd',2),('brunocarvalho','Pirates of the Caribbean: The Curse of the Black P',4),('brunocarvalho','Platoon',3),('brunocarvalho','Pulp Fiction',5),('brunocarvalho','Rage Against the Machine',3),('brunocarvalho','Rammstein',5),('brunocarvalho','Requiem for a Dream',2),('brunocarvalho','Saving Private Ryan',4),('brunocarvalho','Sepultura',5),('brunocarvalho','Sin City',4),('brunocarvalho','Streetlight manifesto',4),('brunocarvalho','System of a Down',4),('brunocarvalho','The cure',1),('brunocarvalho','The Departed',1),('brunocarvalho','The Exorcist',4),('brunocarvalho','The Godfather',2),('brunocarvalho','The Green Mile',4),('brunocarvalho','The Hobbit: An Unexpected Journey',5),('brunocarvalho','The killers',2),('brunocarvalho','The Lord of the Rings: The Return of the King',5),('brunocarvalho','The Matrix',5),('brunocarvalho','The Pianist',4),('brunocarvalho','The Shining',4),('brunocarvalho','The Smiths',2),('brunocarvalho','The Truman Show',5),('brunocarvalho','Trainspotting',5),('brunocarvalho','Tristania',3),('brunocarvalho','V for Vendetta',5),('davidchazanas','U2',5),('diegorubini','Audioslave',5),('diegorubini','Fight Club',4),('diegorubini','Garbage',3),('diegorubini','Inception',4),('diegorubini','Kill Bill: Vol. 1',4),('diegorubini','Memento',5),('diegorubini','Pan\'s Labyrinth',3),('diegorubini','Pearl jam',5),('diegorubini','Pink floyd',5),('diegorubini','Rise against',5),('diegorubini','Se7en',4),('diegorubini','Sin City',4),('diegorubini','Spirited Away',4),('diegorubini','Sum 41',4),('diegorubini','The Dark Knight',5),('diegorubini','The Lord of the Rings: The Return of the King',5),('diegorubini','The Matrix',4),('eduardohitomi','Aerosmith',4),('eduardohitomi','Bon Jovi',4),('eduardohitomi','City of God',4),('eduardohitomi','Fight Club',4),('eduardohitomi','Forrest Gump',5),('eduardohitomi','Kill Bill: Vol. 1',4),('eduardohitomi','Metallica',5),('eduardohitomi','Pink Floyd',5),('eduardohitomi','Se7en',4),('eduardohitomi','Terminator 2: Judgment Day',4),('eduardohitomi','The Beatles',5),('eduardohitomi','The Godfather',5),('eduardohitomi','The Matrix',4),('eduardohitomi','The Shining',3),('eduardohitomi','The Silence of the Lambs',4),('eduardohitomi','The Truman Show',3),('eduardomendes','2001: A Space Odyssey',5),('eduardomendes','A Clockwork Orange',5),('eduardomendes','American Beauty',5),('eduardomendes','Bad religion',4),('eduardomendes','Bob Dylan',5),('eduardomendes','City of God',5),('eduardomendes','Fight Club',5),('eduardomendes','Forrest Gump',4),('eduardomendes','GMS',4),('eduardomendes','Inception',5),('eduardomendes','Los Hermanos',4),('eduardomendes','Memento',3),('eduardomendes','Pink Floyd',5),('eduardomendes','Requiem for a Dream',4),('eduardomendes','System of a Down',4),('eduardomendes','The Cranberries',3),('eduardomendes','The Departed',3),('eduardomendes','The Lord of the Rings: The Return of the King',4),('eduardomendes','The Shawshank Redemption',4),('fabiosartorato','Aerosmith',2),('fabiosartorato','Apocalyptica',5),('fabiosartorato','Avantasia',5),('fabiosartorato','Batman Begins',5),('fabiosartorato','Evanescence',5),('fabiosartorato','Foo fighters',5),('fabiosartorato','Gogol bordello',4),('fabiosartorato','Harry Potter and the Deathly Hallows: Part 2',4),('fabiosartorato','How to Train Your Dragon',5),('fabiosartorato','Inception',5),('fabiosartorato','Jurassic Park',3),('fabiosartorato','Kiss',5),('fabiosartorato','Korpiklaani',5),('fabiosartorato','Life of Brian',3),('fabiosartorato','Matanza',4),('fabiosartorato','Megadeth',5),('fabiosartorato','Metallica',5),('fabiosartorato','Misfits',5),('fabiosartorato','Nightwish',5),('fabiosartorato','Pearl Jam',5),('fabiosartorato','Pirates of the Caribbean: The Curse of the Black P',5),('fabiosartorato','Queen',4),('fabiosartorato','Se7en',3),('fabiosartorato','Star Wars',5),('fabiosartorato','Star Wars: Episode V - The Empire Strikes Back',5),('fabiosartorato','Star Wars: Episode VI - Return of the Jedi',5),('fabiosartorato','System of a Down',5),('fabiosartorato','Tarot',3),('fabiosartorato','The Avengers',5),('fabiosartorato','The Beatles',5),('fabiosartorato','The Dark Knight',5),('fabiosartorato','The Dark Knight Rises',5),('fabiosartorato','The Hobbit: An Unexpected Journey',5),('fabiosartorato','The Lion King',5),('fabiosartorato','The Lord of the Rings: The Fellowship of the Ring',5),('fabiosartorato','The Lord of the Rings: The Return of the King',5),('fabiosartorato','The Lord of the Rings: The Two Towers',5),('fabiosartorato','The Matrix',5),('fabiosartorato','Toy Story',5),('fabiosartorato','Toy Story 3',5),('fabiosartorato','Up',5),('fabiosartorato','V for Vendetta',5),('fabiosartorato','Volbeat',1),('fabiosartorato','WALL·E',5),('felipeoliveira','Alien',2),('felipeoliveira','Apocalypse Now',3),('felipeoliveira','Arctic Monkeys',5),('felipeoliveira','Fall Out Boy',5),('felipeoliveira','Fight Club',5),('felipeoliveira','Forrest Gump',3),('felipeoliveira','Inception',4),('felipeoliveira','Léon: The Professional',5),('felipeoliveira','Matanza',3),('felipeoliveira','Moveis Coloniais de Acaju',4),('felipeoliveira','Red Hot Chili Peppers',4),('felipeoliveira','Saving Private Ryan',3),('felipeoliveira','Schindler\'s List',3),('felipeoliveira','Se7en',3),('felipeoliveira','The Dark Knight',4),('felipeoliveira','The Killers',5),('felipeoliveira','The Lord of the Rings: The Fellowship of the Ring',5),('felipeoliveira','The Lord of the Rings: The Return of the King',5),('felipeoliveira','The Lord of the Rings: The Two Towers',5),('felipeoliveira','The Matrix',5),('felipeoliveira','The Shawshank Redemption',5),('felipeoliveira','The Strokes',5),('fernandomassunari','Aerosmith',4),('fernandomassunari','Eagles',3),('fernandomassunari','Finding Nemo',5),('fernandomassunari','How to Train Your Dragon',3),('fernandomassunari','Inglourious Basterds',4),('fernandomassunari','Metallica',5),('fernandomassunari','Mystic River',5),('fernandomassunari','Pearl Jam',3),('fernandomassunari','Pirates of the Caribbean: The Curse of the Black P',5),('fernandomassunari','Slumdog Millionaire',4),('fernandomassunari','The Avengers',5),('fernandomassunari','The Beatles',4),('fernandomassunari','The Dark Knight',3),('fernandomassunari','The Dark Knight Rises',4),('fernandomassunari','The Intouchables',5),('fernandomassunari','The Lion King',5),('fernandomassunari','The Matrix',4),('fernandomassunari','Toy Story 3',4),('fernandomassunari','U2',5),('gabrielbertazi','A Clockwork Orange',5),('gabrielbertazi','Aerosmith',5),('gabrielbertazi','Guns N\' Roses',5),('gabrielbertazi','Hotel Rwanda',5),('gabrielbertazi','Inception',4),('gabrielbertazi','Indiana Jones and the Last Crusade',3),('gabrielbertazi','Inglourious Basterds',5),('gabrielbertazi','Jurassic Park',4),('gabrielbertazi','Kiss',4),('gabrielbertazi','Monty Python and the Holy Grail',4),('gabrielbertazi','Pulp Fiction',3),('gabrielbertazi','Queen',5),('gabrielbertazi','Schindler\'s List',4),('gabrielbertazi','Star Wars',4),('gabrielbertazi','The Godfather',4),('gabrielbertazi','The Lord of the Rings: The Return of the King',4),('gabrielbertazi','U2',3),('gabrielsarraff','Fight Club',5),('gabrielsarraff','Kiss ',5),('gabrielsarraff','The Shawshank Redemption',5),('guilhermenunes','Django Unchained',5),('guilhermenunes','Fight Club',4),('guilhermenunes','Gladiator',4),('guilhermenunes','Inception',5),('guilhermenunes','Metallica',5),('guilhermenunes','Pulp Fiction',5),('guilhermenunes','Schindler\'s List',5),('guilhermenunes','Star Wars',5),('guilhermenunes','Star Wars: Episode V - The Empire Strikes Back',4),('guilhermenunes','The Good, the Bad and the Ugly',5),('guilhermenunes','The Intouchables',5),('guilhermenunes','The Lord of the Rings: The Fellowship of the Ring',5),('guilhermenunes','The Lord of the Rings: The Return of the King',5),('guilhermenunes','The Lord of the Rings: The Two Towers',5),('guilhermenunes','The Shawshank Redemption',5),('guilhermenunes','U2',3),('guilhermeplatzeck','Django Unchained',4),('guilhermeplatzeck','Donnie Darko',3),('guilhermeplatzeck','Fight Club',4),('guilhermeplatzeck','Harry Potter and the Deathly Hallows: Part 2',4),('guilhermeplatzeck','Inception',4),('guilhermeplatzeck','Inglourious Basterds',3),('guilhermeplatzeck','Pan\'s Labyrinth',2),('guilhermeplatzeck','Pulp Fiction',4),('guilhermeplatzeck','Spirited Away',5),('guilhermeplatzeck','The Lion King',3),('guilhermeplatzeck','The Sixth Sense',5),('guilhermeplatzeck','The Wizard of Oz',2),('guilhermeplatzeck','Twelve Monkeys',5),('guilhermeplatzeck','V for Vendetta',4),('gustavosilva','Batman Begins',3),('gustavosilva','City of God',4),('gustavosilva','Django Unchained',4),('gustavosilva','Gladiator',4),('gustavosilva','Inception',3),('gustavosilva','Inglourious Basterds',3),('gustavosilva','Life of Pi',4),('gustavosilva','Million Dollar Baby',4),('gustavosilva','Queen',5),('gustavosilva','Slumdog Millionaire',4),('gustavosilva','Star Trek',4),('gustavosilva','The Avengers',4),('gustavosilva','The Bourne Ultimatum',4),('gustavosilva','The Dark Knight',3),('gustavosilva','The Dark Knight Rises',4),('gustavosilva','The Hobbit: An Unexpected Journey',4),('gustavosilva','The Matrix',4),('gustavosilva','Up',3),('henriquegonzales','American History X',4),('henriquegonzales','Ayreon',4),('henriquegonzales','City of God',3),('henriquegonzales','Eternal Sunshine of the Spotless Mind',5),('henriquegonzales','Fight Club',4),('henriquegonzales','Forrest Gump',5),('henriquegonzales','Gladiator',5),('henriquegonzales','Metallica',4),('henriquegonzales','Muse ',5),('henriquegonzales','Opeth',4),('henriquegonzales','Pink floyd',5),('henriquegonzales','Queen',5),('henriquegonzales','Saving Private Ryan',5),('henriquegonzales','Schindler\'s List',5),('henriquegonzales','Star Wars',5),('henriquegonzales','Star Wars: Episode V - The Empire Strikes Back',5),('henriquegonzales','Star Wars: Episode VI - Return of the Jedi',5),('henriquegonzales','Swedish House Mafia',4),('henriquegonzales','The Dark Knight',5),('henriquegonzales','The Dark Knight Rises',5),('henriquegonzales','The Departed',4),('henriquegonzales','The Green Mile',5),('henriquegonzales','The Lord of the Rings: The Fellowship of the Ring',5),('henriquegonzales','The Lord of the Rings: The Return of the King',5),('henriquegonzales','The Lord of the Rings: The Two Towers',4),('henriquegonzales','Toy Story 3',4),('henriquegonzales','WALL·E',3),('ivanfilho','Judas Priest',5),('ivanfilho','Metallica',5),('ivanfilho','Mr. Big',5),('ivanfreitas','2001: A Space Odyssey',4),('ivanfreitas','A Fistful of Dollars',4),('ivanfreitas','Apocalypse Now',4),('ivanfreitas','Back to the Future',3),('ivanfreitas','Blade Runner',4),('ivanfreitas','Braveheart',3),('ivanfreitas','Butch Cassidy and the Sundance Kid',3),('ivanfreitas','Chuck Berry',4),('ivanfreitas','Citizen Kane',4),('ivanfreitas','City of God',3),('ivanfreitas','Daft Punk',3),('ivanfreitas','Deep purple',4),('ivanfreitas','Die Hard',3),('ivanfreitas','District 9',2),('ivanfreitas','Dr. Strangelove or: How I Learned to Stop Worrying',4),('ivanfreitas','For a Few Dollars More',4),('ivanfreitas','Full Metal Jacket',4),('ivanfreitas','Gladiator',4),('ivanfreitas','Goodfellas',4),('ivanfreitas','Gran Torino',4),('ivanfreitas','Inception',5),('ivanfreitas','Inglourious Basterds',2),('ivanfreitas','Ip Man',5),('ivanfreitas','Judas priest',4),('ivanfreitas','Jurassic Park',4),('ivanfreitas','Kill Bill: Vol. 1',3),('ivanfreitas','Life of Brian',5),('ivanfreitas','Megadeth',4),('ivanfreitas','Metallica',5),('ivanfreitas','Monty Python and the Holy Grail',5),('ivanfreitas','Once Upon a Time in America',4),('ivanfreitas','Pink floyd',5),('ivanfreitas','Pirates of the Caribbean: The Curse of the Black P',4),('ivanfreitas','Platoon',4),('ivanfreitas','Pulp Fiction',5),('ivanfreitas','Queen',4),('ivanfreitas','Rage against the machine',4),('ivanfreitas','Ran',3),('ivanfreitas','Rashomon',4),('ivanfreitas','Reservoir Dogs',5),('ivanfreitas','Rocky',4),('ivanfreitas','Saving Private Ryan',3),('ivanfreitas','Scarface',5),('ivanfreitas','Schindler\'s List',3),('ivanfreitas','Seven Samurai',5),('ivanfreitas','Snatch',3),('ivanfreitas','Star Wars: Episode V - The Empire Strikes Back',5),('ivanfreitas','Taxi Driver',4),('ivanfreitas','Terminator 2: Judgment Day',3),('ivanfreitas','The Big Lebowski',5),('ivanfreitas','The Bourne Ultimatum',5),('ivanfreitas','The Deer Hunter',4),('ivanfreitas','The Departed',4),('ivanfreitas','The Godfather',5),('ivanfreitas','The Godfather: Part II',5),('ivanfreitas','The Good, the Bad and the Ugly',5),('ivanfreitas','The Matrix',5),('ivanfreitas','The Pianist',4),('ivanfreitas','The Shining',3),('ivanfreitas','The Terminator',4),('ivanfreitas','The Truman Show',3),('ivanfreitas','The Untouchables',4),('ivanfreitas','To Kill a Mockingbird',3),('ivanfreitas','Toy Story',2),('ivanfreitas','Twelve Monkeys',5),('ivanfreitas','Unforgiven',3),('ivanfreitas','V for Vendetta',4),('ivanfreitas','Vertigo',3),('ivanfreitas','Warrior',1),('ivanfreitas','Yojimbo',5),('jonatanvalongo','Batman Begins',3),('jonatanvalongo','Evanescence',5),('jonatanvalongo','Fight Club',3),('jonatanvalongo','Finding Nemo',4),('jonatanvalongo','Monsters, Inc.',3),('jonatanvalongo','Pirates of the Caribbean: The Curse of the Black P',3),('jonatanvalongo','Star Wars',4),('jonatanvalongo','Star Wars: Episode V - The Empire Strikes Back',4),('jonatanvalongo','Star Wars: Episode VI - Return of the Jedi',4),('jonatanvalongo','Terminator 2: Judgment Day',3),('jonatanvalongo','The Bourne Ultimatum',3),('jonatanvalongo','The Dark Knight',4),('jonatanvalongo','The Hobbit: An Unexpected Journey',5),('jonatanvalongo','The Lord of the Rings: The Fellowship of the Ring',4),('jonatanvalongo','The Lord of the Rings: The Return of the King',5),('jonatanvalongo','The Lord of the Rings: The Two Towers',4),('jonatanvalongo','Toy Story',3),('jonatanvalongo','WALL·E',3),('laisminchillo','Black Swan',4),('laisminchillo','Deep purple',5),('laisminchillo','Django Unchained',4),('laisminchillo','Fight Club',5),('laisminchillo','Forrest Gump',5),('laisminchillo','How to Train Your Dragon',5),('laisminchillo','Million Dollar Baby',5),('laisminchillo','Pink floyd',5),('laisminchillo','Pulp Fiction',4),('laisminchillo','Ratatouille',5),('laisminchillo','Schindler\'s List',5),('laisminchillo','Supertramp',5),('laisminchillo','The killers',4),('laisminchillo','V for Vendetta',5),('leonardoana','American History X',4),('leonardoana','Bob dylan',3),('leonardoana','Django Unchained',5),('leonardoana','Fight Club',3),('leonardoana','Forrest Gump',5),('leonardoana','Gladiator',5),('leonardoana','Inception',3),('leonardoana','Kiss ',3),('leonardoana','Pulp Fiction',5),('leonardoana','Schindler\'s List',5),('leonardoana','Se7en',3),('leonardoana','The Dark Knight',4),('leonardoana','The Lord of the Rings: The Fellowship of the Ring',5),('leonardoana','The Matrix',5),('leonardoana','The Shawshank Redemption',5),('leonardoana','Toy Story 3',4),('lucaslima','A Beautiful Mind',5),('lucaslima','A Clockwork Orange',4),('lucaslima','Axwell',3),('lucaslima','Back to the Future',4),('lucaslima','Batman Begins',3),('lucaslima','Daft Punk',4),('lucaslima','Deadmau5',4),('lucaslima','Django Unchained',4),('lucaslima','Eternal Sunshine of the Spotless Mind',4),('lucaslima','Fight Club',5),('lucaslima','Forrest Gump',5),('lucaslima','Gladiator',5),('lucaslima','Inception',4),('lucaslima','Inglourious Basterds',4),('lucaslima','L.A. Confidential',4),('lucaslima','Memento',5),('lucaslima','No Country for Old Men',3),('lucaslima','Pink Floyd',5),('lucaslima','Pirates of the Caribbean: The Curse of the Black P',3),('lucaslima','Pulp Fiction',5),('lucaslima','Requiem for a Dream',5),('lucaslima','Saving Private Ryan',3),('lucaslima','Schindler\'s List',3),('lucaslima','Se7en',4),('lucaslima','Sin City',3),('lucaslima','Star Trek',3),('lucaslima','Swedish House Mafia',4),('lucaslima','The Avengers',3),('lucaslima','The Dark Knight',5),('lucaslima','The Dark Knight Rises',3),('lucaslima','The Departed',3),('lucaslima','The Lord of the Rings: The Fellowship of the Ring',3),('lucaslima','The Lord of the Rings: The Return of the King',4),('lucaslima','The Lord of the Rings: The Two Towers',4),('lucaslima','The Matrix',5),('lucaslima','The Pianist',3),('lucaslima','The Prestige',5),('lucaslima','V for Vendetta',4),('lucaslima','Zedd',4),('lucasmadureira','Back to the Future',5),('lucasmadureira','Batman Begins',3),('lucasmadureira','Capital Inicial',3),('lucasmadureira','District 9',2),('lucasmadureira','Gladiator',3),('lucasmadureira','Inglourious Basterds',4),('lucasmadureira','Shutter Island',4),('lucasmadureira','Star Wars',4),('lucasmadureira','Star Wars: Episode V - The Empire Strikes Back',4),('lucasmadureira','Star Wars: Episode VI - Return of the Jedi',4),('lucasmadureira','The Beatles',4),('lucasmadureira','The Dark Knight',4),('lucasmadureira','The Dark Knight Rises',4),('lucasnakata','Coldplay',4),('lucasnakata','Fight Club',5),('lucasnakata','Foo fighters',5),('lucasnakata','Forrest Gump',4),('lucasnakata','Gladiator',4),('lucasnakata','Inception',4),('lucasnakata','Linkin park',5),('lucasnakata','Metallica',5),('lucasnakata','Pulp Fiction',5),('lucasnakata','Shutter Island',4),('lucasnakata','The beatles',5),('lucasnakata','The Dark Knight',4),('lucasnakata','The Lord of the Rings: The Fellowship of the Ring',4),('lucasnakata','The Lord of the Rings: The Return of the King',5),('lucasnakata','The Lord of the Rings: The Two Towers',5),('lucasnakata','The Matrix',5),('lucasnakata','The rolling stones',4),('lucasnakata','The smiths',4),('luismendes','A Beautiful Mind',5),('luismendes','Back to the Future',3),('luismendes','Batman Begins',4),('luismendes','Django Unchained',4),('luismendes','Donnie Darko',5),('luismendes','Forrest Gump',5),('luismendes','Inception',5),('luismendes','Inglourious Basterds',4),('luismendes','Kill Bill: Vol. 1',5),('luismendes','Monsters, Inc.',3),('luismendes','Shutter Island',5),('luismendes','The Avengers',5),('luismendes','The Bourne Ultimatum',5),('luismendes','The Dark Knight',4),('luismendes','The Dark Knight Rises',4),('luismendes','The Hobbit: An Unexpected Journey',4),('luismendes','The Lion King',5),('luismendes','The Lord of the Rings: The Fellowship of the Ring',4),('luismendes','The Lord of the Rings: The Return of the King',4),('luismendes','The Lord of the Rings: The Two Towers',4),('luismendes','The Sixth Sense',5),('luismendes','V for Vendetta',5),('marcelofabri','Batman Begins',2),('marcelofabri','Blink-182',4),('marcelofabri','Finding Nemo',3),('marcelofabri','Foo Fighters',2),('marcelofabri','Harry Potter and the Deathly Hallows: Part 2',5),('marcelofabri','Inception',4),('marcelofabri','Maroon 5',3),('marcelofabri','Monsters, Inc.',4),('marcelofabri','Pirates of the Caribbean: The Curse of the Black P',3),('marcelofabri','Star Wars',4),('marcelofabri','Star Wars: Episode V - The Empire Strikes Back',4),('marcelofabri','Star Wars: Episode VI - Return of the Jedi',4),('marcelofabri','The Avengers',4),('marcelofabri','The Dark Knight',5),('marcelofabri','The Dark Knight Rises',3),('marcelofabri','The Lord of the Rings: The Fellowship of the Ring',4),('marcelofabri','The Lord of the Rings: The Two Towers',4),('marcelofabri','Toy Story',3),('marcelofabri','Toy Story 3',5),('marcelozabani','Amélie',2),('marcelozabani','American Beauty',4),('marcelozabani','City of God',5),('marcelozabani','Deep purple',4),('marcelozabani','Django Unchained',5),('marcelozabani','Fight Club',5),('marcelozabani','Inception',5),('marcelozabani','Inglourious Basterds',5),('marcelozabani','Pink floyd',5),('marcelozabani','Pulp Fiction',4),('marcelozabani','Queen',5),('marcelozabani','Se7en',4),('marcelozabani','Snatch',5),('marcelozabani','Steve Miller Band',4),('marcelozabani','Supertramp',5),('marcelozabani','The beatles',5),('marcelozabani','The Dark Knight',5),('marcelozabani','The Green Mile',3),('marcelozabani','The Lord of the Rings: The Return of the King',4),('marcelozabani','The Prestige',3),('marcelozabani','The Shawshank Redemption',5),('mariasousa','A Clockwork Orange',3),('mariasousa','Django Unchained',5),('mariasousa','Gladiator',4),('mariasousa','Pulp Fiction',4),('mariasousa','The Matrix',5),('mariasousa','Toy Story 3',5),('matheusboy','Alice in Chains',4),('matheusboy','American Beauty',5),('matheusboy','Bad Brains',5),('matheusboy','Bad Religion',4),('matheusboy','Beastie Boys',5),('matheusboy','Black Flag',4),('matheusboy','Blade Runner',4),('matheusboy','Blink-182',3),('matheusboy','Blur',4),('matheusboy','Dinosaur Jr.',4),('matheusboy','Fight Club',5),('matheusboy','Fugazi',5),('matheusboy','Gorillaz',4),('matheusboy','Gran Torino',4),('matheusboy','Minutemen',5),('matheusboy','Pink floyd',5),('matheusboy','Planet Hemp',4),('matheusboy','Pulp Fiction',5),('matheusboy','Rage Against the Machine',5),('matheusboy','Ramones',4),('matheusboy','Rancid',4),('matheusboy','Rashomon',4),('matheusboy','Reel Big Fish',4),('matheusboy','Rise Against',3),('matheusboy','Rites of Spring',5),('matheusboy','Seven Samurai',5),('matheusboy','Sex Pistols',5),('matheusboy','Sonic Youth',5),('matheusboy','Spirited Away',5),('matheusboy','Star Wars',4),('matheusboy','Star Wars: Episode V - The Empire Strikes Back',5),('matheusboy','Star Wars: Episode VI - Return of the Jedi',3),('matheusboy','Sublime',5),('matheusboy','Sum 41',2),('matheusboy','The Beatles',5),('matheusboy','The Clash',3),('matheusboy','The Godfather',5),('matheusboy','The Great Dictator',4),('matheusboy','The Jimi Hendrix Experience',5),('matheusboy','The Police',3),('matheusboy','The Specials',4),('matheusboy','Trainspotting',5),('pedroalves','Batman Begins',4),('pedroalves','Braveheart',4),('pedroalves','District 9',3),('pedroalves','Eternal Sunshine of the Spotless Mind',1),('pedroalves','Gran Torino',2),('pedroalves','Hotel Rwanda',5),('pedroalves','Inception',3),('pedroalves','Inglourious Basterds',4),('pedroalves','Jurassic Park',3),('pedroalves','Maroon 5',5),('pedroalves','Raiders of the Lost Ark',5),('pedroalves','Rocky',5),('pedroalves','Schindler\'s List',4),('pedroalves','Star Trek',4),('pedroalves','Star Wars: Episode VI - Return of the Jedi',4),('pedroalves','The Avengers',3),('pedroalves','The Dark Knight',4),('pedroalves','The Dark Knight Rises',3),('pedroalves','The Godfather',5),('pedroalves','The Godfather: Part II',5),('pedroalves','The Lord of the Rings: The Fellowship of the Ring',4),('pedroalves','The Lord of the Rings: The Two Towers',4),('pedroalves','The Matrix',5),('pedroalves','The Terminator',4),('pedroalves','The Truman Show',5),('pedroalves','The Untouchables',5),('pedroalves','Toy Story',4),('pedroalves','Up',1),('pedrofigueiredo','Blind Guardian',4),('pedrofigueiredo','Deep Purple',4),('pedrofigueiredo','Dream Theater',5),('pedrofigueiredo','Fight Club',5),('pedrofigueiredo','Forrest Gump',5),('pedrofigueiredo','Guns N\' Roses',4),('pedrofigueiredo','Judas Priest',4),('pedrofigueiredo','Metallica',5),('pedrofigueiredo','Pink Floyd',4),('pedrofigueiredo','Princess Mononoke',5),('pedrofigueiredo','Queen',4),('pedrofigueiredo','Spirited Away',5),('pedrofigueiredo','The Dark Knight',5),('pedrofigueiredo','The Lion King',5),('pedrofigueiredo','The Lord of the Rings: The Fellowship of the Ring',5),('pedrofigueiredo','The Lord of the Rings: The Return of the King',5),('pedrofigueiredo','The Lord of the Rings: The Two Towers',5),('pedrofigueiredo','The Matrix',5),('pedrofigueiredo','V for Vendetta',5),('rafaelgouvea','A Clockwork Orange',5),('rafaelgouvea','Alien',5),('rafaelgouvea','Aliens',4),('rafaelgouvea','Amélie',5),('rafaelgouvea','Black Swan',5),('rafaelgouvea','Blade Runner',4),('rafaelgouvea','Cinema Paradiso',5),('rafaelgouvea','City Lights',5),('rafaelgouvea','City of God',4),('rafaelgouvea','Deep purple',5),('rafaelgouvea','Dire straits',5),('rafaelgouvea','Django Unchained',4),('rafaelgouvea','Donnie Darko',5),('rafaelgouvea','Eluveitie',5),('rafaelgouvea','Fight Club',5),('rafaelgouvea','Finding Nemo',4),('rafaelgouvea','Flogging molly',4),('rafaelgouvea','Forrest Gump',5),('rafaelgouvea','Full Metal Jacket',5),('rafaelgouvea','Gladiator',4),('rafaelgouvea','Gogol bordello',4),('rafaelgouvea','Goodfellas',5),('rafaelgouvea','Gorillaz',5),('rafaelgouvea','Iced earth',4),('rafaelgouvea','Inception',4),('rafaelgouvea','Inglourious Basterds',5),('rafaelgouvea','Into the Wild',5),('rafaelgouvea','Jaws',5),('rafaelgouvea','Jurassic Park',5),('rafaelgouvea','Kill Bill: Vol. 1',5),('rafaelgouvea','Korpiklaani',4),('rafaelgouvea','Legiao Urbana',4),('rafaelgouvea','Léon: The Professional',4),('rafaelgouvea','Life of Brian',5),('rafaelgouvea','Manowar',4),('rafaelgouvea','Memento',5),('rafaelgouvea','Metallica',5),('rafaelgouvea','Monty Python and the Holy Grail',5),('rafaelgouvea','My Neighbor Totoro',4),('rafaelgouvea','Once Upon a Time in America',5),('rafaelgouvea','Os mutantes',5),('rafaelgouvea','Pan\'s Labyrinth',3),('rafaelgouvea','Pink floyd',5),('rafaelgouvea','Platoon',4),('rafaelgouvea','Psycho',5),('rafaelgouvea','Pulp Fiction',5),('rafaelgouvea','Requiem for a Dream',5),('rafaelgouvea','Reservoir Dogs',5),('rafaelgouvea','Saving Private Ryan',4),('rafaelgouvea','Shutter Island',4),('rafaelgouvea','Snatch',5),('rafaelgouvea','Spirited Away',5),('rafaelgouvea','Stand by Me',4),('rafaelgouvea','The Dark Knight',4),('rafaelgouvea','The Good, the Bad and the Ugly',5),('rafaelgouvea','The Great Dictator',5),('rafaelgouvea','The Hobbit: An Unexpected Journey',5),('rafaelgouvea','The Lion King',5),('rafaelgouvea','The Lord of the Rings: The Fellowship of the Ring',5),('rafaelgouvea','The Lord of the Rings: The Return of the King',5),('rafaelgouvea','The Lord of the Rings: The Two Towers',5),('rafaelgouvea','The Matrix',5),('rafaelgouvea','The Prestige',4),('rafaelgouvea','The Runaways',5),('rafaelgouvea','The Silence of the Lambs',4),('rafaelgouvea','The Truman Show',5),('rafaelgouvea','The Untouchables',4),('rafaelgouvea','Tool ',5),('rafaelgouvea','Toy Story',5),('rafaelgouvea','Trainspotting',5),('rafaelgouvea','Up',5),('rafaelgouvea','V for Vendetta',5),('rafaelgouvea','WALL·E',4),('rafaelhermano','Back to the Future',5),('rafaelhermano','Django Unchained',4),('rafaelhermano','Inception',4),('rafaelhermano','Infected Mushroom',5),('rafaelhermano','Linkin Park',3),('rafaelhermano','Marilyn Manson',3),('rafaelhermano','Megadeth',4),('rafaelhermano','Rammstein',4),('rafaelhermano','Star Wars',4),('rafaelhermano','Star Wars: Episode V - The Empire Strikes Back',3),('rafaelhermano','Terminator 2: Judgment Day',5),('rafaelhermano','The Dark Knight',5),('rafaelhermano','The Godfather',4),('rafaelhermano','The Lord of the Rings: The Fellowship of the Ring',4),('rafaelhermano','The Lord of the Rings: The Return of the King',5),('rafaelhermano','The Matrix',4),('rafaelsacchi','Django Unchained',5),('rafaelsacchi','Inception',5),('rafaelsacchi','Pink floyd',5),('rafaelsacchi','The Shawshank Redemption',5),('raissamachado','American Beauty',5),('raissamachado','Arctic Monkeys',5),('raissamachado','Donnie Darko',5),('raissamachado','Fight Club',5),('raissamachado','Goodfellas',5),('raissamachado','Jurassic Park',3),('raissamachado','Memento',5),('raissamachado','One Flew Over the Cuckoo\'s Nest',5),('raissamachado','Pink Floyd',5),('raissamachado','Pulp Fiction',5),('raissamachado','Queens of the Stone Age',5),('raissamachado','Requiem for a Dream',5),('raissamachado','Schindler\'s List',5),('raissamachado','Snatch',5),('raissamachado','The Black Keys',5),('raissamachado','The Godfather',5),('raissamachado','The Hobbit: An Unexpected Journey',3),('raissamachado','The Intouchables',5),('raissamachado','The Shawshank Redemption',5),('raissamachado','The Silence of the Lambs',5),('raphaelsantos','The Lord of the Rings: The Return of the King',5),('renanfujii','Bon Jovi',3),('renanfujii','City of God',3),('renanfujii','Coldplay',4),('renanfujii','Creed',2),('renanfujii','Dream Theater',4),('renanfujii','Finding Nemo',4),('renanfujii','Foo Fighters',3),('renanfujii','Forrest Gump',2),('renanfujii','Goo goo dolls',3),('renanfujii','Linkin park',3),('renanfujii','Maroon 5',2),('renanfujii','Rocky',5),('renanfujii','System of a Down',4),('renanfujii','Terminator 2: Judgment Day',3),('renanfujii','The Avengers',5),('renanfujii','The Green Mile',5),('renanfujii','The Matrix',5),('renanfujii','The Shawshank Redemption',4),('renanfujii','Up',3),('renatovargas','A Beautiful Mind',5),('renatovargas','Arctic Monkeys',4),('renatovargas','Beat Crusaders',3),('renatovargas','Blind guardian',4),('renatovargas','Fight Club',3),('renatovargas','Gladiator',3),('renatovargas','Inception',4),('renatovargas','Maroon 5',3),('renatovargas','Matchbox Twenty',5),('renatovargas','Paramore',4),('renatovargas','Red Hot Chili Peppers',5),('renatovargas','The Avengers',4),('renatovargas','The Hobbit: An Unexpected Journey',4),('renatovargas','The Lion King',4),('renatovargas','The Truman Show',5),('renatovargas','Toy Story',5),('renatovargas','Toy Story 3',4),('renatovargas','Up',5),('thiagobalbo','Aerosmith',5),('thiagobalbo','Avenged sevenfold',4),('thiagobalbo','Batman Begins',5),('thiagobalbo','Bon jovi',5),('thiagobalbo','Braveheart',5),('thiagobalbo','Forrest Gump',5),('thiagobalbo','Gladiator',5),('thiagobalbo','Inception',5),('thiagobalbo','Pirates of the Caribbean: The Curse of the Black P',5),('thiagobalbo','Sublime',4),('thiagobalbo','The Departed',4),('thiagobalbo','The killers',4),('thiagobalbo','The King\'s Speech',5),('thiagobalbo','The Lord of the Rings: The Fellowship of the Ring',5),('thiagobalbo','The Lord of the Rings: The Two Towers',5),('thiagobalbo','The Matrix',5),('thiagobalbo','U2',5),('thiagobalbo','V for Vendetta',5),('thiagopires','Batman Begins',5),('thiagopires','Creedence Clearwater Revival',5),('thiagopires','Fight Club',5),('thiagopires','Gladiator',5),('thiagopires','Harry Potter and the Deathly Hallows: Part 2',4),('thiagopires','Metallica',5),('thiagopires','Pink Floyd',5),('thiagopires','Pirates of the Caribbean: The Curse of the Black P',4),('thiagopires','Red Hot Chili Peppers',5),('thiagopires','The Dark Knight',5),('thiagopires','The Godfather',5),('thiagopires','The Lion King',4),('thiagopires','The Lord of the Rings: The Fellowship of the Ring',5),('thiagopires','The Lord of the Rings: The Return of the King',5),('thiagopires','The Lord of the Rings: The Two Towers',4),('viniciusana','Alien',5),('viniciusana','Batman Begins',3),('viniciusana','Blink-182',4),('viniciusana','District 9',1),('viniciusana','Fall out boy',5),('viniciusana','Fight Club',3),('viniciusana','Finding Nemo',4),('viniciusana','Gorillaz',4),('viniciusana','Harry Potter and the Deathly Hallows: Part 2',4),('viniciusana','How to Train Your Dragon',2),('viniciusana','Inglourious Basterds',5),('viniciusana','Jurassic Park',5),('viniciusana','Kill Bill: Vol. 1',3),('viniciusana','Life of Pi',3),('viniciusana','Pirates of the Caribbean: The Curse of the Black P',5),('viniciusana','Queen',4),('viniciusana','Red Hot Chili Peppers',5),('viniciusana','Smash Mouth',5),('viniciusana','Sum 41',3),('viniciusana','The Avengers',5),('viniciusana','The Dark Knight',4),('viniciusana','The Dark Knight Rises',4),('viniciusana','The Exorcist',2),('viniciusana','The Hobbit: An Unexpected Journey',3),('viniciusana','The Lion King',5),('viniciusana','The Lord of the Rings: The Return of the King',4),('viniciusana','The Lord of the Rings: The Two Towers',4),('viniciusana','The Perks of Being a Wallflower',5),('viniciusana','The Truman Show',4),('viniciusana','Toy Story',3),('viniciusana','Toy Story 3',5),('viniciusana','Train',4),('viniciusana','WALL·E',3),('viniciussantos','Blade Runner',4),('viniciussantos','Forrest Gump',5),('viniciussantos','Metropolis',5),('viniciussantos','Monsters, Inc.',4),('viniciussantos','Pirates of the Caribbean: The Curse of the Black P',5),('viniciussantos','Slumdog Millionaire',4),('viniciussantos','The Hobbit: An Unexpected Journey',5),('viniciussantos','The Lion King',5),('viniciussantos','The Lord of the Rings: The Fellowship of the Ring',4),('viniciussantos','The Lord of the Rings: The Return of the King',5),('viniciussantos','The Lord of the Rings: The Two Towers',4),('viniciussantos','The Truman Show',5),('viniciussantos','V for Vendetta',4);
/*!40000 ALTER TABLE `like` ENABLE KEYS */;
UNLOCK TABLES;

--
-- Table structure for table `movie`
--

DROP TABLE IF EXISTS `movie`;
/*!40101 SET @saved_cs_client     = @@character_set_client */;
/*!40101 SET character_set_client = utf8 */;
CREATE TABLE `movie` (
  `name` varchar(50) NOT NULL,
  `plot` varchar(500) NOT NULL,
  `IMDBrating` float NOT NULL,
  `IMDBvotes` int(11) NOT NULL,
  PRIMARY KEY (`name`),
  CONSTRAINT `movie_ibfk_1` FOREIGN KEY (`name`) REFERENCES `culturalAct` (`name`) ON DELETE CASCADE ON UPDATE CASCADE
) ENGINE=InnoDB DEFAULT CHARSET=utf8;
/*!40101 SET character_set_client = @saved_cs_client */;

--
-- Dumping data for table `movie`
--

LOCK TABLES `movie` WRITE;
/*!40000 ALTER TABLE `movie` DISABLE KEYS */;
INSERT INTO `movie` VALUES ('2001: A Space Odyssey','Humanity finds a mysterious, obviously artificial, object buried beneath the Lunar surface and, with the intelligent computer H.A.L. 9000, sets off on a quest.',8.4,248),('A Beautiful Mind','After a brilliant but asocial mathematician accepts secret work in cryptography, his life takes a turn to the nightmarish.',8.1,300),('A Clockwork Orange','In future Britain, charismatic delinquent Alex DeLarge is jailed and volunteers for an experimental aversion therapy developed by the government in an effort to solve society\'s crime problem... but not all goes to plan.',8.5,321),('A Fistful of Dollars','A wandering gunfighter plays two rival families against each other in a town torn apart by greed, pride, and revenge.',8,71),('Alien','The crew of a commercial deep space mining ship, investigating a suspected S.O.S., lands on a distant planet and discovers a nest of strange eggs.',8.5,322),('Aliens','The planet from \'Alien\' has been colonized, but contact is lost. This time, the rescue team has impressive firepower, but will it be enough?',8.5,292),('Amélie','Amelie, an innocent and naive girl in Paris, with her own sense of justice, decides to help those around her and along the way, discovers love.',8.5,318),('American Beauty','Lester Burnham, a depressed suburban father in a mid-life crisis, decides to turn his hectic life around after developing an infatuation for his daughter\'s attractive friend.',8.5,500),('American History X','A former neo-nazi skinhead tries to prevent his younger brother from going down the same wrong path that he did.',8.6,439),('Apocalypse Now','During the U.S.-Viet Nam War, Captain Willard is sent on a dangerous mission into Cambodia to assassinate a renegade colonel who has set himself up as a god among a local tribe.',8.6,279),('Back to the Future','A teenager is accidentally sent 30 years into the past in a time-traveling DeLorean invented by his friend, Dr. Emmett Brown, and must make sure his high-school-age parents unite in order to save his own existence.',8.5,384),('Batman Begins','After training with his mentor, Batman begins his war on crime to free the crime-ridden Gotham City from corruption that the Scarecrow and the League of Shadows have cast upon it.',8.3,546),('Black Swan','A ballet dancer wins the lead in \'Swan Lake\' and is perfect for the role of the delicate White Swan - Princess Odette - but slowly loses her mind as she becomes more and more like Odile, the Black Swan.',8.1,330),('Blade Runner','Deckard, a blade runner, has to track down and terminate 4 replicants who hijacked a ship in space and have returned to Earth seeking their maker.',8.3,296),('Braveheart','When his secret bride is executed for assaulting an English soldier whom tried to rape her, a commoner begins a revolt and leads Scottish warriors against the cruel English tyrant who rules Scotland with an iron-fist.',8.4,432),('Butch Cassidy and the Sundance Kid','Two Western bank/train robbers flee to Bolivia when the law gets too close.',8.2,92),('Cinema Paradiso','A filmmaker recalls his childhood, when he fell in love with the movies at his village\'s theater and formed a deep friendship with the theater\'s projectionist.',8.4,82),('Citizen Kane','Following the death of a publishing tycoon, news reporters scramble to discover the meaning of his final utterance.',8.5,198),('City Lights','The Tramp struggles to help a blind flower girl he has fallen in love with.',8.6,55),('City of God','Two boys growing up in a violent neighborhood of Rio de Janeiro take different paths: one becomes a photographer, the other a drug dealer.',8.7,312),('Die Hard','John McClane, officer of the NYPD, tries to save wife Holly Gennaro and several others, taken hostage by German terrorist Hans Gruber during a Christmas party at the Nakatomi Plaza in Los Angeles.',8.3,353),('District 9','An extraterrestrial race forced to live in slum-like conditions on Earth suddenly finds a kindred spirit in a government agent who is exposed to their biotechnology.',8,337),('Django Unchained','With the help of a German bounty hunter, a freed slave sets out to rescue his wife from a brutal Mississippi plantation owner.',8.6,302),('Donnie Darko','A troubled teenager is plagued by visions of a large bunny rabbit that manipulates him to commit a series of crimes, after narrowly escaping a bizarre accident.',8.1,361),('Dr. Strangelove or: How I Learned to Stop Worrying','An insane general starts a process to nuclear holocaust that a war room of politicians and generals frantically try to stop.',8.6,228),('Eternal Sunshine of the Spotless Mind','A couple undergo a procedure to erase each other from their memories when their relationship turns sour, but it is only through the process of loss that they discover what they had to begin with.',8.4,397),('Fight Club','An insomniac office worker looking for a way to change his life crosses paths with a devil-may-care soap maker and they form an underground fight club that evolves into something much, much more...',8.9,727),('Finding Nemo','After his son is captured in the Great Barrier Reef and taken to Sydney, a timid clownfish sets out on a journey to bring him home.',8.1,356),('For a Few Dollars More','Two bounty hunters with the same intentions, team up to track down a Western outlaw.',8.3,84),('Forrest Gump','Forrest Gump, while not intelligent, has accidentally been present at many historic moments, but his true love, Jenny Curran, eludes him.',8.7,631),('Full Metal Jacket','A pragmatic U.S. Marine observes the dehumanizing effects the Vietnam War has on his fellow Marine recruits from their brutal boot camp training to the bloody street fighting set in 1968 in Hue, Vietnam.',8.4,273),('Gandhi','Biography of Mohandas K. Gandhi, the lawyer who became the famed leader of the Indian revolts against the British rule through his philosophy of non-violent protest.',8.1,97),('Gladiator','When a Roman general is betrayed and his family murdered by an emperor\'s corrupt son, he comes to Rome as a gladiator to seek revenge.',8.5,534),('Goodfellas','Henry Hill and his friends work their way up through the mob hierarchy.',8.8,415),('Gran Torino','Disgruntled Korean War vet Walt Kowalski sets out to reform his neighbor, a young Hmong teenager, who tried to steal Kowalski\'s prized possession: his 1972 Gran Torino.',8.2,325),('Grave of the Fireflies','A tragic film covering a young boy and his little sister\'s struggle to survive in Japan during World War II.',8.4,66),('Harry Potter and the Deathly Hallows: Part 2','Harry, Ron and Hermione search for Voldemort\'s remaining Horcruxes in their effort to destroy the Dark Lord.',8.1,265),('Hotel Rwanda','The true-life story of Paul Rusesabagina, a hotel manager who housed over a thousand Tutsi refugees during their struggle against the Hutu militia in Rwanda.',8.2,163),('How to Train Your Dragon','A hapless young Viking who aspires to hunt dragons becomes the unlikely friend of a young dragon himself, and learns there may be more to the creatures than he assumed.',8.2,210),('Inception','A skilled extractor is offered a chance to regain his old life as payment for a task considered to be impossible.',8.8,748),('Indiana Jones and the Last Crusade','When Dr. Henry Jones Sr. suddenly goes missing while pursuing the Holy Grail, eminent archaeologist Indiana Jones must follow in his father\'s footsteps and stop the Nazis.',8.3,301),('Infernal Affairs','A story between a mole in the police department and an undercover cop. Their objectives are the same: to find out who is the mole, and who is the cop.',8.1,57),('Inglourious Basterds','In Nazi-occupied France during World War II, a plan to assassinate Nazi leaders by a group of Jewish U.S. soldiers coincides with a theatre owner\'s vengeful plans for the same.',8.3,446),('Into the Wild','After graduating from Emory University, top student and athlete Christopher McCandless abandons his possessions, gives his entire $24,000 savings account to charity and hitchhikes to Alaska to live in the wilderness. Along the way, Christopher encounters a series of characters that shape his life.',8.2,231),('Ip Man','A semi-biographical account of Yip Man, the first martial arts master to teach the Chinese martial art of Wing Chun.',8.1,71),('Jaws','When a gigantic great white shark begins to menace the small island community of Amity, a police chief, a marine scientist and grizzled fisherman set out to stop it.',8.2,238),('Jurassic Park','During a preview tour, a theme park suffers a major power breakdown that allows its cloned dinosaur exhibits to run amok.',8,297),('Kill Bill: Vol. 1','The Bride wakens from a four-year coma. The child she carried in her womb is gone. Now she must wreak vengeance on the team of assassins who betrayed her - a team she was once part of.',8.2,427),('L.A. Confidential','As corruption grows in 1950s LA, three policemen - the straight-laced, the brutal, and the sleazy - investigate a series of murders with their own brand of justice.',8.4,266),('Léon: The Professional','A professional assassin rescues a teenage girl whose parents were killed in a police raid.',8.6,404),('Life of Brian','Brian is born on the original Christmas, in the stable next door. He spends his life being mistaken for a messiah.',8.1,165),('Life of Pi','A young man who survives a disaster at sea is hurtled into an epic journey of adventure and discovery. While cast away, he forms an unexpected connection with another survivor: a fearsome Bengal tiger.',8.1,173),('Memento','A man, suffering from short-term memory loss, uses notes and tattoos to hunt for the man he thinks killed his wife.',8.6,503),('Metropolis','In a futuristic city sharply divided between the working class and the city planners, the son of the city\'s mastermind falls in love with a working class prophet who predicts the coming of a savior to mediate their differences.',8.4,67),('Million Dollar Baby','A determined woman works with a hardened boxing trainer to become a professional.',8.1,270),('Monsters, Inc.','Monsters generate their city\'s power by scaring children, but they are terribly afraid themselves of being contaminated by children, so when one enters Monstropolis, top scarer Sulley finds his world disrupted.',8,282),('Monty Python and the Holy Grail','King Arthur and his knights embark on a low-budget search for the Grail, encountering many very silly obstacles.',8.4,241),('My Neighbor Totoro','When two girls move to the country to be near their ailing mother, they have adventures with the wonderous forest spirits who live nearby.',8.2,75),('Mystic River','With a childhood tragedy that overshadowed their lives, three men are reunited by circumstance when one loses a daughter.',8,228),('No Country for Old Men','Violence and mayhem ensue after a hunter stumbles upon a drug deal gone wrong and more than two million dollars in cash near the Rio Grande.',8.2,357),('Once Upon a Time in America','A former Prohibition-era Jewish gangster returns to the Lower East Side of Manhattan over thirty years later, where he once again must confront the ghosts and regrets of his old life.',8.4,130),('One Flew Over the Cuckoo\'s Nest','Upon admittance to a mental institution, a brash rebel rallies the patients to take on the oppressive head nurse, a woman he views as more dictator than nurse.',8.8,402),('Pan\'s Labyrinth','In the fascist Spain of 1944, the bookish young stepdaughter of a sadistic army officer escapes into an eerie but captivating fantasy world.',8.3,280),('Pirates of the Caribbean: The Curse of the Black P','Blacksmith Will Turner teams up with eccentric pirate \'Captain\' Jack Sparrow to save his love, the governor\'s daughter, from Jack\'s former pirate allies, who are now undead.',8,462),('Platoon','A young recruit in Vietnam faces a moral crisis when confronted with the horrors of war and the duality of man.',8.2,182),('Princess Mononoke','On a journey to find the cure for a Tatarigami\'s curse, Ashitaka finds himself in the middle of a war between the forest gods and Tatara, a mining colony. In this quest he also meets San, the Mononoke Hime.',8.4,120),('Psycho','A thirty-something secretary steals $40,000 from her employer\'s client, and subsequently encounters a young motel proprietor too long under the domination of his mother.',8.6,242),('Pulp Fiction','The lives of two mob hit men, a boxer, a gangster\'s wife, and a pair of diner bandits intertwine in four tales of violence and redemption.',9,740),('Raiders of the Lost Ark','Archeologist and adventurer Indiana Jones is hired by the US government to find the Ark of the Covenant before the Nazis.',8.7,400),('Ran','An elderly lord abdicates to his three sons, and the two corrupt ones turn against him.',8.3,50),('Rashomon','A heinous crime and its aftermath are recalled from differing points of view.',8.4,62),('Ratatouille','With dreams of becoming a chef, a culinary genius in the form of a rat, makes an unusual alliance with a young kitchen worker at a famed restaurant.',8,278),('Requiem for a Dream','The drug-induced utopias of four Coney Island individuals are shattered when their addictions become stronger.',8.4,339),('Reservoir Dogs','After a simple jewelery heist goes terribly wrong, the surviving criminals begin to suspect that one of them is a police informant.',8.4,374),('Rocky','A small time boxer gets a once in a lifetime chance to fight the heavyweight champ in a bout in which he strives to go the distance for his self-respect.',8.1,197),('Saving Private Ryan','Following the Normandy Landings, a group of U.S. soldiers go behind enemy lines to retrieve a paratrooper whose brothers have been killed in action.',8.6,491),('Scarface','In 1980 Miami, a determined Cuban immigrant takes over a drug cartel while succumbing to greed.',8.3,305),('Schindler\'s List','In Poland during World War II, Oskar Schindler gradually becomes concerned for his Jewish workforce after witnessing their persecution by the Nazis.',8.9,488),('Se7en','Two detectives, a rookie and a veteran, hunt a serial killer who uses the seven deadly sins as his modus operandi.',8.7,558),('Seven Samurai','A poor village under attack by bandits recruits seven unemployed samurai to help them defend themselves.',8.8,148),('Shutter Island','Drama set in 1954, U.S. Marshal Teddy Daniels is investigating the disappearance of a murderess who escaped from a hospital for the criminally insane and is presumed to be hiding nearby.',8,375),('Sin City','A film that explores the dark and miserable town, Basin City, and tells the story of three different people, all caught up in violent corruption.',8.2,422),('Slumdog Millionaire','A Mumbai teen who grew up in the slums, becomes a contestant on the Indian version of \'Who Wants To Be A Millionaire?\' He is arrested under suspicion of cheating, and while being interrogated, events from his life history are shown which explain why he knows the answers.',8.1,381),('Snatch','Unscrupulous boxing promoters, violent bookmakers, a Russian gangster, incompetent amateur robbers, and supposedly Jewish jewelers fight to track down a priceless stolen diamond.',8.3,349),('Spirited Away','In the middle of her family\'s move to the suburbs, a sullen 10-year-old girl wanders into a world ruled by gods, witches, and monsters; where humans are changed into animals; and a bathhouse for these creatures.',8.6,213),('Stand by Me','After the death of a friend, a writer recounts a boyhood journey to find the body of a missing boy.',8.1,162),('Star Trek','The brash James T. Kirk tries to live up to his father\'s legacy with Mr. Spock keeping him in check as a vengeful, time-traveling Romulan creates black holes to destroy the Federation one planet at a time.',8,296),('Star Wars','Luke Skywalker, a spirited farm boy, joins rebel forces to save Princess Leia from the evil Darth Vader, and the galaxy from the Empire\'s planet-destroying Death Star.',8.8,525),('Star Wars: Episode V - The Empire Strikes Back','As Luke trains with Master Yoda to become a Jedi Knight, his friends evade the Imperial fleet under the command of Darth Vader who is obsessed with turning Skywalker to the Dark Side of the Force.',8.8,469),('Star Wars: Episode VI - Return of the Jedi','After rescuing Han Solo from the palace of Jabba the Hutt, the Rebels attempt to destroy the Second Death Star, while Luke Skywalker tries to bring his father back to the Light Side of the Force.',8.4,367),('Taxi Driver','A mentally unstable Vietnam war veteran works as a nighttime taxi driver in New York City where the perceived decadence and sleaze feeds his urge to violently lash out, attempting to save a teenage prostitute in the process.',8.5,288),('Terminator 2: Judgment Day','The cyborg who once tried to kill Sarah Connor is dead, and another T-101 must now protect her teenage son, John Connor, from an even more powerful and advanced Terminator, the T-1000.',8.6,429),('The Avengers','Nick Fury of S.H.I.E.L.D. brings together a team of super humans to form The Avengers to help save the Earth from Loki and his army.',8.3,490),('The Big Lebowski','\'Dude\' Lebowski, mistaken for a millionaire Lebowski, seeks restitution for his ruined rug and enlists his bowling buddies to help get it.',8.2,312),('The Bourne Ultimatum','Jason Bourne dodges a ruthless CIA official and his agents from a new assassination program while searching for the origins of his life as a trained killer.',8.1,291),('The Dark Knight','When Batman, Gordon and Harvey Dent launch an assault on the mob, they let the clown out of the box, the Joker, bent on turning Gotham on itself and bringing any heroes down to his level.',9,930),('The Dark Knight Rises','Eight years on, a new evil rises from where the Batman and Commissioner Gordon tried to bury it, causing the Batman to resurface and fight to protect Gotham City... the very city which brands him an enemy.',8.6,586),('The Deer Hunter','An in-depth examination of the way that the Vietnam war affects the lives of people in a small industrial town in the USA.',8.2,147),('The Departed','An undercover state cop who infiltrated a Mafia clan and a mole in the police force working for the same mob race to track down and identify each other before being exposed to the enemy, after both sides realize their outfit has a rat.',8.5,482),('The Exorcist','When a teenage girl is possessed by a mysterious entity, her mother seeks the help of two priests to save her daughter.',8,190),('The Godfather','The aging patriarch of an organized crime dynasty transfers control of his clandestine empire to his reluctant son.',9.2,680),('The Godfather: Part II','The early life and career of Vito Corleone in 1920s New York is portrayed while his son, Michael, expands and tightens his grip on his crime syndicate stretching from Lake Tahoe, Nevada to pre-revolution 1958 Cuba.',9.1,438),('The Good, the Bad and the Ugly','A bounty hunting scam joins two men in an uneasy alliance against a third in a race to find a fortune in gold buried in a remote cemetery.',9,289),('The Great Dictator','Dictator Adenoid Hynkel has a doppelganger, a poor but kind Jewish barber living in the slums, who one day is mistaken for Hynkel.',8.5,69),('The Green Mile','The lives of guards on Death Row are affected by one of their charges: a black man accused of child murder and rape, yet who has a mysterious gift.',8.5,394),('The Hobbit: An Unexpected Journey','A younger and more reluctant Hobbit, Bilbo Baggins, sets out on an \'unexpected journey\' to the Lonely Mountain with a spirited group of Dwarves to reclaim their stolen mountain home from a dragon named Smaug.',8.2,289),('The Intouchables','After he becomes a quadriplegic from a paragliding accident, an aristocrat hires a young man from the projects to be his caretaker.',8.5,178),('The King\'s Speech','The story of King George VI of Britain, his impromptu ascension to the throne and the speech therapist who helped the unsure monarch become worthy of it.',8.1,254),('The Lion King','Tricked into thinking he killed his father, a guilt ridden lion cub flees into exile and abandons his identity as the future King.',8.4,316),('The Lord of the Rings: The Fellowship of the Ring','A meek hobbit of The Shire and eight companions set out on a journey to Mount Doom to destroy the One Ring and the dark lord Sauron.',8.8,704),('The Lord of the Rings: The Return of the King','Gandalf and Aragorn lead the World of Men against Sauron\'s army to draw his gaze from Frodo and Sam as they approach Mount Doom with the One Ring.',8.9,687),('The Lord of the Rings: The Two Towers','While Frodo and Sam edge closer to Mordor with the help of the shifty Gollum, the divided fellowship makes a stand against Sauron\'s new ally, Saruman, and his hordes of Isengard.',8.7,617),('The Matrix','A computer hacker learns from mysterious rebels about the true nature of his reality and his role in the war against its controllers.',8.7,694),('The Perks of Being a Wallflower','An introvert freshman is taken under the wings of two seniors who welcome him to the real world.',8.1,117),('The Pianist','A Polish Jewish musician struggles to survive the destruction of the Warsaw ghetto of World War II.',8.5,264),('The Prestige','The rivalry between two magicians is exacerbated when one of them performs the ultimate illusion.',8.4,438),('The Seventh Seal','A man seeks answers about life, death, and the existence of God as he plays chess against the Grim Reaper during the Black Plague.',8.3,66),('The Shawshank Redemption','Two imprisoned men bond over a number of years, finding solace and eventual redemption through acts of common decency.',9.3,956),('The Shining','A family heads to an isolated hotel for the winter where an evil and spiritual presence influences the father into violence, while his psychic son sees horrific forebodings from the past and of the future.',8.5,338),('The Silence of the Lambs','A young FBI cadet must confide in an incarcerated and manipulative killer to receive his help on catching another serial killer who skins his victims.',8.7,465),('The Sixth Sense','A boy who communicates with spirits that don\'t know they\'re dead seeks the help of a disheartened child psychologist.',8.2,427),('The Terminator','A robotic assassin from a post-apocalyptic future travels back in time to eliminate a waitress, whose son will grow up and lead humanity in a war against machines.',8.1,338),('The Truman Show','An insurance salesman/adjuster discovers his entire life is actually a TV show.',8,353),('The Untouchables','Federal Agent Eliot Ness sets out to stop Al Capone; because of rampant corruption, he assembles a small, hand-picked team.',8,148),('The Wizard of Oz','Dorothy Gale is swept away to a magical land in a tornado and embarks on a quest to see the Wizard who can help her return home.',8.2,171),('There Will Be Blood','A story about family, greed, religion, and oil, centered around a turn-of-the-century prospector in the early days of the business.',8.1,227),('To Kill a Mockingbird','Atticus Finch, a lawyer in the Depression-era South, defends a black man against an undeserved rape charge, and his kids against prejudice.',8.4,129),('Toy Story','A cowboy doll is profoundly threatened and jealous when a new spaceman figure supplants him as top toy in a boy\'s room.',8.3,323),('Toy Story 3','The toys are mistakenly delivered to a day-care center instead of the attic right before Andy leaves for college, and it\'s up to Woody to convince the other toys that they weren\'t abandoned and to return home.',8.5,284),('Trainspotting','Renton, deeply immersed in the Edinburgh drug scene, tries to clean up and get out, despite the allure of the drugs and influence of friends.',8.2,277),('Twelve Monkeys','In a future world devastated by disease, a convict is sent back in time to gather information about the man-made virus that wiped out most of the human population on the planet.',8.1,284),('Unforgiven','Retired Old West gunslinger William Munny reluctantly takes on one last job, with the help of his old partner and a young man.',8.3,171),('Up','By tying thousands of balloons to his home, 78-year-old Carl sets out to fulfill his lifelong dream to see the wilds of South America. Russell, a wilderness explorer 70 years younger, inadvertently becomes a stowaway.',8.3,324),('V for Vendetta','A shadowy freedom fighter known only as \'V\' uses terrorist tactics to fight against his totalitarian society. Upon rescuing a girl from the secret police, he also finds his best chance at having an ally.',8.2,451),('Vertigo','A retired San Francisco detective suffering from acrophobia investigates the strange activities of an old friend\'s much-younger wife, all the while becoming dangerously obsessed with her.',8.5,146),('WALL·E','In the distant future, a small waste collecting robot inadvertently embarks on a space journey that will ultimately decide the fate of mankind.',8.5,381),('Warrior','The youngest son of an alcoholic former boxer returns home, where he\'s trained by his father for competition in a mixed martial arts tournament - a path that puts the fighter on a collision corner with his older brother.',8.2,163),('Yojimbo','A crafty ronin comes to a town divided by two criminal gangs and decides to play them against each other to free the town.',8.4,45);
/*!40000 ALTER TABLE `movie` ENABLE KEYS */;
UNLOCK TABLES;

--
-- Table structure for table `musician`
--

DROP TABLE IF EXISTS `musician`;
/*!40101 SET @saved_cs_client     = @@character_set_client */;
/*!40101 SET character_set_client = utf8 */;
CREATE TABLE `musician` (
  `name` varchar(50) NOT NULL,
  PRIMARY KEY (`name`)
) ENGINE=InnoDB DEFAULT CHARSET=utf8;
/*!40101 SET character_set_client = @saved_cs_client */;

--
-- Dumping data for table `musician`
--

LOCK TABLES `musician` WRITE;
/*!40000 ALTER TABLE `musician` DISABLE KEYS */;
INSERT INTO `musician` VALUES (' China '),(' Jimmy London '),(' Jonas '),(' Mauricio Nogueira '),(' Morrissey'),(' Ross \"Ross the Boss'),('\"Rhino\"'),('Aaron Barrett'),('Ace Frehley'),('Ad-Rock'),('Adam Clayton'),('Adam Gaynor'),('Adam Jones'),('Adam Levine'),('Adam Polakoff'),('Adrian Belew'),('Adrián Terrazas-González'),('Al Anderson'),('Al Barr'),('Al Pitrelli'),('Albert Hammond, Jr.'),('Alec John Such'),('Alex James'),('Alex Turner'),('Alvin \"Seeco\" Patterson'),('Amanda Somerville'),('Amit Duvdevani'),('Amy Lee'),('Anders Hidle'),('Anders Kjølholm'),('André Gonzáles'),('André Olbrich'),('Andreas Kisser'),('Andrew Gonzales'),('Andy Anderson'),('Andy Hurley'),('Andy Nicholson'),('Andy Rourke'),('Andy Summers'),('Anette Olzon'),('Anna \'Autumns_Breath\' Murphy'),('Anne DeMarinis'),('Anne Nurmi'),('Antero Manninen'),('Anthony Kiedis'),('Apollo 9'),('Arik Marshall'),('Arin Ilejay'),('Arnaldo Baptista'),('Arthur Googy'),('Astennu'),('Aston \"Family Man\" Barrett'),('Axwell'),('B Negão'),('Bacalhau'),('Baria Qureshi'),('BC'),('Ben Guzman'),('Ben Lovett'),('Ben Moody'),('Bernie Leadon'),('Beto Mejía'),('Beyoncé'),('Bill Bruford'),('Bill Owens'),('Bill Wyman'),('Billy Conway'),('Billy Sheehan'),('Black Alien'),('Blake Fleming'),('Bob Bert'),('Bob Catley'),('Bob Klose'),('Bob Marley'),('Bob Mould'),('Bob Schmidt'),('Bobby Schayer'),('Bobby Steele'),('Bono'),('Boris Williams'),('Boyd Tinsley'),('Boz Burrell'),('Bozo Barretti'),('Brad Delson'),('Brad Shultz'),('Brad Whitford'),('Brad Wilk'),('Bradley Nowell'),('Brandon Barnes'),('Brandon Flowers'),('Brendan Canty'),('Brendan Stieneckert'),('Brendon Urie'),('Brent Smedley'),('Brent Wilson'),('Brett Gurewitz'),('Brett Reed'),('Brian Baker'),('Brian Bell'),('Brian Jones'),('Brian Keats'),('Brian Marshall'),('Brian May'),('Brian Yale'),('Bridget  Regan-King'),('Brooks Wackerman'),('Bruce Kulick'),('Bruno Medina'),('Brynjard Tristan'),('Buckethead'),('Bud Gaugh'),('Butch Taylor'),('Butch Vig'),('Byron Luiters'),('Carlos de la Garza'),('Carlton Barrett'),('Carter Beauford'),('Cass Browne'),('Cedric Bixler Zavala'),('Chad Smith'),('Charlie Colin'),('Charlie Dominici'),('Charlie Watts'),('Cherie Currie'),('Chester Bennington'),('Chloë Agnew'),('Chrigel Glanzmann'),('Chris Broderick'),('Chris Chasse'),('Chris Collins'),('Chris Cornell'),('Chris DeGarmo'),('Chris Frantz'),('Chris Martin'),('Chris Poland'),('Chris Shiflett'),('Chris Thatcher'),('Chris Wolstenholme'),('Christian Lorenz'),('Christoph Schneider'),('Chuck Behler'),('Cliff Martinez'),('Colin Greenwood'),('Country Winston'),('Craig Gannon'),('D Boon'),('D.H. Peligro'),('Dado Villa-Lobos'),('Dale Hibbert'),('Dallon Weekes'),('Dameon Ash'),('Damon Albarn'),('Dan Auerbach'),('Dan Regan'),('Dana Colley'),('Daniel Tichenor'),('Danny Carey'),('Daron Malakian'),('Darryl Jennifer'),('Dave Abell'),('Dave Abruzzese'),('Dave Baksh'),('Dave Ellefson'),('Dave Farrell'),('Dave Grohl'),('Dave Keuning'),('Dave King'),('Dave Krusen'),('Dave Lombardo'),('Dave Matthews'),('Dave Mustaine'),('Dave Navarro'),('Dave Rowntree'),('David Bryan'),('David Byrne'),('David Coverdale'),('David Gilmour'),('David Hodges'),('David Knopfler'),('David Shankle'),('Dean Fertita'),('Dee Dee Ramone'),('Deirdre Shannon'),('Dennis Casey'),('Derek Gibbs'),('Derek Sherinian'),('Derrick Green'),('Deryck Whibley'),('Dez Cadena'),('Diane DiPiazza'),('Dick Evans'),('Dijon Carruthers'),('Dinho Ouro Preto'),('Dizzy Reed'),('Dolores O\'Riordan'),('Dominic Howard'),('Don Airey'),('Don Henley'),('Donny Hamzik'),('Doug Clifford'),('Doyle Wolfgang von Frankenstein'),('Dr. Chud'),('Dr. Know'),('Duke Erikson'),('Earl \"Wire\" Lindo'),('Earl Hudson'),('Ed O\'Brien'),('Eddie Jackson'),('Eddie Janney'),('Eddie Vedder'),('Eduardo Borém'),('Eicca Toppinen'),('Einar Moen'),('Eliot Fergusen'),('Emmett Patrick Murphy'),('Emppu Vuorinen'),('Erez Aizen'),('Erez Netz'),('Eric \"Goat\" Arce'),('Eric Adams'),('Eric Carr'),('Eric Martin'),('Eric Singer'),('Eric Vismantes'),('Eric Wilson'),('Esdras Nogueira'),('Eugene Hütz'),('Eva Gardner'),('Fabio Pedroza'),('Fabrizio Moretti'),('Farrah Franklin'),('Felipe Lemos'),('Felix Bohnke'),('Fergal Lawler'),('Flávio Lemos'),('Flea'),('Floor Jansen'),('Formigão'),('Franché Coma'),('Frank Ferrer'),('Franz Gottschalk'),('Franz Stahl'),('Freddie Mercury'),('Freddie Vidales'),('Frederik Ehmke'),('Fredrik Åkesson'),('Gabriel Coaracy'),('Galder'),('Gar Samuelson'),('Gavin Harrison'),('Gavin Shoesmith'),('Gene Adam'),('Gene Simmons'),('Geoff Tate'),('George Berz'),('George Harrison'),('George Hurley'),('George Schwindt'),('Ginger Fish'),('Glen Drover'),('Glen Matlock'),('Glenn Frey'),('Glenn Hughes'),('Glenn Tipton'),('Gordon Haskell'),('Graham Coxon'),('Grant Barry'),('Grant Hart'),('Greg Camp'),('Greg Ginn'),('Greg Graffin'),('Greg Handevidt'),('Greg Hetson'),('Greg Lake'),('Greg Norton'),('Greg Seymour'),('Guy Berryman'),('Guy Fletcher'),('Guy Picciotto'),('Guy-Manuel de Homem-Christo'),('Gyri Smørdal Losnegaard'),('H.R.'),('Hal Lindes'),('Hansi Kürsch'),('Hayley Westenra'),('Hayley Williams'),('Hellhammer'),('Henry Padovani'),('Henry Rollins'),('Hillel Slovak'),('Horace Panter'),('Hunter Lamb'),('Ian Gillan'),('Ian Hill'),('Ian MacKaye'),('Ian Paice'),('Ian Stewart'),('ICS Vortex'),('Igor Cavalera'),('Isaiah Owens'),('Ivan McCormick'),('Ivo Henzi'),('Izzy Stradlin'),('J Mascis'),('Jaakko \"Hittavainen\" Lemmetty'),('Jack Irons'),('Jack Sherman'),('Jack White'),('Jackie Fox'),('Jairo Guedes'),('James Hetfield'),('James LaBrie'),('James Lomenzo'),('James Lynch'),('James MacDonough'),('James Valentine'),('Jamie Cook'),('Jamie Hewlett'),('Jamie Smith'),('Jani Hurula'),('Jani Liimatainen'),('Janne Tolsa'),('Jared Champion'),('Jarkko Aaltonen'),('Jason Cooper'),('Jason Cropper'),('Jason McCaslin'),('Jason McGann'),('Jason Sutter'),('Jay Bentley'),('Jay Reynolds'),('Jay Ziskrout'),('Jeff Ament'),('Jeff Coffin'),('Jeff DaRosa'),('Jeff Young'),('Jeremy Davis'),('Jeremy Michael Ward'),('Jerome Dupree'),('Jerry Cantrell'),('Jerry Dammers'),('Jerry Harrison'),('Jerry Only'),('Jesse Carmichael'),('Jesse Tobias'),('Jim Catania'),('Jim Conti'),('Jim O\'Rourke'),('Jim Sclavunos'),('Jim Stafford'),('Jimi Hendrix'),('Jimmy DeGrasso '),('Jimmy Sloas'),('Joan Jett'),('Joe \"Mr. Hahn\" Hahn'),('Joe Lally'),('Joe Lynn Turner'),('Joe Principe'),('Joe Satriani'),('Joe Strummer'),('Joe Trohman'),('Joe Walsh'),('Joey Castillo'),('Joey DeMaio'),('Joey Image'),('Joey Kramer'),('Joey Ramone'),('John Bradbury'),('John Butler'),('John Christianson'),('John Deacon'),('John Dolmayan'),('John Entwistle'),('John Fogerty'),('John Frusciante'),('John Greely'),('John Hembree'),('John Illsley'),('John LeCompt'),('John Lennon'),('John Myung'),('John Petrucci'),('John Rzeznik'),('John Wetton'),('Johnny Christ'),('Johnny Marr'),('Johnny Rotten'),('Jon Bon Jovi'),('Jon Larsen'),('Jon Lord'),('Jon Theodore'),('Jon Walker'),('Jonne Järvelä'),('Jonny Buckland'),('Jonny Greenwood'),('Jordan Rudess'),('Jorn Lande'),('Josef Quinteros'),('Josh Farro'),('Josh Homme'),('Josh Klinghoffer'),('Juan Alderete'),('Judy Mowatt'),('Juho \"JuhoKusti\" Kauppinen'),('Jukka Koskinen'),('Jukka Nevalainen'),('Julian Casablancas'),('Junior Marvin'),('Justin Chancellor'),('Justin Ferreira'),('Justin Meacham'),('K.K. Downing'),('Kalle \"Cane\" Savijärvi'),('Karl Logan'),('Keith Levene'),('Keith Menser'),('Keith Moon'),('Keith Morris'),('Keith Richards'),('Kelly Gray'),('Kelly Rowland'),('Kenneth Olsson'),('Kerry King'),('Kevin Moore'),('Kim Gordon'),('Kirk Hammett'),('Kjetil Ingebrethsen'),('Kjetil Nordhus'),('Kyle Cook'),('Larry Mullen, Jr.'),('Larry Tarnowski'),('Lars Frederiksen'),('Lars Ulrich'),('LaTavia Roberson'),('Laurie McAllister'),('Layne Staley'),('Lee Ranaldo'),('Lee Rausch'),('Leonardo Bursztyn'),('LeRoi Moore'),('LeToya'),('Lincoln Paris'),('Lisa Kelly'),('Lisa Lambe'),('Lisa Smith'),('Lita Ford'),('Lol Tolhurst'),('Loro Jones'),('Lou Barlow'),('Lynval Golding'),('M. Shadows'),('Madonna \'Pogo\' Wayne Gacy'),('Magne Furuholmen'),('Máiréad Nesbitt'),('Mako H.'),('Manny Martínez'),('Marc Orrell'),('Marcel Rodríguez-Lopez'),('Marcelo Bonfá'),('Marcelo Camelo'),('Marcelo D2'),('Marcia Griffiths'),('Marco Hietala'),('Marcus Mumford'),('Marcus Siepen'),('Mariangela Demurtas'),('Mark Hoppus'),('Mark Ibold'),('Mark Knopfler'),('Mark Prator'),('Mark Sandman'),('Mark Stoermer'),('Mark Tremonti'),('Mark Wakefield'),('Marky Ramone'),('Martin Axe Axenrot'),('Martin Mendez'),('Marty Friedman'),('Matt Barlow'),('Matt Cameron'),('Matt Flynn'),('Matt Freeman'),('Matt Helders'),('Matt Hensley'),('Matt Sharp'),('Matt Shultz'),('Matt Sorum'),('Matt Stewart'),('Matt Wendt'),('Matt Wong'),('Matthew Bellamy'),('Matthieu Hartley'),('Matti \"Matson\" Johansson'),('Max Cavalera'),('Max Lilja'),('Maynard James Keenan'),('MCA'),('Méav Ní Mhaolchatha'),('Meg White'),('Meri Tadic'),('Merlin Sutter'),('Michael Dempsey'),('Michael Giles'),('Michael Kiske'),('Michael Shuman'),('Michael Steele'),('Michael Urbano'),('Michael Wilton'),('Michale Graves'),('Michelle Williams'),('Mick Jagger'),('Mick Jones'),('Mick Taylor'),('Mickey Madden'),('Mikael Åkerfeldt'),('Mike Albert'),('Mike Brown'),('Mike D'),('Mike Fellows'),('Mike Hogan'),('Mike Inez'),('Mike Johnson'),('Mike Joyce'),('Mike Malinin'),('Mike Mangini'),('Mike McColgan'),('Mike McCready'),('Mike McGill'),('Mike Portnoy'),('Mike Shinoda'),('Mike Smith'),('Mike Starr'),('Mike Stone'),('Mike Watt'),('Mikey Welsh'),('Mikko Harkin'),('Mikko Sirén'),('Miro Rodenberg'),('Mitch Mitchell'),('Morten Harket'),('Morten Veland'),('Mr.Precision'),('Murilo Lima'),('Mustis'),('Nadav Nirenberg'),('Nate Mendel'),('Nathen Maxwell'),('Nicholas Barker'),('Nick Mason'),('Nick Menza'),('Nick O\'Malley'),('Nick Sheppard'),('Nick Valensi'),('Nicky Bomba'),('Nicky Simper'),('Nikolai Fraiture'),('Noel Hogan'),('Noel Redding'),('Ole Vistnes'),('Oliver Hartmann'),('Oliver Riedel'),('Oliver Sim'),('Omar A. Rodriguez-Lopez'),('Órla Fallon'),('Paavo Lötjönen'),('Papa Gates'),('Pat Mastelotto'),('Pat Smear'),('Pat Torpey'),('Patrick Carney'),('Patrick Laplana'),('Patrick Monahan'),('Patrick Stump'),('Patrick Wilson'),('Paul Cook'),('Paul D\'Amour'),('Paul De Lisle'),('Paul Doucette'),('Paul Gilbert'),('Paul Hinojos'),('Paul Landers'),('Paul McCartney'),('Paul Simonon'),('Paul Stanley'),('Paul Tobias'),('Paul Waaktaar-Savoy'),('Paulo Pinto'),('Paulo Rogério'),('Pecu Cinnari'),('Per Wiberg'),('Perry Bamonte'),('Perttu Kivilaakso'),('Pete Best'),('Pete Howard'),('Pete McCullaugh'),('Pete Townshend'),('Pete Wentz'),('Peter Criss'),('Peter Finestone'),('Peter Griesar'),('Peter Martin'),('Peter Sinfield'),('Phil Selway'),('Phil Thornalley'),('Pick Withers'),('Pitman'),('Porl Thompson'),('Rafael'),('Rafi Kirder (ex-member)'),('Ralph Santolla'),('Randall Shawver'),('Randy Meisner'),('Rashawn Ross'),('Reeves Gabrels'),('Richard Bateman'),('Richard Christy'),('Richard Edson'),('Richard Fortus'),('Richard Kruspe'),('Richie Blackmore'),('Richie Kotzen'),('Richie Sambora'),('Rick Barton'),('Rick Secchiari'),('Rick Wright'),('Ringo Starr'),('Rita Lee'),('Rita Marley'),('Ritchie Blackmore'),('Rivers Cuomo'),('Rob Bourdon'),('Rob Halford'),('Rob Hotchkiss'),('Rob Thomas'),('Robby Takac'),('Robert Fripp'),('Robert Quimby'),('Robert Smith'),('Robert Trujillo'),('Robin Finck'),('Robo'),('Rocky Gray'),('Rod Evans'),('Rodney Beasley'),('Rodrigo Amarante'),('Rodrigo Barba'),('Roger Daltrey'),('Roger Glover'),('Roger O\'Donnell'),('Roger Taylor'),('Roger Waters'),('Rogerio Jardim'),('Romy Madley Croft'),('Ron \"Bumblefoot\" Thal'),('Ron Reyes'),('Ronnie Vannucci Jr.'),('Ronnie Wood'),('Royce Boz Scaggs'),('Rune Østerhus'),('Ryan Dusick'),('Ryan Foltz'),('Ryan Ross'),('Ryland Steen'),('Sami Kuoppamäki'),('Sami Vänskä'),('Sandy West'),('Sascha Paeth'),('Sasha Kazatchkoff'),('Scott Columbus'),('Scott Klopfenstein'),('Scott Koziol'),('Scott Phillips'),('Scott Raynor'),('Scott Rockenfield'),('Scott Shriner'),('Scott Stapp'),('Scott Travis'),('Scott Underwood'),('Sean Kinney'),('Sebastian Claro'),('Sebastian Ingrosso'),('Sergei Riabtsev'),('Sérgio Dias'),('Serj Tankian'),('Sevan Kirder (ex-member)'),('Shagrath'),('Shajahan Matkin'),('Shavo Odadjian'),('Shawn Drover'),('Shirley Manson'),('Sid Vicious'),('Silenoz'),('Simeon Koch'),('Simon Gallup'),('Skunk'),('Slash'),('Spencer Smith'),('Spicy McHaggis'),('Stefan Lessard'),('Stephan Reed'),('Steve Angello'),('Steve DiGiorgio'),('Steve Harwell'),('Steve Jocz'),('Steve Jones'),('Steve Marker'),('Steve Miller'),('Steve Morse'),('Steve Shelley'),('Steven Adler'),('Stewart Copeland'),('Stian Aarstad'),('Sting'),('Stone Gossard'),('Stu Block'),('Stu Cook'),('Stuart Sutcliffe'),('Susan McFadden'),('Svein Terje Solvang'),('Syd Barrett'),('Synyster Gates'),('Tarald Lie'),('Tarja'),('Tarja Soile Susanna Turunen Cabuli'),('Tarja Turunen'),('Tavis Werts'),('Taylor Hawkins'),('Taylor York'),('Ted Dwayne'),('Teddy Vang'),('Terry Balsamo'),('Terry Chimes'),('Terry Hall'),('Terry Williams'),('The Edge'),('The Rev'),('Thom Yorke'),('Thomas Bangalter'),('Thomas Bredahl'),('Thomas Pridgen'),('Thomen Stauch'),('Thurston Moore'),('Tico Torres'),('Till Lindemann'),('Tilo Wolff'),('Tim \"Lint\" Armstrong'),('Tim \"Ripper\" Owens'),('Tim Brennan'),('Tim Commerford'),('Tim Davis'),('Tim McCord'),('Tim McIlrath'),('Timo Kotipelto'),('Timothy B. Schmit'),('Tina Weymouth'),('Tjodalv'),('Tobias Sammet'),('Todd Mohney'),('Tom DeLonge'),('Tom Fogerty'),('Tom Morello'),('Tom Thacker'),('Tomas Kalnoky'),('Tommy Bolin'),('Tommy Cunningham'),('Tommy Ramone'),('Tommy Stinson'),('Tommy Thayer'),('Tony Levin'),('Topper Headon'),('Travis Barker'),('Trey Gunn'),('Troy McLawhorn'),('Troy Seele'),('Troy Van Leeuwen'),('Tuomas Holopainen'),('Twiggy Ramirez'),('Tyler Jones'),('Tyrone Downie'),('Vibeke Stene'),('Vicki Blue'),('Vince White'),('Vinnie Colaiuta'),('Vlad Solofar'),('Will Champion'),('Will Hunt'),('William Boyd'),('William Duvall'),('William Goldsmith'),('Xande Bursztyn'),('Zac Farro'),('Zach Blair'),('Zach Gilltrap'),('Zachary Hietala'),('Zack de la Rocha'),('Zacky Vengeance '),('Zé Gonzales'),('Østen Bergøy'),('カトウタロウ'),('クボタマサヒコ'),('ケイタイモ'),('ヒダカトオル'),('マシータ');
/*!40000 ALTER TABLE `musician` ENABLE KEYS */;
UNLOCK TABLES;

--
-- Table structure for table `participate`
--

DROP TABLE IF EXISTS `participate`;
/*!40101 SET @saved_cs_client     = @@character_set_client */;
/*!40101 SET character_set_client = utf8 */;
CREATE TABLE `participate` (
  `musician` varchar(50) NOT NULL,
  `band` varchar(50) NOT NULL,
  PRIMARY KEY (`musician`,`band`),
  KEY `band` (`band`),
  CONSTRAINT `participate_ibfk_1` FOREIGN KEY (`musician`) REFERENCES `musician` (`name`) ON DELETE CASCADE ON UPDATE CASCADE,
  CONSTRAINT `participate_ibfk_2` FOREIGN KEY (`band`) REFERENCES `band` (`name`) ON DELETE CASCADE ON UPDATE CASCADE
) ENGINE=InnoDB DEFAULT CHARSET=utf8;
/*!40101 SET character_set_client = @saved_cs_client */;

--
-- Dumping data for table `participate`
--

LOCK TABLES `participate` WRITE;
/*!40000 ALTER TABLE `participate` DISABLE KEYS */;
INSERT INTO `participate` VALUES (' China ','Matanza'),(' Jimmy London ','Matanza'),(' Jonas ','Matanza'),(' Mauricio Nogueira ','Matanza'),(' Morrissey','The Smiths'),(' Ross \"Ross the Boss','Manowar'),('\"Rhino\"','Manowar'),('Aaron Barrett','Reel Big Fish'),('Ace Frehley','Kiss'),('Ad-Rock','Beastie Boys'),('Adam Clayton','U2'),('Adam Gaynor','Matchbox Twenty'),('Adam Jones','Tool'),('Adam Levine','Maroon 5'),('Adam Polakoff','Reel Big Fish'),('Adrian Belew','King Crimson'),('Adrián Terrazas-González','The Mars Volta'),('Al Anderson','Bob Marley & The Wailers'),('Al Barr','Dropkick Murphys'),('Al Pitrelli','Megadeth'),('Albert Hammond, Jr.','The Strokes'),('Alec John Such','Bon Jovi'),('Alex James','Blur'),('Alex Turner','Arctic Monkeys'),('Alvin \"Seeco\" Patterson','Bob Marley & The Wailers'),('Amanda Somerville','Avantasia'),('Amit Duvdevani','Infected Mushroom'),('Amy Lee','Evanescence'),('Anders Hidle','Tristania'),('Anders Kjølholm','Volbeat'),('André Gonzáles','Móveis Coloniais de Acaju'),('André Olbrich','Blind Guardian'),('Andreas Kisser','Sepultura'),('Andrew Gonzales','Reel Big Fish'),('Andy Anderson','The Cure'),('Andy Hurley','Fall Out Boy'),('Andy Nicholson','Arctic Monkeys'),('Andy Rourke','The Smiths'),('Andy Summers','The Police'),('Anette Olzon','Nightwish'),('Anna \'Autumns_Breath\' Murphy','Eluveitie'),('Anne DeMarinis','Sonic Youth'),('Anne Nurmi','Lacrimosa'),('Antero Manninen','Apocalyptica'),('Anthony Kiedis','Red Hot Chili Peppers'),('Apollo 9','Planet Hemp'),('Arik Marshall','Red Hot Chili Peppers'),('Arin Ilejay','Avenged Sevenfold'),('Arnaldo Baptista','Os Mutantes'),('Arthur Googy','Misfits'),('Astennu','Dimmu Borgir'),('Aston \"Family Man\" Barrett','Bob Marley & The Wailers'),('Axwell','Swedish House Mafia'),('B Negão','Planet Hemp'),('Bacalhau','Planet Hemp'),('Baria Qureshi','The xx'),('BC','Móveis Coloniais de Acaju'),('Ben Guzman','Reel Big Fish'),('Ben Lovett','Mumford & Sons'),('Ben Moody','Evanescence'),('Bernie Leadon','Eagles'),('Beto Mejía','Móveis Coloniais de Acaju'),('Beyoncé','Destiny\'s Child'),('Bill Bruford','King Crimson'),('Bill Owens','Iced Earth'),('Bill Wyman','The Rolling Stones'),('Billy Conway','Morphine'),('Billy Sheehan','Mr. Big'),('Black Alien','Planet Hemp'),('Blake Fleming','The Mars Volta'),('Bob Bert','Sonic Youth'),('Bob Catley','Avantasia'),('Bob Klose','Pink Floyd'),('Bob Marley','Bob Marley & The Wailers'),('Bob Mould','Hüsker Dü'),('Bob Schmidt','Flogging Molly'),('Bobby Schayer','Bad Religion'),('Bobby Steele','Misfits'),('Bono','U2'),('Boris Williams','The Cure'),('Boyd Tinsley','Dave Matthews Band'),('Boz Burrell','King Crimson'),('Bozo Barretti','Capital Inicial'),('Brad Delson','Linkin Park'),('Brad Shultz','Cage the Elephant'),('Brad Whitford','Aerosmith'),('Brad Wilk','Audioslave'),('Brad Wilk','Rage Against the Machine'),('Bradley Nowell','Sublime'),('Brandon Barnes','Rise Against'),('Brandon Flowers','The Killers'),('Brendan Canty','Fugazi'),('Brendan Canty','Rites of Spring'),('Brendan Stieneckert','Rancid'),('Brendon Urie','Panic! At the Disco'),('Brent Smedley','Iced Earth'),('Brent Wilson','Panic! At the Disco'),('Brett Gurewitz','Bad Religion'),('Brett Reed','Rancid'),('Brian Baker','Bad Religion'),('Brian Bell','Weezer'),('Brian Jones','The Rolling Stones'),('Brian Keats','Misfits'),('Brian Marshall','Creed'),('Brian May','Queen'),('Brian Yale','Matchbox Twenty'),('Bridget  Regan-King','Flogging Molly'),('Brooks Wackerman','Bad Religion'),('Bruce Kulick','Kiss'),('Bruno Medina','Los Hermanos'),('Brynjard Tristan','Dimmu Borgir'),('Buckethead','Guns N\' Roses'),('Bud Gaugh','Sublime'),('Butch Taylor','Dave Matthews Band'),('Butch Vig','Garbage'),('Byron Luiters','The John Butler Trio'),('Carlos de la Garza','Reel Big Fish'),('Carlton Barrett','Bob Marley & The Wailers'),('Carter Beauford','Dave Matthews Band'),('Cass Browne','Gorillaz'),('Cedric Bixler Zavala','The Mars Volta'),('Chad Smith','Red Hot Chili Peppers'),('Charlie Colin','Train'),('Charlie Dominici','Dream Theater'),('Charlie Watts','The Rolling Stones'),('Cherie Currie','The Runaways'),('Chester Bennington','Linkin Park'),('Chloë Agnew','Celtic Woman'),('Chrigel Glanzmann','Eluveitie'),('Chris Broderick','Megadeth'),('Chris Chasse','Rise Against'),('Chris Collins','Dream Theater'),('Chris Cornell','Audioslave'),('Chris DeGarmo','Queensrÿche'),('Chris Frantz','Talking Heads'),('Chris Martin','Coldplay'),('Chris Poland','Megadeth'),('Chris Shiflett','Foo Fighters'),('Chris Thatcher','Streetlight Manifesto'),('Chris Wolstenholme','Muse'),('Christian Lorenz','Rammstein'),('Christoph Schneider','Rammstein'),('Chuck Behler','Megadeth'),('Cliff Martinez','Red Hot Chili Peppers'),('Colin Greenwood','Radiohead'),('Country Winston','Mumford & Sons'),('Craig Gannon','The Smiths'),('D Boon','Minutemen'),('D.H. Peligro','Red Hot Chili Peppers'),('Dado Villa-Lobos','Legião Urbana'),('Dale Hibbert','The Smiths'),('Dallon Weekes','Panic! At the Disco'),('Dameon Ash','Avenged Sevenfold'),('Damon Albarn','Blur'),('Damon Albarn','Gorillaz'),('Dan Auerbach','The Black Keys'),('Dan Regan','Reel Big Fish'),('Dana Colley','Morphine'),('Daniel Tichenor','Cage the Elephant'),('Danny Carey','Tool'),('Daron Malakian','System of a Down'),('Darryl Jennifer','Bad Brains'),('Dave Abell','Iced Earth'),('Dave Abruzzese','Pearl Jam'),('Dave Baksh','Sum 41'),('Dave Ellefson','Megadeth'),('Dave Farrell','Linkin Park'),('Dave Grohl','Foo Fighters'),('Dave Keuning','The Killers'),('Dave King','Flogging Molly'),('Dave Krusen','Pearl Jam'),('Dave Lombardo','Apocalyptica'),('Dave Matthews','Dave Matthews Band'),('Dave Mustaine','Megadeth'),('Dave Navarro','Red Hot Chili Peppers'),('Dave Rowntree','Blur'),('David Bryan','Bon Jovi'),('David Byrne','Talking Heads'),('David Coverdale','Deep Purple'),('David Gilmour','Pink Floyd'),('David Hodges','Evanescence'),('David Knopfler','Dire Straits'),('David Shankle','Manowar'),('Dean Fertita','Queens of the Stone Age'),('Dee Dee Ramone','Ramones'),('Deirdre Shannon','Celtic Woman'),('Dennis Casey','Flogging Molly'),('Derek Gibbs','Reel Big Fish'),('Derek Sherinian','Dream Theater'),('Derrick Green','Sepultura'),('Deryck Whibley','Sum 41'),('Dez Cadena','Black Flag'),('Dez Cadena','Misfits'),('Diane DiPiazza','Misfits'),('Dick Evans','U2'),('Dijon Carruthers','Megadeth'),('Dinho Ouro Preto','Capital Inicial'),('Dizzy Reed','Guns N\' Roses'),('Dolores O\'Riordan','The Cranberries'),('Dominic Howard','Muse'),('Don Airey','Deep Purple'),('Don Henley','Eagles'),('Donny Hamzik','Manowar'),('Doug Clifford','Creedence Clearwater Revival'),('Doyle Wolfgang von Frankenstein','Misfits'),('Dr. Chud','Misfits'),('Dr. Know','Bad Brains'),('Duke Erikson','Garbage'),('Earl \"Wire\" Lindo','Bob Marley & The Wailers'),('Earl Hudson','Bad Brains'),('Ed O\'Brien','Radiohead'),('Eddie Jackson','Queensrÿche'),('Eddie Janney','Rites of Spring'),('Eddie Vedder','Pearl Jam'),('Eduardo Borém','Móveis Coloniais de Acaju'),('Eicca Toppinen','Apocalyptica'),('Einar Moen','Tristania'),('Eliot Fergusen','Gogol Bordello'),('Emmett Patrick Murphy','Dinosaur Jr.'),('Emppu Vuorinen','Nightwish'),('Erez Aizen','Infected Mushroom'),('Erez Netz','Infected Mushroom'),('Eric \"Goat\" Arce','Misfits'),('Eric Adams','Manowar'),('Eric Carr','Kiss'),('Eric Martin','Mr. Big'),('Eric Singer','Kiss'),('Eric Vismantes','Reel Big Fish'),('Eric Wilson','Sublime'),('Esdras Nogueira','Móveis Coloniais de Acaju'),('Eugene Hütz','Gogol Bordello'),('Eva Gardner','The Mars Volta'),('Fabio Pedroza','Móveis Coloniais de Acaju'),('Fabrizio Moretti','The Strokes'),('Farrah Franklin','Destiny\'s Child'),('Felipe Lemos','Capital Inicial'),('Felix Bohnke','Avantasia'),('Fergal Lawler','The Cranberries'),('Flávio Lemos','Capital Inicial'),('Flea','Red Hot Chili Peppers'),('Floor Jansen','Nightwish'),('Formigão','Planet Hemp'),('Franché Coma','Misfits'),('Frank Ferrer','Guns N\' Roses'),('Franz Gottschalk','Volbeat'),('Franz Stahl','Foo Fighters'),('Freddie Mercury','Queen'),('Freddie Vidales','Iced Earth'),('Frederik Ehmke','Blind Guardian'),('Fredrik Åkesson','Opeth'),('Gabriel Coaracy','Móveis Coloniais de Acaju'),('Galder','Dimmu Borgir'),('Gar Samuelson','Megadeth'),('Gavin Harrison','King Crimson'),('Gavin Shoesmith','The John Butler Trio'),('Gene Adam','Iced Earth'),('Gene Simmons','Kiss'),('Geoff Tate','Queensrÿche'),('George Berz','Dinosaur Jr.'),('George Harrison','The Beatles'),('George Hurley','Minutemen'),('George Schwindt','Flogging Molly'),('Ginger Fish','Marilyn Manson'),('Glen Drover','Megadeth'),('Glen Matlock','Sex Pistols'),('Glenn Frey','Eagles'),('Glenn Hughes','Deep Purple'),('Glenn Tipton','Judas Priest'),('Gordon Haskell','King Crimson'),('Graham Coxon','Blur'),('Grant Barry','Reel Big Fish'),('Grant Hart','Hüsker Dü'),('Greg Camp','Smash Mouth'),('Greg Ginn','Black Flag'),('Greg Graffin','Bad Religion'),('Greg Handevidt','Megadeth'),('Greg Hetson','Bad Religion'),('Greg Lake','King Crimson'),('Greg Norton','Hüsker Dü'),('Greg Seymour','Iced Earth'),('Guy Berryman','Coldplay'),('Guy Fletcher','Dire Straits'),('Guy Picciotto','Fugazi'),('Guy Picciotto','Rites of Spring'),('Guy-Manuel de Homem-Christo','Daft Punk'),('Gyri Smørdal Losnegaard','Tristania'),('H.R.','Bad Brains'),('Hal Lindes','Dire Straits'),('Hansi Kürsch','Blind Guardian'),('Hayley Westenra','Celtic Woman'),('Hayley Williams','Paramore'),('Hellhammer','Dimmu Borgir'),('Henry Padovani','The Police'),('Henry Rollins','Black Flag'),('Hillel Slovak','Red Hot Chili Peppers'),('Horace Panter','The Specials'),('Hunter Lamb','Paramore'),('Ian Gillan','Deep Purple'),('Ian Hill','Judas Priest'),('Ian MacKaye','Fugazi'),('Ian Paice','Deep Purple'),('Ian Stewart','The Rolling Stones'),('ICS Vortex','Dimmu Borgir'),('Igor Cavalera','Sepultura'),('Isaiah Owens','The Mars Volta'),('Ivan McCormick','U2'),('Ivo Henzi','Eluveitie'),('Izzy Stradlin','Guns N\' Roses'),('J Mascis','Dinosaur Jr.'),('Jaakko \"Hittavainen\" Lemmetty','Korpiklaani'),('Jack Irons','Pearl Jam'),('Jack Irons','Red Hot Chili Peppers'),('Jack Sherman','Red Hot Chili Peppers'),('Jack White','The White Stripes'),('Jackie Fox','The Runaways'),('Jairo Guedes','Sepultura'),('James Hetfield','Metallica'),('James LaBrie','Dream Theater'),('James Lomenzo','Megadeth'),('James Lynch','Dropkick Murphys'),('James MacDonough','Iced Earth'),('James MacDonough','Megadeth'),('James Valentine','Maroon 5'),('Jamie Cook','Arctic Monkeys'),('Jamie Hewlett','Gorillaz'),('Jamie Smith','The xx'),('Jani Hurula','Cain\'s Offering'),('Jani Liimatainen','Cain\'s Offering'),('Janne Tolsa','Tarot'),('Jared Champion','Cage the Elephant'),('Jarkko Aaltonen','Korpiklaani'),('Jason Cooper','The Cure'),('Jason Cropper','Weezer'),('Jason McCaslin','Sum 41'),('Jason McGann','The John Butler Trio'),('Jason Sutter','Smash Mouth'),('Jay Bentley','Bad Religion'),('Jay Reynolds','Megadeth'),('Jay Ziskrout','Bad Religion'),('Jeff Ament','Pearl Jam'),('Jeff Coffin','Dave Matthews Band'),('Jeff DaRosa','Dropkick Murphys'),('Jeff Young','Megadeth'),('Jeremy Davis','Paramore'),('Jeremy Michael Ward','The Mars Volta'),('Jerome Dupree','Morphine'),('Jerry Cantrell','Alice in Chains'),('Jerry Dammers','The Specials'),('Jerry Harrison','Talking Heads'),('Jerry Only','Misfits'),('Jesse Carmichael','Maroon 5'),('Jesse Tobias','Red Hot Chili Peppers'),('Jim Catania','Misfits'),('Jim Conti','Streetlight Manifesto'),('Jim O\'Rourke','Sonic Youth'),('Jim Sclavunos','Sonic Youth'),('Jim Stafford','Train'),('Jimi Hendrix','The Jimi Hendrix Experience'),('Jimmy DeGrasso ','Megadeth'),('Jimmy Sloas','Megadeth'),('Joan Jett','The Runaways'),('Joe \"Mr. Hahn\" Hahn','Linkin Park'),('Joe Lally','Fugazi'),('Joe Lynn Turner','Deep Purple'),('Joe Principe','Rise Against'),('Joe Satriani','Deep Purple'),('Joe Strummer','The Clash'),('Joe Trohman','Fall Out Boy'),('Joe Walsh','Eagles'),('Joey Castillo','Queens of the Stone Age'),('Joey DeMaio','Manowar'),('Joey Image','Misfits'),('Joey Kramer','Aerosmith'),('Joey Ramone','Ramones'),('John Bradbury','The Specials'),('John Butler','The John Butler Trio'),('John Christianson','Reel Big Fish'),('John Deacon','Queen'),('John Dolmayan','System of a Down'),('John Entwistle','The Who'),('John Fogerty','Creedence Clearwater Revival'),('John Frusciante','Red Hot Chili Peppers'),('John Greely','Iced Earth'),('John Hembree','Paramore'),('John Illsley','Dire Straits'),('John LeCompt','Evanescence'),('John Lennon','The Beatles'),('John Myung','Dream Theater'),('John Petrucci','Dream Theater'),('John Rzeznik','Goo Goo Dolls'),('John Wetton','King Crimson'),('Johnny Christ','Avenged Sevenfold'),('Johnny Marr','The Smiths'),('Johnny Rotten','Sex Pistols'),('Jon Bon Jovi','Bon Jovi'),('Jon Larsen','Volbeat'),('Jon Lord','Deep Purple'),('Jon Theodore','The Mars Volta'),('Jon Walker','Panic! At the Disco'),('Jonne Järvelä','Korpiklaani'),('Jonny Buckland','Coldplay'),('Jonny Greenwood','Radiohead'),('Jordan Rudess','Dream Theater'),('Jorn Lande','Avantasia'),('Josef Quinteros','GMS'),('Josh Farro','Paramore'),('Josh Homme','Queens of the Stone Age'),('Josh Klinghoffer','Red Hot Chili Peppers'),('Juan Alderete','The Mars Volta'),('Judy Mowatt','Bob Marley & The Wailers'),('Juho \"JuhoKusti\" Kauppinen','Korpiklaani'),('Jukka Koskinen','Cain\'s Offering'),('Jukka Nevalainen','Nightwish'),('Julian Casablancas','The Strokes'),('Junior Marvin','Bob Marley & The Wailers'),('Justin Chancellor','Tool'),('Justin Ferreira','Reel Big Fish'),('Justin Meacham','Avenged Sevenfold'),('K.K. Downing','Judas Priest'),('Kalle \"Cane\" Savijärvi','Korpiklaani'),('Karl Logan','Manowar'),('Keith Levene','The Clash'),('Keith Menser','Iced Earth'),('Keith Moon','The Who'),('Keith Morris','Black Flag'),('Keith Richards','The Rolling Stones'),('Kelly Gray','Queensrÿche'),('Kelly Rowland','Destiny\'s Child'),('Kenneth Olsson','Tristania'),('Kerry King','Megadeth'),('Kevin Moore','Dream Theater'),('Kim Gordon','Sonic Youth'),('Kirk Hammett','Metallica'),('Kjetil Ingebrethsen','Tristania'),('Kjetil Nordhus','Tristania'),('Kyle Cook','Matchbox Twenty'),('Larry Mullen, Jr.','U2'),('Larry Tarnowski','Iced Earth'),('Lars Frederiksen','Rancid'),('Lars Ulrich','Metallica'),('LaTavia Roberson','Destiny\'s Child'),('Laurie McAllister','The Runaways'),('Layne Staley','Alice in Chains'),('Lee Ranaldo','Sonic Youth'),('Lee Rausch','Megadeth'),('Leonardo Bursztyn','Móveis Coloniais de Acaju'),('LeRoi Moore','Dave Matthews Band'),('LeToya','Destiny\'s Child'),('Lincoln Paris','Cage the Elephant'),('Lisa Kelly','Celtic Woman'),('Lisa Lambe','Celtic Woman'),('Lisa Smith','Reel Big Fish'),('Lita Ford','The Runaways'),('Lol Tolhurst','The Cure'),('Loro Jones','Capital Inicial'),('Lou Barlow','Dinosaur Jr.'),('Lynval Golding','The Specials'),('M. Shadows','Avenged Sevenfold'),('Madonna \'Pogo\' Wayne Gacy','Marilyn Manson'),('Magne Furuholmen','a-ha'),('Máiréad Nesbitt','Celtic Woman'),('Mako H.','Tarot'),('Manny Martínez','Misfits'),('Marc Orrell','Dropkick Murphys'),('Marcel Rodríguez-Lopez','The Mars Volta'),('Marcelo Bonfá','Legião Urbana'),('Marcelo Camelo','Los Hermanos'),('Marcelo D2','Planet Hemp'),('Marcia Griffiths','Bob Marley & The Wailers'),('Marco Hietala','Nightwish'),('Marco Hietala','Tarot'),('Marcus Mumford','Mumford & Sons'),('Marcus Siepen','Blind Guardian'),('Mariangela Demurtas','Tristania'),('Mark Hoppus','blink-182'),('Mark Ibold','Sonic Youth'),('Mark Knopfler','Dire Straits'),('Mark Prator','Iced Earth'),('Mark Sandman','Morphine'),('Mark Stoermer','The Killers'),('Mark Tremonti','Creed'),('Mark Wakefield','Linkin Park'),('Marky Ramone','Misfits'),('Martin Axe Axenrot','Opeth'),('Martin Mendez','Opeth'),('Marty Friedman','Megadeth'),('Matt Barlow','Iced Earth'),('Matt Cameron','Pearl Jam'),('Matt Flynn','Maroon 5'),('Matt Freeman','Rancid'),('Matt Helders','Arctic Monkeys'),('Matt Hensley','Flogging Molly'),('Matt Sharp','Weezer'),('Matt Shultz','Cage the Elephant'),('Matt Sorum','Guns N\' Roses'),('Matt Stewart','Streetlight Manifesto'),('Matt Wendt','Avenged Sevenfold'),('Matt Wong','Reel Big Fish'),('Matthew Bellamy','Muse'),('Matthieu Hartley','The Cure'),('Matti \"Matson\" Johansson','Korpiklaani'),('Max Cavalera','Sepultura'),('Max Lilja','Apocalyptica'),('Maynard James Keenan','Tool'),('MCA','Beastie Boys'),('Méav Ní Mhaolchatha','Celtic Woman'),('Meg White','The White Stripes'),('Meri Tadic','Eluveitie'),('Merlin Sutter','Eluveitie'),('Michael Dempsey','The Cure'),('Michael Giles','King Crimson'),('Michael Kiske','Avantasia'),('Michael Shuman','Queens of the Stone Age'),('Michael Steele','The Runaways'),('Michael Urbano','Smash Mouth'),('Michael Wilton','Queensrÿche'),('Michale Graves','Misfits'),('Michelle Williams','Destiny\'s Child'),('Mick Jagger','The Rolling Stones'),('Mick Jones','Gorillaz'),('Mick Jones','The Clash'),('Mick Taylor','The Rolling Stones'),('Mickey Madden','Maroon 5'),('Mikael Åkerfeldt','Opeth'),('Mike Albert','Megadeth'),('Mike Brown','Streetlight Manifesto'),('Mike D','Beastie Boys'),('Mike Fellows','Rites of Spring'),('Mike Hogan','The Cranberries'),('Mike Inez','Alice in Chains'),('Mike Johnson','Dinosaur Jr.'),('Mike Joyce','The Smiths'),('Mike Malinin','Goo Goo Dolls'),('Mike Mangini','Dream Theater'),('Mike McColgan','Dropkick Murphys'),('Mike McCready','Pearl Jam'),('Mike McGill','Iced Earth'),('Mike Portnoy','Avenged Sevenfold'),('Mike Portnoy','Dream Theater'),('Mike Shinoda','Linkin Park'),('Mike Smith','Gorillaz'),('Mike Starr','Alice in Chains'),('Mike Stone','Queensrÿche'),('Mike Watt','Minutemen'),('Mikey Welsh','Weezer'),('Mikko Harkin','Cain\'s Offering'),('Mikko Sirén','Apocalyptica'),('Miro Rodenberg','Avantasia'),('Mitch Mitchell','The Jimi Hendrix Experience'),('Morten Harket','a-ha'),('Morten Veland','Tristania'),('Mr.Precision','Rise Against'),('Murilo Lima','Capital Inicial'),('Mustis','Dimmu Borgir'),('Nadav Nirenberg','Streetlight Manifesto'),('Nate Mendel','Foo Fighters'),('Nathen Maxwell','Flogging Molly'),('Nicholas Barker','Dimmu Borgir'),('Nick Mason','Pink Floyd'),('Nick Menza','Megadeth'),('Nick O\'Malley','Arctic Monkeys'),('Nick Sheppard','The Clash'),('Nick Valensi','The Strokes'),('Nicky Bomba','The John Butler Trio'),('Nicky Simper','Deep Purple'),('Nikolai Fraiture','The Strokes'),('Noel Hogan','The Cranberries'),('Noel Redding','The Jimi Hendrix Experience'),('Ole Vistnes','Tristania'),('Oliver Hartmann','Avantasia'),('Oliver Riedel','Rammstein'),('Oliver Sim','The xx'),('Omar A. Rodriguez-Lopez','The Mars Volta'),('Órla Fallon','Celtic Woman'),('Paavo Lötjönen','Apocalyptica'),('Papa Gates','Avenged Sevenfold'),('Pat Mastelotto','King Crimson'),('Pat Smear','Foo Fighters'),('Pat Torpey','Mr. Big'),('Patrick Carney','The Black Keys'),('Patrick Laplana','Los Hermanos'),('Patrick Monahan','Train'),('Patrick Stump','Fall Out Boy'),('Patrick Wilson','Weezer'),('Paul Cook','Sex Pistols'),('Paul D\'Amour','Tool'),('Paul De Lisle','Smash Mouth'),('Paul Doucette','Matchbox Twenty'),('Paul Gilbert','Mr. Big'),('Paul Hinojos','The Mars Volta'),('Paul Landers','Rammstein'),('Paul McCartney','The Beatles'),('Paul Simonon','Gorillaz'),('Paul Simonon','The Clash'),('Paul Stanley','Kiss'),('Paul Tobias','Guns N\' Roses'),('Paul Waaktaar-Savoy','a-ha'),('Paulo Pinto','Sepultura'),('Paulo Rogério','Móveis Coloniais de Acaju'),('Pecu Cinnari','Tarot'),('Per Wiberg','Opeth'),('Perry Bamonte','The Cure'),('Perttu Kivilaakso','Apocalyptica'),('Pete Best','The Beatles'),('Pete Howard','The Clash'),('Pete McCullaugh','Streetlight Manifesto'),('Pete Townshend','The Who'),('Pete Wentz','Fall Out Boy'),('Peter Criss','Kiss'),('Peter Finestone','Bad Religion'),('Peter Griesar','Dave Matthews Band'),('Peter Martin','U2'),('Peter Sinfield','King Crimson'),('Phil Selway','Radiohead'),('Phil Thornalley','The Cure'),('Pick Withers','Dire Straits'),('Pitman','Guns N\' Roses'),('Porl Thompson','The Cure'),('Rafael','Planet Hemp'),('Rafi Kirder (ex-member)','Eluveitie'),('Ralph Santolla','Iced Earth'),('Randall Shawver','Iced Earth'),('Randy Meisner','Eagles'),('Rashawn Ross','Dave Matthews Band'),('Reeves Gabrels','The Cure'),('Richard Bateman','Iced Earth'),('Richard Christy','Iced Earth'),('Richard Edson','Sonic Youth'),('Richard Fortus','Guns N\' Roses'),('Richard Kruspe','Rammstein'),('Richie Blackmore','Deep Purple'),('Richie Kotzen','Mr. Big'),('Richie Sambora','Bon Jovi'),('Rick Barton','Dropkick Murphys'),('Rick Secchiari','Iced Earth'),('Rick Wright','Pink Floyd'),('Ringo Starr','The Beatles'),('Rita Lee','Os Mutantes'),('Rita Marley','Bob Marley & The Wailers'),('Ritchie Blackmore','Deep Purple'),('Rivers Cuomo','Weezer'),('Rob Bourdon','Linkin Park'),('Rob Halford','Judas Priest'),('Rob Hotchkiss','Train'),('Rob Thomas','Matchbox Twenty'),('Robby Takac','Goo Goo Dolls'),('Robert Fripp','King Crimson'),('Robert Quimby','Reel Big Fish'),('Robert Smith','The Cure'),('Robert Trujillo','Metallica'),('Robin Finck','Guns N\' Roses'),('Robo','Misfits'),('Rocky Gray','Evanescence'),('Rod Evans','Deep Purple'),('Rodney Beasley','Iced Earth'),('Rodrigo Amarante','Los Hermanos'),('Rodrigo Barba','Los Hermanos'),('Roger Daltrey','The Who'),('Roger Glover','Deep Purple'),('Roger O\'Donnell','The Cure'),('Roger Taylor','Queen'),('Roger Waters','Pink Floyd'),('Rogerio Jardim','Infected Mushroom'),('Romy Madley Croft','The xx'),('Ron \"Bumblefoot\" Thal','Guns N\' Roses'),('Ron Reyes','Black Flag'),('Ronnie Vannucci Jr.','The Killers'),('Ronnie Wood','The Rolling Stones'),('Royce Boz Scaggs','Steve Miller Band'),('Rune Østerhus','Tristania'),('Ryan Dusick','Maroon 5'),('Ryan Foltz','Dropkick Murphys'),('Ryan Ross','Panic! At the Disco'),('Ryland Steen','Reel Big Fish'),('Sami Kuoppamäki','Apocalyptica'),('Sami Vänskä','Nightwish'),('Sandy West','The Runaways'),('Sascha Paeth','Avantasia'),('Sasha Kazatchkoff','Gogol Bordello'),('Scott Columbus','Manowar'),('Scott Klopfenstein','Reel Big Fish'),('Scott Koziol','Linkin Park'),('Scott Phillips','Creed'),('Scott Raynor','blink-182'),('Scott Rockenfield','Queensrÿche'),('Scott Shriner','Weezer'),('Scott Stapp','Creed'),('Scott Travis','Judas Priest'),('Scott Underwood','Train'),('Sean Kinney','Alice in Chains'),('Sebastian Claro','GMS'),('Sebastian Ingrosso','Swedish House Mafia'),('Sergei Riabtsev','Gogol Bordello'),('Sérgio Dias','Os Mutantes'),('Serj Tankian','System of a Down'),('Sevan Kirder (ex-member)','Eluveitie'),('Shagrath','Dimmu Borgir'),('Shajahan Matkin','GMS'),('Shavo Odadjian','System of a Down'),('Shawn Drover','Megadeth'),('Shirley Manson','Garbage'),('Sid Vicious','Sex Pistols'),('Silenoz','Dimmu Borgir'),('Simeon Koch','Eluveitie'),('Simon Gallup','The Cure'),('Skunk','Planet Hemp'),('Slash','Guns N\' Roses'),('Spencer Smith','Panic! At the Disco'),('Spicy McHaggis','Dropkick Murphys'),('Stefan Lessard','Dave Matthews Band'),('Stephan Reed','Reel Big Fish'),('Steve Angello','Swedish House Mafia'),('Steve DiGiorgio','Iced Earth'),('Steve Harwell','Smash Mouth'),('Steve Jocz','Sum 41'),('Steve Jones','Sex Pistols'),('Steve Marker','Garbage'),('Steve Miller','Steve Miller Band'),('Steve Morse','Deep Purple'),('Steve Shelley','Sonic Youth'),('Steven Adler','Guns N\' Roses'),('Stewart Copeland','The Police'),('Stian Aarstad','Dimmu Borgir'),('Sting','The Police'),('Stone Gossard','Pearl Jam'),('Stu Block','Iced Earth'),('Stu Cook','Creedence Clearwater Revival'),('Stuart Sutcliffe','The Beatles'),('Susan McFadden','Celtic Woman'),('Svein Terje Solvang','Tristania'),('Syd Barrett','Pink Floyd'),('Synyster Gates','Avenged Sevenfold'),('Tarald Lie','Tristania'),('Tarja','Tarja'),('Tarja Soile Susanna Turunen Cabuli','Tarja'),('Tarja Turunen','Nightwish'),('Tarja Turunen','Tarja'),('Tavis Werts','Reel Big Fish'),('Taylor Hawkins','Foo Fighters'),('Taylor York','Paramore'),('Ted Dwayne','Mumford & Sons'),('Teddy Vang','Volbeat'),('Terry Balsamo','Evanescence'),('Terry Chimes','The Clash'),('Terry Hall','The Specials'),('Terry Williams','Dire Straits'),('The Edge','U2'),('The Rev','Avenged Sevenfold'),('Thom Yorke','Radiohead'),('Thomas Bangalter','Daft Punk'),('Thomas Bredahl','Volbeat'),('Thomas Pridgen','The Mars Volta'),('Thomen Stauch','Blind Guardian'),('Thurston Moore','Sonic Youth'),('Tico Torres','Bon Jovi'),('Till Lindemann','Rammstein'),('Tilo Wolff','Lacrimosa'),('Tim \"Lint\" Armstrong','Rancid'),('Tim \"Ripper\" Owens','Iced Earth'),('Tim Brennan','Dropkick Murphys'),('Tim Commerford','Audioslave'),('Tim Commerford','Rage Against the Machine'),('Tim Davis','Steve Miller Band'),('Tim McCord','Evanescence'),('Tim McIlrath','Rise Against'),('Timo Kotipelto','Cain\'s Offering'),('Timothy B. Schmit','Eagles'),('Tina Weymouth','Talking Heads'),('Tjodalv','Dimmu Borgir'),('Tobias Sammet','Avantasia'),('Todd Mohney','Rise Against'),('Tom DeLonge','blink-182'),('Tom Fogerty','Creedence Clearwater Revival'),('Tom Morello','Audioslave'),('Tom Morello','Rage Against the Machine'),('Tom Thacker','Sum 41'),('Tomas Kalnoky','Streetlight Manifesto'),('Tommy Bolin','Deep Purple'),('Tommy Cunningham','Infected Mushroom'),('Tommy Ramone','Ramones'),('Tommy Stinson','Guns N\' Roses'),('Tommy Thayer','Kiss'),('Tony Levin','King Crimson'),('Topper Headon','The Clash'),('Travis Barker','blink-182'),('Trey Gunn','King Crimson'),('Troy McLawhorn','Evanescence'),('Troy Seele','Iced Earth'),('Troy Van Leeuwen','Queens of the Stone Age'),('Tuomas Holopainen','Nightwish'),('Twiggy Ramirez','Marilyn Manson'),('Tyler Jones','Reel Big Fish'),('Tyrone Downie','Bob Marley & The Wailers'),('Vibeke Stene','Tristania'),('Vicki Blue','The Runaways'),('Vince White','The Clash'),('Vinnie Colaiuta','Megadeth'),('Vlad Solofar','Gogol Bordello'),('Will Champion','Coldplay'),('Will Hunt','Evanescence'),('William Boyd','Evanescence'),('William Duvall','Alice in Chains'),('William Goldsmith','Foo Fighters'),('Xande Bursztyn','Móveis Coloniais de Acaju'),('Zac Farro','Paramore'),('Zach Blair','Rise Against'),('Zach Gilltrap','Reel Big Fish'),('Zachary Hietala','Tarot'),('Zack de la Rocha','Rage Against the Machine'),('Zacky Vengeance ','Avenged Sevenfold'),('Zé Gonzales','Planet Hemp'),('Østen Bergøy','Tristania'),('カトウタロウ','BEAT CRUSADERS'),('クボタマサヒコ','BEAT CRUSADERS'),('ケイタイモ','BEAT CRUSADERS'),('ヒダカトオル','BEAT CRUSADERS'),('マシータ','BEAT CRUSADERS');
/*!40000 ALTER TABLE `participate` ENABLE KEYS */;
UNLOCK TABLES;

--
-- Table structure for table `person`
--

DROP TABLE IF EXISTS `person`;
/*!40101 SET @saved_cs_client     = @@character_set_client */;
/*!40101 SET character_set_client = utf8 */;
CREATE TABLE `person` (
  `uri` varchar(50) NOT NULL,
  `name` varchar(50) NOT NULL,
  `hometown` varchar(50) DEFAULT NULL,
  PRIMARY KEY (`uri`),
  KEY `hometown` (`hometown`),
  CONSTRAINT `person_ibfk_1` FOREIGN KEY (`hometown`) REFERENCES `city` (`name`) ON DELETE CASCADE ON UPDATE CASCADE
) ENGINE=InnoDB DEFAULT CHARSET=utf8;
/*!40101 SET character_set_client = @saved_cs_client */;

--
-- Dumping data for table `person`
--

LOCK TABLES `person` WRITE;
/*!40000 ALTER TABLE `person` DISABLE KEYS */;
INSERT INTO `person` VALUES ('alexandrekunieda','alexandre nobuo kunieda',NULL),('alexandremedeiros','alexandre novais de medeiros','São Paulo'),('amadeubonfante','amadeu bonfante','Pirangi'),('andreborba','andre pinheiro borba','Mariana'),('andrepaganini','andre vitor paganini','Campinas'),('andrevasconcellos','andre de vasconcellos',NULL),('arthuralvarez','arthur eduardo skaetta alvarez','Campinas'),('augustomorgan','augusto dos santos morgan','São José do Rio Pardo'),('brunocarvalho','bruno vargas versignassi de carvalho','São Paulo'),('danielferreira','daniel breves ferreira',NULL),('davidchazanas','david chazanas',NULL),('diegorubini','diego sanches rubini','Campinas'),('eduardohitomi','eduardo eizo aramaki hitomi','Campinas'),('eduardomendes','eduardo cauli pereira bravim mendes',NULL),('emilioweber','emilio carlos rospendowish weber',NULL),('fabiosartorato','fabio sartorato','Campinas'),('felipeoliveira','felipe milani cecci de oliveira','Andradina'),('fernandohoyo','fernando luiz del hoyo',NULL),('fernandomassunari','fernando shikanai massunari','São Paulo'),('fernandovale','fernando augusto terencio do vale',NULL),('gabrielbertazi','gabriel krisman bertazi',NULL),('gabrielsarraff','gabriel pantaleao sarraff','São Paulo'),('guilhermenunes','guilherme henrique nunes','Vinhedo'),('guilhermeplatzeck','guilherme bighetti platzeck',NULL),('gustavosilva','gustavo bento da silva','Campinas'),('henriquegonzales','henrique serapiao gonzales','Ribeirão Preto'),('igornunes','igor henrique soares nunes',NULL),('ivanfilho','ivan ferreira camargo filho','Campinas'),('ivanfreitas','ivan sichmann freitas','Campinas'),('jonatanvalongo','jonatan tiago de souza valongo','Campinas'),('laisminchillo','lais vasconcellos minchillo','Passos'),('leonardoana','leonardo barros almeida de ana','Fortaleza'),('lucaslima','lucas domingues lima','São José dos Campos'),('lucasmadureira','lucas lustosa madureira','Campinas'),('lucasnakata','lucas kendi nakata','Tangará da Serra'),('luismendes','luis henrique pauleti mendes','Araraquara'),('luizjunior','luiz celso gomes junior',NULL),('marcelofabri','marcelo fabri','Campinas'),('marcelozabani','marcelo duarte rodrigues cecchino zabani','Campinas'),('mariasousa','maria julia berriel de sousa','Campinas'),('matheusboy','matheus ferreira tavares boy','Rio de Janeiro'),('pedroalves','pedro geraldo morelli rodrigues alves','Campinas'),('pedrofigueiredo','pedro teixeira figueiredo','Belém'),('rafaelgouvea','rafael ossamu gouvea','Campinas'),('rafaelhermano','rafael almeida erthal hermano','Niterói'),('rafaelsacchi','rafael matias sacchi','Campinas'),('raissamachado','raissa costa machado','Natal'),('raphaelsantos','raphael elias dos santos','Campinas'),('renanfujii','renan henrique fujii','Mogi das Cruzes'),('renatovargas','renato landim vargas','Rondonópolis'),('thiagobalbo','thiago duarte balbo','Campinas'),('thiagopires','thiago de oliveira pires','Campinas'),('viniciusana','vinicius maciel sant ana','Vinhedo'),('viniciussantos','vinicius andrade santos','Campinas');
/*!40000 ALTER TABLE `person` ENABLE KEYS */;
UNLOCK TABLES;

--
-- Table structure for table `similar`
--

DROP TABLE IF EXISTS `similar`;
/*!40101 SET @saved_cs_client     = @@character_set_client */;
/*!40101 SET character_set_client = utf8 */;
CREATE TABLE `similar` (
  `band` varchar(50) NOT NULL,
  `similar` varchar(50) NOT NULL,
  PRIMARY KEY (`band`,`similar`),
  KEY `similar` (`similar`),
  CONSTRAINT `similar_ibfk_1` FOREIGN KEY (`band`) REFERENCES `band` (`name`) ON DELETE CASCADE ON UPDATE CASCADE,
  CONSTRAINT `similar_ibfk_2` FOREIGN KEY (`similar`) REFERENCES `band` (`name`) ON DELETE CASCADE ON UPDATE CASCADE
) ENGINE=InnoDB DEFAULT CHARSET=utf8;
/*!40101 SET character_set_client = @saved_cs_client */;

--
-- Dumping data for table `similar`
--

LOCK TABLES `similar` WRITE;
/*!40000 ALTER TABLE `similar` DISABLE KEYS */;
INSERT INTO `similar` VALUES ('30 Seconds to Mars','Hurts'),('30 Seconds to Mars','Linkin Park'),('30 Seconds to Mars','My Chemical Romance'),('30 Seconds to Mars','Placebo'),('30 Seconds to Mars','Three Days Grace'),('3OH!3','Breathe Carolina'),('3OH!3','Cash Cash'),('3OH!3','Charttraxx Karaoke'),('3OH!3','Cobra Starship'),('3OH!3','Metro Station'),('4 Non Blondes','Alannah Myles'),('4 Non Blondes','Linda Perry'),('4 Non Blondes','Melissa Etheridge'),('4 Non Blondes','Sheryl Crow'),('4 Non Blondes','Soul Asylum'),('a-ha','Alphaville'),('a-ha','Duran Duran'),('a-ha','Magne F'),('a-ha','Morten Harket'),('a-ha','Tears for Fears'),('Above & Beyond','Above & Beyond feat. Richard Bedford'),('Above & Beyond','Andrew Bayer'),('Above & Beyond','OceanLab'),('Above & Beyond','Oliver Smith'),('Above & Beyond','Parker & Hanson'),('AC/DC','Aerosmith'),('AC/DC','Airbourne'),('AC/DC','Black Sabbath'),('AC/DC','Iron Maiden'),('AC/DC','Motörhead'),('Adele','Adele and The Raconteurs'),('Adele','Amy Winehouse'),('Adele','Beyoncé'),('Adele','Jessie J'),('Adele','Sara Bareilles'),('Adoniran Barbosa','Cartola'),('Adoniran Barbosa','Demônios Da Garoa'),('Adoniran Barbosa','Nelson Cavaquinho'),('Adoniran Barbosa','Noel Rosa'),('Adoniran Barbosa','Paulinho Da Viola'),('Aerosmith','AC/DC'),('Aerosmith','Bon Jovi'),('Aerosmith','Guns N\' Roses'),('Aerosmith','Kiss'),('Aerosmith','Mötley Crüe'),('Alesso','Axwell'),('Alesso','Dirty South'),('Alesso','Hardwell'),('Alesso','Nicky Romero'),('Alesso','Sebastian Ingrosso'),('Alex M.O.R.P.H.','Alex M.O.R.P.H. & Claudia Cazacu'),('Alex M.O.R.P.H.','Alex M.O.R.P.H. feat. Sylvia Tosun'),('Alex M.O.R.P.H.','Andrew Rayel'),('Alex M.O.R.P.H.','Andy Moor'),('Alex M.O.R.P.H.','Tenishia'),('Alice in Chains','Jerry Cantrell'),('Alice in Chains','Mad Season'),('Alice in Chains','Mother Love Bone'),('Alice in Chains','Soundgarden'),('Alice in Chains','Temple of the Dog'),('Alt-J','Daughter'),('Alt-J','Django Django'),('Alt-J','Everything Everything'),('Alt-J','Flume'),('Alt-J','Foals'),('Ana Carolina','Ana Carolina & Seu Jorge'),('Ana Carolina','Isabella Taviani'),('Ana Carolina','Luiza Possi'),('Ana Carolina','Maria Gadú'),('Ana Carolina','Zélia Duncan'),('Angela','FictionJunction YUUKA'),('Angela','savage genius'),('Angela','栗林みな実'),('Angela','石川智晶'),('Angela','飛蘭'),('Angra','Almah'),('Angra','Andre Matos'),('Angra','Hangar'),('Angra','Shaman'),('Angra','Viper'),('Anthrax','Annihilator'),('Anthrax','Exodus'),('Anthrax','Megadeth'),('Anthrax','Slayer'),('Anthrax','Testament'),('Anti-Flag','Justin Sane'),('Anti-Flag','Pennywise'),('Anti-Flag','Rancid'),('Anti-Flag','Strike Anywhere'),('Anti-Flag','The Unseen'),('Antônio Carlos Jobim','Chico Buarque'),('Antônio Carlos Jobim','Frank Sinatra & Antonio Carlos Jobim'),('Antônio Carlos Jobim','Tom Jobim & Dorival Caymmi'),('Antônio Carlos Jobim','Tom Jobim & Elis Regina'),('Antônio Carlos Jobim','Vinicius de Moraes'),('Antonio Vivaldi','Carl Philipp Emanuel Bach'),('Antonio Vivaldi','Franz Joseph Haydn'),('Antonio Vivaldi','Georg Philipp Telemann'),('Antonio Vivaldi','Johann Sebastian Bach'),('Antonio Vivaldi','Pietro Antonio Locatelli'),('Apocalyptica','Eicca Toppinen'),('Apocalyptica','Epica'),('Apocalyptica','Jelonek'),('Apocalyptica','Nightwish'),('Apocalyptica','Within Temptation'),('Aqua Timez','Flow'),('Aqua Timez','GReeeeN'),('Aqua Timez','KELUN'),('Aqua Timez','SPYAIR'),('Aqua Timez','UVERworld'),('Arcade Fire','Fleet Foxes'),('Arcade Fire','Interpol'),('Arcade Fire','Radiohead'),('Arcade Fire','The National'),('Arcade Fire','Vampire Weekend'),('Arctic Monkeys','Alex Turner'),('Arctic Monkeys','Miles Kane'),('Arctic Monkeys','The Kooks'),('Arctic Monkeys','The Last Shadow Puppets'),('Arctic Monkeys','The Strokes'),('Armin van Buuren','Alexander Popov'),('Armin van Buuren','Andrew Rayel'),('Armin van Buuren','Dash Berlin'),('Armin van Buuren','Gaia'),('Armin van Buuren','Jorn Van Deynhoven'),('Audioslave','Alter Bridge'),('Audioslave','Chris Cornell'),('Audioslave','Rage Against the Machine'),('Audioslave','Soundgarden'),('Audioslave','Temple of the Dog'),('Avantasia','Edguy'),('Avantasia','Gamma Ray'),('Avantasia','Helloween'),('Avantasia','Masterplan'),('Avantasia','Stratovarius'),('Avenged Sevenfold','Atreyu'),('Avenged Sevenfold','Bullet for My Valentine'),('Avenged Sevenfold','Escape the Fate'),('Avenged Sevenfold','Pinkly Smooth'),('Avenged Sevenfold','The Confession'),('Avicii','Alesso'),('Avicii','Avicii & Sebastien Drums'),('Avicii','Nicky Romero'),('Avicii','Sebastian Ingrosso'),('Avicii','Tim Berg'),('Avril Lavigne','Ashley Tisdale'),('Avril Lavigne','Demi Lovato'),('Avril Lavigne','Miley Cyrus'),('Avril Lavigne','Paramore'),('Avril Lavigne','The Pretty Reckless'),('Axwell','Alesso'),('Axwell','Dirty South'),('Axwell','Sebastian Ingrosso'),('Axwell','Steve Angello'),('Axwell','TV Rock'),('Ayreon','Ambeon'),('Ayreon','Arjen Anthony Lucassen'),('Ayreon','Guilt Machine'),('Ayreon','Pain of Salvation'),('Ayreon','Star One'),('Ayumi Miyazaki','Ai Maeda'),('Ayumi Miyazaki','Hiroki Takahashi'),('Ayumi Miyazaki','Ohta Michihiko'),('Ayumi Miyazaki','Takayoshi Tanimoto'),('Ayumi Miyazaki','Yoko Hikasa'),('B.B. King','Albert King'),('B.B. King','B.B. King & Eric Clapton'),('B.B. King','Buddy Guy'),('B.B. King','Freddie King'),('B.B. King','John Lee Hooker'),('Bad Brains','Adolescents'),('Bad Brains','Black Flag'),('Bad Brains','Circle Jerks'),('Bad Brains','Descendents'),('Bad Brains','Minor Threat'),('Bad Religion','Greg Graffin'),('Bad Religion','Lagwagon'),('Bad Religion','NOFX'),('Bad Religion','Pennywise'),('Bad Religion','Rancid'),('Banda Eva','Asa De Águia'),('Banda Eva','Cheiro de Amor'),('Banda Eva','Ivete Sangalo'),('Banda Eva','Jammil E Uma Noites'),('Banda Eva','Tomate'),('Barão Vermelho','Cazuza'),('Barão Vermelho','Frejat'),('Barão Vermelho','Legião Urbana'),('Barão Vermelho','Os Paralamas Do Sucesso'),('Barão Vermelho','Titãs'),('Base Ball Bear','MONOBRIGHT'),('Base Ball Bear','UNISON SQUARE GARDEN'),('Base Ball Bear','ねごと'),('Base Ball Bear','サカナクション'),('Base Ball Bear','フジファブリック'),('Beastie Boys','A Tribe Called Quest'),('Beastie Boys','Beck'),('Beastie Boys','BS 2000'),('Beastie Boys','Public Enemy'),('Beastie Boys','Run-D.M.C.'),('BEAT CRUSADERS','10-FEET'),('BEAT CRUSADERS','ASPARAGUS'),('BEAT CRUSADERS','HUSKING BEE'),('BEAT CRUSADERS','MONOBRIGHT'),('BEAT CRUSADERS','YOUR SONG IS GOOD × BEAT CRUSADERS'),('Bee Gees','Andy Gibb'),('Bee Gees','Barry Gibb'),('Bee Gees','Chicago'),('Bee Gees','Elton John'),('Bee Gees','Robin Gibb'),('Beyoncé','Ciara'),('Beyoncé','Destiny\'s Child'),('Beyoncé','Jennifer Hudson'),('Beyoncé','Kelly Rowland'),('Beyoncé','Rihanna'),('Black Eyed Peas','David Guetta'),('Black Eyed Peas','Fergie'),('Black Eyed Peas','The Pussycat Dolls'),('Black Eyed Peas','Timbaland'),('Black Eyed Peas','will.i.am'),('Black Flag','Bad Brains'),('Black Flag','Circle Jerks'),('Black Flag','Dead Kennedys'),('Black Flag','Descendents'),('Black Flag','Minor Threat'),('Black Label Society','Down'),('Black Label Society','Ozzy Osbourne'),('Black Label Society','Pantera'),('Black Label Society','Pride & Glory'),('Black Label Society','Zakk Wylde'),('Black Sabbath','Deep Purple'),('Black Sabbath','Dio'),('Black Sabbath','Heaven & Hell'),('Black Sabbath','Judas Priest'),('Black Sabbath','Ozzy Osbourne'),('Blind Guardian','Demons & Wizards'),('Blind Guardian','Gamma Ray'),('Blind Guardian','Hammerfall'),('Blind Guardian','Iced Earth'),('Blind Guardian','Lucifer\'s Heritage'),('blink-182','+44'),('blink-182','Angels & Airwaves'),('blink-182','Box Car Racer'),('blink-182','New Found Glory'),('blink-182','Sum 41'),('Blur','Damon Albarn'),('Blur','Graham Coxon'),('Blur','Pulp'),('Blur','The Good, the Bad & the Queen'),('Blur','The Stone Roses'),('Bob Dylan','Bob Dylan and The Band'),('Bob Dylan','Leonard Cohen'),('Bob Dylan','Neil Young'),('Bob Dylan','The Band'),('Bob Dylan','The Rolling Stones'),('Bob Marley','Bob Marley & The Wailers'),('Bob Marley','Damian Marley'),('Bob Marley','Peter Tosh'),('Bob Marley','The Wailers'),('Bob Marley','Ziggy Marley'),('Bob Marley & The Wailers','Bob Marley'),('Bob Marley & The Wailers','Bunny Wailer'),('Bob Marley & The Wailers','Damian Marley'),('Bob Marley & The Wailers','Peter Tosh'),('Bob Marley & The Wailers','The Wailers'),('Bon Jovi','Def Leppard'),('Bon Jovi','Europe'),('Bon Jovi','Jon Bon Jovi'),('Bon Jovi','Poison'),('Bon Jovi','Richie Sambora'),('Britney Spears','Ashley Tisdale'),('Britney Spears','Christina Aguilera'),('Britney Spears','Jennifer Lopez'),('Britney Spears','Lindsay Lohan'),('Britney Spears','Paris Hilton'),('Bruce Dickinson','A.S.A.P.'),('Bruce Dickinson','Blaze Bayley'),('Bruce Dickinson','Halford'),('Bruce Dickinson','Iron Maiden'),('Bruce Dickinson','Samson'),('Buddy Guy','Albert Collins'),('Buddy Guy','Albert King'),('Buddy Guy','Buddy Guy & Junior Wells'),('Buddy Guy','Otis Rush'),('Buddy Guy','Stevie Ray Vaughan and Double Trouble'),('Cage the Elephant','Arctic Monkeys'),('Cage the Elephant','Franz Ferdinand'),('Cage the Elephant','The Black Keys'),('Cage the Elephant','The Fratellis'),('Cage the Elephant','The Strokes'),('Cain\'s Offering','Altaria'),('Cain\'s Offering','Celesty'),('Cain\'s Offering','Kotipelto'),('Cain\'s Offering','Revolution Renaissance'),('Cain\'s Offering','Sonata Arctica'),('Calvin Harris','Avicii'),('Calvin Harris','Example'),('Calvin Harris','Nicky Romero'),('Calvin Harris','Swedish House Mafia'),('Calvin Harris','Zedd'),('Capital Inicial','Biquini Cavadão'),('Capital Inicial','Detonautas Roque Clube'),('Capital Inicial','Engenheiros Do Hawaii'),('Capital Inicial','Jota Quest'),('Capital Inicial','Legião Urbana'),('Cazuza','Barão Vermelho'),('Cazuza','Cássia Eller'),('Cazuza','Legião Urbana'),('Cazuza','Los Hermanos'),('Cazuza','Nando Reis'),('Celtic Woman','Chloe Agnew'),('Celtic Woman','Lisa Kelly'),('Celtic Woman','Máiréad Nesbitt'),('Celtic Woman','Méav'),('Celtic Woman','Órla Fallon'),('Charlie Brown JR.','CPM 22'),('Charlie Brown JR.','Detonautas Roque Clube'),('Charlie Brown JR.','Forfun'),('Charlie Brown JR.','Marcelo D2'),('Charlie Brown JR.','O Rappa'),('Chico Buarque','Caetano Veloso'),('Chico Buarque','Caetano Veloso & Chico Buarque'),('Chico Buarque','Cartola'),('Chico Buarque','Chico Buarque & Maria Bethânia'),('Chico Buarque','Vinicius de Moraes'),('Chuck Berry','Carl Perkins'),('Chuck Berry','Eddie Cochran'),('Chuck Berry','Jerry Lee Lewis'),('Chuck Berry','Little Richard'),('Chuck Berry','Muddy Waters'),('Clara Nunes','Beth Carvalho'),('Clara Nunes','Dona Ivone Lara'),('Clara Nunes','Gal Costa'),('Clara Nunes','Maria Bethânia'),('Clara Nunes','Paulinho Da Viola'),('Clara Sofie','Clemens'),('Clara Sofie','Michael Rune'),('Clara Sofie','Niklas'),('Clara Sofie','Rasmus Thude'),('Clara Sofie','Svenstrup & Vendelboe'),('Colbie Caillat','Carrie Underwood'),('Colbie Caillat','Jason Reeves'),('Colbie Caillat','Lady Antebellum'),('Colbie Caillat','Natasha Bedingfield'),('Colbie Caillat','Sara Bareilles'),('Coldplay','Keane'),('Coldplay','Kings of Leon'),('Coldplay','Muse'),('Coldplay','OneRepublic'),('Coldplay','Snow Patrol'),('CPM 22','Charlie Brown JR.'),('CPM 22','Cueio Limão'),('CPM 22','Dead Fish'),('CPM 22','Detonautas Roque Clube'),('CPM 22','Hateen'),('Creed','3 Doors Down'),('Creed','Alter Bridge'),('Creed','Scott Stapp'),('Creed','Staind'),('Creed','The Mayfield Four'),('Creedence Clearwater Revival','Canned Heat'),('Creedence Clearwater Revival','Cream'),('Creedence Clearwater Revival','John Fogerty'),('Creedence Clearwater Revival','Lynyrd Skynyrd'),('Creedence Clearwater Revival','Steppenwolf'),('Cro-mags','Breakdown'),('Cro-mags','Judge'),('Cro-mags','Leeway'),('Cro-mags','Underdog'),('Cro-mags','Warzone'),('Daft Punk','Justice'),('Daft Punk','Le Knight Club'),('Daft Punk','Scott Grooves'),('Daft Punk','Stardust'),('Daft Punk','Thomas Bangalter'),('Damien Rice','Damien Rice & Lisa Hannigan'),('Damien Rice','Glen Hansard & Markéta Irglová'),('Damien Rice','Lisa Hannigan'),('Damien Rice','The Frames'),('Damien Rice','The Swell Season'),('Damn Yankees','Bulletboys'),('Damn Yankees','Danger Danger'),('Damn Yankees','Kix'),('Damn Yankees','Night Ranger'),('Damn Yankees','Winger'),('Dave Matthews Band','Blues Traveler'),('Dave Matthews Band','Dave Matthews'),('Dave Matthews Band','Dave Matthews & Friends'),('Dave Matthews Band','Dave Matthews & Tim Reynolds'),('Dave Matthews Band','O.A.R.'),('David Bowie','Iggy Pop'),('David Bowie','Lou Reed'),('David Bowie','Roxy Music'),('David Bowie','T. Rex'),('David Bowie','Tin Machine'),('David Garrett','Adoro'),('David Garrett','Bond'),('David Garrett','Edvin Marton'),('David Garrett','Escala'),('David Garrett','Vanessa-Mae'),('David Guetta','Calvin Harris'),('David Guetta','Flo Rida'),('David Guetta','Pitbull'),('David Guetta','Snoop Dogg vs. David Guetta'),('David Guetta','Swedish House Mafia'),('deadmau5','Billy Newton-Davis vs. Deadmau5'),('deadmau5','BSOD'),('deadmau5','deadmau5 & Chris Lake'),('deadmau5','deadmau5 & Kaskade'),('deadmau5','Melleefresh vs. Deadmau5'),('Deep Purple','Black Sabbath'),('Deep Purple','Ian Gillan'),('Deep Purple','Rainbow'),('Deep Purple','Uriah Heep'),('Deep Purple','Whitesnake'),('Demi Lovato','Camp Rock'),('Demi Lovato','Demi Lovato & Joe Jonas'),('Demi Lovato','Jonas Brothers'),('Demi Lovato','Miley Cyrus'),('Demi Lovato','Selena Gomez & the Scene'),('Demons & Wizards','Blind Guardian'),('Demons & Wizards','Iced Earth'),('Demons & Wizards','Lucifer\'s Heritage'),('Demons & Wizards','Pyramaze'),('Demons & Wizards','Savage Circus'),('Destiny\'s Child','Beyoncé'),('Destiny\'s Child','Brandy'),('Destiny\'s Child','Ciara'),('Destiny\'s Child','Kelly Rowland'),('Destiny\'s Child','Michelle Williams'),('Dilermando Reis','Altamiro Carrilho'),('Dilermando Reis','Jacob Do Bandolim'),('Dilermando Reis','Paulinho Nogueira'),('Dilermando Reis','Radamés Gnattali'),('Dilermando Reis','Raphael Rabello'),('Dimebag Darrell','Damageplan'),('Dimebag Darrell','Pantera'),('Dimebag Darrell','Rebel Meets Rebel'),('Dimebag Darrell','Southern Isolation'),('Dimebag Darrell','Superjoint Ritual'),('Dimmu Borgir','Behemoth'),('Dimmu Borgir','Cradle of Filth'),('Dimmu Borgir','Dark Funeral'),('Dimmu Borgir','Old Man\'s Child'),('Dimmu Borgir','Satyricon'),('Dinosaur Jr.','Hüsker Dü'),('Dinosaur Jr.','J Mascis'),('Dinosaur Jr.','J Mascis and the Fog'),('Dinosaur Jr.','Sebadoh'),('Dinosaur Jr.','Sonic Youth'),('Dio','Black Sabbath'),('Dio','Elf'),('Dio','Heaven & Hell'),('Dio','Judas Priest'),('Dio','Rainbow'),('Dire Straits','Chet Atkins & Mark Knopfler'),('Dire Straits','Chris Rea'),('Dire Straits','Eric Clapton'),('Dire Straits','Mark Knopfler'),('Dire Straits','The Notting Hillbillies'),('Do As Infinity','Every Little Thing'),('Do As Infinity','moumoon'),('Do As Infinity','the brilliant green'),('Do As Infinity','Tomiko Van'),('Do As Infinity','伴都美子'),('DOES','Kamagata Eiichi'),('DOES','Prague'),('DOES','redballoon'),('DOES','serial TV drama'),('DOES','The Rodeo Carburettor'),('Dream Theater','James LaBrie'),('Dream Theater','John Petrucci'),('Dream Theater','Jordan Rudess'),('Dream Theater','Liquid Tension Experiment'),('Dream Theater','Transatlantic'),('Dropkick Murphys','Flatfoot 56'),('Dropkick Murphys','Flogging Molly'),('Dropkick Murphys','Street Dogs'),('Dropkick Murphys','The Real McKenzies'),('Dropkick Murphys','The Tossers'),('Eagles','Bob Seger'),('Eagles','Bob Seger & The Silver Bullet Band'),('Eagles','Don Henley'),('Eagles','Glenn Frey'),('Eagles','Tom Petty'),('Edguy','Avantasia'),('Edguy','Freedom Call'),('Edguy','Gamma Ray'),('Edguy','Helloween'),('Edguy','Stratovarius'),('Elis Regina','Gal Costa'),('Elis Regina','Maria Bethânia'),('Elis Regina','Maria Rita'),('Elis Regina','Milton Nascimento'),('Elis Regina','Ney Matogrosso'),('Ella Fitzgerald','Billie Holiday'),('Ella Fitzgerald','Ella Fitzgerald & Duke Ellington'),('Ella Fitzgerald','Ella Fitzgerald & Louis Armstrong'),('Ella Fitzgerald','Louis Armstrong'),('Ella Fitzgerald','Sarah Vaughan'),('Eluveitie','Arkona'),('Eluveitie','Ensiferum'),('Eluveitie','Equilibrium'),('Eluveitie','Finntroll'),('Eluveitie','Korpiklaani'),('Eminem','50 Cent'),('Eminem','Bad Meets Evil'),('Eminem','Ca$his'),('Eminem','D12'),('Eminem','Stat Quo'),('Ennio Morricone','Bernard Herrmann'),('Ennio Morricone','Bruno Nicolai'),('Ennio Morricone','Jerry Goldsmith'),('Ennio Morricone','Riz Ortolani'),('Ennio Morricone','Stelvio Cipriani'),('Enya','Clannad'),('Enya','Enigma'),('Enya','Era'),('Enya','Loreena McKennitt'),('Enya','The Taliesin Orchestra'),('Era','Amethystium'),('Era','Enigma'),('Era','Gregorian'),('Era','Lesiëm'),('Era','Solyma'),('Eric Clapton','B.B. King & Eric Clapton'),('Eric Clapton','Cream'),('Eric Clapton','Derek and the Dominos'),('Eric Clapton','J.J. Cale & Eric Clapton'),('Eric Clapton','Stevie Ray Vaughan'),('Evanescence','Amy Lee'),('Evanescence','Lacuna Coil'),('Evanescence','Pitty'),('Evanescence','We Are the Fallen'),('Evanescence','Within Temptation'),('Fall Out Boy','All Time Low'),('Fall Out Boy','My Chemical Romance'),('Fall Out Boy','Panic! At the Disco'),('Fall Out Boy','Patrick Stump'),('Fall Out Boy','The Academy Is...'),('Felix Da Housecat','Golden Boy with Miss Kittin'),('Felix Da Housecat','Les Rythmes Digitales'),('Felix Da Housecat','Miss Kittin'),('Felix Da Housecat','Miss Kittin & The Hacker'),('Felix Da Housecat','Tiga'),('Flogging Molly','Dropkick Murphys'),('Flogging Molly','Fiddler\'s Green'),('Flogging Molly','The Mahones'),('Flogging Molly','The Real McKenzies'),('Flogging Molly','The Tossers'),('Foo Fighters','Audioslave'),('Foo Fighters','Nirvana'),('Foo Fighters','Queens of the Stone Age'),('Foo Fighters','Taylor Hawkins & The Coattail Riders'),('Foo Fighters','Them Crooked Vultures'),('Frédéric Chopin','Franz Liszt'),('Frédéric Chopin','Franz Schubert'),('Frédéric Chopin','Johannes Brahms'),('Frédéric Chopin','Ludwig van Beethoven'),('Frédéric Chopin','Sergei Rachmaninoff'),('Fugazi','Drive Like Jehu'),('Fugazi','Minor Threat'),('Fugazi','Rites of Spring'),('Fugazi','The Evens'),('Fugazi','The Nation of Ulysses'),('Garbage','Angelfish'),('Garbage','Hole'),('Garbage','No Doubt'),('Garbage','Republica'),('Garbage','The Cardigans'),('Gareth Emery','Ashley Wallbridge'),('Gareth Emery','Dash Berlin'),('Gareth Emery','John O\'Callaghan'),('Gareth Emery','Markus Schulz'),('Gareth Emery','Tritonal'),('Gary Clark Jr.','Alabama Shakes'),('Gary Clark Jr.','Allen Stone'),('Gary Clark Jr.','Black Joe Lewis & The Honeybears'),('Gary Clark Jr.','Phranchyze'),('Gary Clark Jr.','The Stone Foxes'),('GMS','Alien Project'),('GMS','Cosmosis'),('GMS','Eskimo'),('GMS','Sesto Sento'),('GMS','Talamasca'),('Gogol Bordello','Emir Kusturica & The No Smoking Orchestra'),('Gogol Bordello','Goran Bregović'),('Gogol Bordello','J.U.F.'),('Gogol Bordello','Kultur Shock'),('Gogol Bordello','Ленинград'),('Goo Goo Dolls','Five for Fighting'),('Goo Goo Dolls','Lifehouse'),('Goo Goo Dolls','Matchbox Twenty'),('Goo Goo Dolls','The Calling'),('Goo Goo Dolls','Vertical Horizon'),('Gorillaz','Blur'),('Gorillaz','Daft Punk'),('Gorillaz','Damon Albarn'),('Gorillaz','Space Monkeyz vs. Gorillaz'),('Gorillaz','The Good, the Bad & the Queen'),('Green Day','Foxboro Hot Tubs'),('Green Day','My Chemical Romance'),('Green Day','Pinhead Gunpowder'),('Green Day','Sum 41'),('Green Day','The Network'),('Guns N\' Roses','Izzy Stradlin'),('Guns N\' Roses','Skid Row'),('Guns N\' Roses','Slash'),('Guns N\' Roses','Slash\'s Snakepit'),('Guns N\' Roses','Velvet Revolver'),('Gym Class Heroes','B.o.B'),('Gym Class Heroes','Cobra Starship'),('Gym Class Heroes','Patrick Stump'),('Gym Class Heroes','The Academy Is...'),('Gym Class Heroes','Travie McCoy'),('Hans Zimmer','Hans Zimmer & James Newton Howard'),('Hans Zimmer','Harry Gregson-Williams'),('Hans Zimmer','James Horner'),('Hans Zimmer','James Newton Howard'),('Hans Zimmer','Steve Jablonsky'),('Hardwell','Brainless'),('Hardwell','Dannic'),('Hardwell','Dyro'),('Hardwell','Jordy Dazz'),('Hardwell','Nicky Romero'),('Helloween','Andi Deris'),('Helloween','Avantasia'),('Helloween','Edguy'),('Helloween','Gamma Ray'),('Helloween','Stratovarius'),('Hellyeah','Damageplan'),('Hellyeah','Kill Devil Hill'),('Hellyeah','Mudvayne'),('Hellyeah','Rebel Meets Rebel'),('Hellyeah','Texas Hippie Coalition'),('HIM','Daniel Lioneye'),('HIM','Negative'),('HIM','The 69 Eyes'),('HIM','The Rasmus'),('HIM','Ville Valo'),('Hot Water Music','Chris Wollard & The Ship Thieves'),('Hot Water Music','Chuck Ragan'),('Hot Water Music','Samiam'),('Hot Water Music','The Draft'),('Hot Water Music','The Loved Ones'),('Howard Shore','Hans Zimmer'),('Howard Shore','Howard Shore & Renée Fleming'),('Howard Shore','Howard Shore, Sir James Galway, Viggo Mortensen & '),('Howard Shore','John Williams'),('Howard Shore','The Dwarf Cast'),('Howlin\' Wolf','Elmore James'),('Howlin\' Wolf','John Lee Hooker'),('Howlin\' Wolf','Little Walter'),('Howlin\' Wolf','Muddy Waters'),('Howlin\' Wolf','Sonny Boy Williamson'),('Hüsker Dü','Bob Mould'),('Hüsker Dü','Grant Hart'),('Hüsker Dü','Minutemen'),('Hüsker Dü','Sugar'),('Hüsker Dü','The Replacements'),('Iced Earth','Blind Guardian'),('Iced Earth','Demons & Wizards'),('Iced Earth','Gamma Ray'),('Iced Earth','Grave Digger'),('Iced Earth','Pyramaze'),('In Flames','All That Remains'),('In Flames','Children of Bodom'),('In Flames','Dark Tranquillity'),('In Flames','Soilwork'),('In Flames','Sonic Syndicate'),('Incubus','Audioslave'),('Incubus','Audiovent'),('Incubus','Brandon Boyd'),('Incubus','Deftones'),('Incubus','Foo Fighters'),('Infected Mushroom','1200 Micrograms'),('Infected Mushroom','Astrix'),('Infected Mushroom','Infected Mushroom Vs Violent Vision'),('Infected Mushroom','Shpongle'),('Infected Mushroom','Yahel'),('Interpol','Editors'),('Interpol','Julian Plenti'),('Interpol','Paul Banks'),('Interpol','The Cinematics'),('Interpol','White Lies'),('Iron Maiden','Black Sabbath'),('Iron Maiden','Bruce Dickinson'),('Iron Maiden','Helloween'),('Iron Maiden','Judas Priest'),('Iron Maiden','Megadeth'),('Ivete Sangalo','Babado Novo'),('Ivete Sangalo','Banda Eva'),('Ivete Sangalo','Cheiro de Amor'),('Ivete Sangalo','Claudia Leitte'),('Ivete Sangalo','Daniela Mercury'),('Jack','Anthony Reynolds'),('Jack','Cinerama'),('Jack','Gene'),('Jack','Jacques'),('Jack','My Life Story'),('Jack Johnson','Ben Harper'),('Jack Johnson','Dave Matthews & Tim Reynolds'),('Jack Johnson','Donavon Frankenreiter'),('Jack Johnson','Jack Johnson & Ben Harper'),('Jack Johnson','Zach Gill'),('Janis Joplin','Big Brother & The Holding Company'),('Janis Joplin','Jefferson Airplane'),('Janis Joplin','Jimi Hendrix'),('Janis Joplin','Led Zeppelin'),('Janis Joplin','The Doors'),('Jason Mraz','Eric Hutchinson'),('Jason Mraz','Gavin DeGraw'),('Jason Mraz','James Morrison'),('Jason Mraz','John Mayer'),('Jason Mraz','Tristan Prettyman'),('jealkb','DuelJewel'),('jealkb','heidi.'),('jealkb','Kra'),('jealkb','カラス'),('jealkb','ムック'),('Jenni Vartiainen','Anna Puu'),('Jenni Vartiainen','Chisu'),('Jenni Vartiainen','Irina'),('Jenni Vartiainen','Laura Närhi'),('Jenni Vartiainen','PMMP'),('Jennifer Lopez','Britney Spears'),('Jennifer Lopez','Cheryl Cole'),('Jennifer Lopez','Ciara'),('Jennifer Lopez','Nicole Scherzinger'),('Jennifer Lopez','The Pussycat Dolls'),('Jimi Hendrix','Cream'),('Jimi Hendrix','Led Zeppelin'),('Jimi Hendrix','Stevie Ray Vaughan'),('Jimi Hendrix','The Doors'),('Jimi Hendrix','The Jimi Hendrix Experience'),('Joan Jett','Joan Jett and the Blackhearts'),('Joan Jett','Lita Ford'),('Joan Jett','Runaways'),('Joan Jett','Suzi Quatro'),('Joan Jett','The Runaways'),('Joe Bonamassa','Beth Hart'),('Joe Bonamassa','Beth Hart & Joe Bonamassa'),('Joe Bonamassa','Black Country Communion'),('Joe Bonamassa','Kenny Wayne Shepherd Band'),('Joe Bonamassa','Walter Trout'),('Johann Sebastian Bach','Franz Joseph Haydn'),('Johann Sebastian Bach','Georg Friedrich Händel'),('Johann Sebastian Bach','Johannes Brahms'),('Johann Sebastian Bach','Ludwig van Beethoven'),('Johann Sebastian Bach','Wolfgang Amadeus Mozart'),('John Mayer','David Ryan Harris'),('John Mayer','Gavin DeGraw'),('John Mayer','Jack Johnson'),('John Mayer','Jason Mraz'),('John Mayer','John Mayer Trio'),('Jon Lajoie','Nice Peter'),('Jon Lajoie','Psychostick'),('Jon Lajoie','Stephen Lynch'),('Jon Lajoie','Tenacious D'),('Jon Lajoie','The Lonely Island'),('Jota Quest','Biquini Cavadão'),('Jota Quest','Capital Inicial'),('Jota Quest','Ls Jack'),('Jota Quest','Lulu Santos'),('Jota Quest','Skank'),('Judas Priest','Accept'),('Judas Priest','Fight'),('Judas Priest','Halford'),('Judas Priest','Iron Maiden'),('Judas Priest','Saxon'),('Justin Bieber','Cody Simpson'),('Justin Bieber','Conor Maynard'),('Justin Bieber','Miley Cyrus'),('Justin Bieber','One Direction'),('Justin Bieber','Selena Gomez & the Scene'),('Kamelot','Avantasia'),('Kamelot','Epica'),('Kamelot','Serenity'),('Kamelot','Seventh Wonder'),('Kamelot','Sonata Arctica'),('Katy Perry','Jessie J'),('Katy Perry','Ke$ha'),('Katy Perry','Rihanna'),('Katy Perry','Selena Gomez & the Scene'),('Katy Perry','The Matrix'),('Kelly Clarkson','Carrie Underwood'),('Kelly Clarkson','Jordin Sparks'),('Kelly Clarkson','Katharine McPhee'),('Kelly Clarkson','Leona Lewis'),('Kelly Clarkson','P!nk'),('King Crimson','Emerson, Lake & Palmer'),('King Crimson','Giles, Giles & Fripp'),('King Crimson','Robert Fripp'),('King Crimson','Van der Graaf Generator'),('King Crimson','Yes'),('Kiss','Ace Frehley'),('Kiss','Gene Simmons'),('Kiss','Mötley Crüe'),('Kiss','Paul Stanley'),('Kiss','Peter Criss'),('Kōji Wada','Ayumi Miyazaki'),('Kōji Wada','Barney Stinson (NPH)'),('Kōji Wada','DIC Enterprises'),('Kōji Wada','Ragnarök the Animation'),('Kōji Wada','TWE SHELLSHOCKR'),('Korpiklaani','Alestorm'),('Korpiklaani','Eluveitie'),('Korpiklaani','Ensiferum'),('Korpiklaani','Finntroll'),('Korpiklaani','Turisas'),('Lacrimosa','Anabantha'),('Lacrimosa','Illuminate'),('Lacrimosa','L\'Âme Immortelle'),('Lacrimosa','Snakeskin'),('Lacrimosa','Sopor Aeternus & The Ensemble of Shadows'),('Lady Gaga','Azealia Banks'),('Lady Gaga','Ke$ha'),('Lady Gaga','Lana Del Rey'),('Lady Gaga','Marina & the Diamonds'),('Lady Gaga','Natalia Kills'),('Led Zeppelin','Black Sabbath'),('Led Zeppelin','Jimi Hendrix'),('Led Zeppelin','Page & Plant'),('Led Zeppelin','Pink Floyd'),('Led Zeppelin','The Doors'),('Legião Urbana','Barão Vermelho'),('Legião Urbana','Capital Inicial'),('Legião Urbana','Cazuza'),('Legião Urbana','Engenheiros Do Hawaii'),('Legião Urbana','Renato Russo'),('Lily Allen','Amy Winehouse'),('Lily Allen','Gwen Stefani'),('Lily Allen','Kate Nash'),('Lily Allen','Marina & the Diamonds'),('Lily Allen','P!nk'),('Lindsey Stirling','Eppic feat. Lindsey Stirling'),('Lindsey Stirling','Lindsey Stirling & Peter Hollens'),('Lindsey Stirling','Lindsey Stirling and Shaun Barrowes'),('Lindsey Stirling','Megan Nicole & Lindsey Stirling'),('Lindsey Stirling','Peter Hollens & Lindsey Stirling'),('Linkin Park','Dead By Sunrise'),('Linkin Park','Fort Minor'),('Linkin Park','Jay-Z and Linkin Park'),('Linkin Park','Mike Shinoda'),('Linkin Park','Xero'),('Lissie','Brandi Carlile'),('Lissie','Diane Birch'),('Lissie','Ellie Goulding'),('Lissie','Eva & The Heartmaker'),('Lissie','Ingrid Olava'),('Lordi','Bloodbound'),('Lordi','Hammerfall'),('Lordi','Powerwolf'),('Lordi','Sabaton'),('Lordi','Teräsbetoni'),('Los Hermanos','Apanhador Só'),('Los Hermanos','Cícero'),('Los Hermanos','Little Joy'),('Los Hermanos','Mallu Magalhães'),('Los Hermanos','Marcelo Camelo'),('Ludwig van Beethoven','Franz Joseph Haydn'),('Ludwig van Beethoven','Franz Schubert'),('Ludwig van Beethoven','Johann Sebastian Bach'),('Ludwig van Beethoven','Johannes Brahms'),('Ludwig van Beethoven','Wolfgang Amadeus Mozart'),('Lynyrd Skynyrd','Blackfoot'),('Lynyrd Skynyrd','Molly Hatchet'),('Lynyrd Skynyrd','The Allman Brothers Band'),('Lynyrd Skynyrd','Van Zant'),('Lynyrd Skynyrd','ZZ Top'),('Madonna','Britney Spears'),('Madonna','Cher'),('Madonna','Cyndi Lauper'),('Madonna','Janet Jackson'),('Madonna','Kylie Minogue'),('Mamonas Assassinas','Gabriel O Pensador'),('Mamonas Assassinas','Massacration'),('Mamonas Assassinas','Pedra Letícia'),('Mamonas Assassinas','Raimundos'),('Mamonas Assassinas','Ultraje a Rigor'),('Manau','Les Fatals Picards'),('Manau','Martial'),('Manau','Matmatah'),('Manau','MC Solaar'),('Manau','Tryo'),('Manowar','Accept'),('Manowar','Grave Digger'),('Manowar','Hammerfall'),('Manowar','Judas Priest'),('Manowar','Running Wild'),('Manu Chao','Che Sudaka'),('Manu Chao','Karamelo Santo'),('Manu Chao','Los Fabulosos Cadillacs'),('Manu Chao','Mano Negra'),('Manu Chao','Tonino Carotone'),('Marcus Miller','Alain Caron'),('Marcus Miller','Jaco Pastorius'),('Marcus Miller','S.M.V.'),('Marcus Miller','Stanley Clarke'),('Marcus Miller','Victor Wooten'),('Marilyn Manson','John 5'),('Marilyn Manson','Marilyn Manson & The Spooky Kids'),('Marilyn Manson','Nine Inch Nails'),('Marilyn Manson','Rob Zombie'),('Marilyn Manson','Skold'),('Markus Schulz','Andy Moor'),('Markus Schulz','KhoMha'),('Markus Schulz','Mr. Pit'),('Markus Schulz','Rex Mundi'),('Markus Schulz','Skytech'),('Maroon 5','Bruno Mars'),('Maroon 5','Justin Timberlake'),('Maroon 5','OneRepublic'),('Maroon 5','The Script'),('Maroon 5','Train'),('Massacration','Mamonas Assassinas'),('Massacration','Matanza'),('Massacration','Raimundos'),('Massacration','Ultraje a Rigor'),('Massacration','Velhas Virgens'),('Matanza','Massacration'),('Matanza','Raimundos'),('Matanza','Tequila Baby'),('Matanza','Velhas Virgens'),('Matanza','Zumbis do Espaço'),('Matchbox Twenty','Goo Goo Dolls'),('Matchbox Twenty','Lifehouse'),('Matchbox Twenty','Rob Thomas'),('Matchbox Twenty','Tabitha\'s Secret'),('Matchbox Twenty','Train'),('Maximum the Hormone','abingdon boys school'),('Maximum the Hormone','Detroit Metal City'),('Maximum the Hormone','HIGH and MIGHTY COLOR'),('Maximum the Hormone','Nightmare'),('Maximum the Hormone','ギルガメッシュ'),('May\'n','シェリル・ノーム starring May\'n'),('May\'n','中島愛'),('May\'n','水樹奈々'),('May\'n','茅原実里'),('May\'n','飛蘭'),('Megadeth','Anthrax'),('Megadeth','Exodus'),('Megadeth','MD.45'),('Megadeth','Pantera'),('Megadeth','Slayer'),('Metallica','Anthrax'),('Metallica','Iron Maiden'),('Metallica','Megadeth'),('Metallica','Pantera'),('Metallica','Slayer'),('Michael Giacchino','Alan Silvestri'),('Michael Giacchino','Jerry Goldsmith'),('Michael Giacchino','John Williams'),('Michael Giacchino','Skywalker Sound'),('Michael Giacchino','Thomas Newman'),('Michael Jackson','Janet Jackson'),('Michael Jackson','Jermaine Jackson'),('Michael Jackson','Michael Jackson & Paul McCartney'),('Michael Jackson','The Jackson 5'),('Michael Jackson','The Jacksons'),('Miles Davis Quintet','Hank Mobley'),('Miles Davis Quintet','John Coltrane'),('Miles Davis Quintet','John Coltrane Quartet'),('Miles Davis Quintet','Miles Davis'),('Miles Davis Quintet','Miles Davis & Thelonious Monk'),('Minor Threat','7Seconds'),('Minor Threat','Bad Brains'),('Minor Threat','Black Flag'),('Minor Threat','Circle Jerks'),('Minor Threat','Gorilla Biscuits'),('Minutemen','fIREHOSE'),('Minutemen','Hüsker Dü'),('Minutemen','Meat Puppets'),('Minutemen','Mike Watt'),('Minutemen','Mission of Burma'),('Misfits','Blitzkid'),('Misfits','Calabrese'),('Misfits','Michale Graves'),('Misfits','Ramones'),('Misfits','The Adicts'),('Molejo','Art Popular'),('Molejo','Grupo Molejo'),('Molejo','Katinguelê'),('Molejo','Os Morenos'),('Molejo','Só Pra Contrariar'),('Monobloco','Casuarina'),('Monobloco','Diogo Nogueira'),('Monobloco','Fundo de Quintal'),('Monobloco','Sambô'),('Monobloco','Zeca Pagodinho'),('Morphine','A.K.A.C.O.D.'),('Morphine','Bourbon Princess'),('Morphine','Mark Sandman'),('Morphine','Treat Her Right'),('Morphine','Twinemen'),('Motörhead','Anthrax'),('Motörhead','Black Sabbath'),('Motörhead','Exodus'),('Motörhead','Slayer'),('Motörhead','Venom'),('Móveis Coloniais de Acaju','Apanhador Só'),('Móveis Coloniais de Acaju','Los Hermanos'),('Móveis Coloniais de Acaju','Mombojó'),('Móveis Coloniais de Acaju','Móveis Coloniais de Acaju e Leoni'),('Móveis Coloniais de Acaju','Vanguart'),('Mr. Big','Eric Martin'),('Mr. Big','Extreme'),('Mr. Big','Paul Gilbert'),('Mr. Big','Racer X'),('Mr. Big','Richie Kotzen'),('Muddy Waters','Buddy Guy'),('Muddy Waters','Howlin\' Wolf'),('Muddy Waters','John Lee Hooker'),('Muddy Waters','Little Walter'),('Muddy Waters','Robert Johnson'),('Mumford & Sons','Ben Howard'),('Mumford & Sons','Laura Marling'),('Mumford & Sons','Of Monsters and Men'),('Mumford & Sons','The Lumineers'),('Mumford & Sons','The Wedding Band'),('Muse','Franz Ferdinand'),('Muse','Kasabian'),('Muse','Placebo'),('Muse','Radiohead'),('Muse','The Killers'),('My Bloody Valentine','Chapterhouse'),('My Bloody Valentine','Deerhunter'),('My Bloody Valentine','Ride'),('My Bloody Valentine','Ringo Deathstarr'),('My Bloody Valentine','Slowdive'),('My Chemical Romance','Fall Out Boy'),('My Chemical Romance','Leathermouth'),('My Chemical Romance','Panic! At the Disco'),('My Chemical Romance','Pencey Prep'),('My Chemical Romance','The Used'),('Nazareth','Deep Purple'),('Nazareth','Rainbow'),('Nazareth','Slade'),('Nazareth','UFO'),('Nazareth','Uriah Heep'),('NERVO','Alesso'),('NERVO','Dimitri Vegas'),('NERVO','Dirty South'),('NERVO','Hardwell'),('NERVO','Nicky Romero'),('Ney Matogrosso','Caetano Veloso'),('Ney Matogrosso','Gal Costa'),('Ney Matogrosso','Maria Bethânia'),('Ney Matogrosso','Ney Matogrosso & Pedro Luís e A Parede'),('Ney Matogrosso','Secos & Molhados'),('Nickelback','3 Doors Down'),('Nickelback','Chad Kroeger'),('Nickelback','Daughtry'),('Nickelback','Hinder'),('Nickelback','Theory of a Deadman'),('Nicky Romero','Alesso'),('Nicky Romero','Hard Rock Sofa'),('Nicky Romero','Hardwell'),('Nicky Romero','Swanky Tunes'),('Nicky Romero','Tommy Trash'),('Nightwish','After Forever'),('Nightwish','Epica'),('Nightwish','Tarja'),('Nightwish','Within Temptation'),('Nightwish','Xandria'),('Nirvana','Alice in Chains'),('Nirvana','Foo Fighters'),('Nirvana','Hole'),('Nirvana','Mudhoney'),('Nirvana','Pagoda'),('Northern Kings','Cain\'s Offering'),('Northern Kings','Charon'),('Northern Kings','Sonata Arctica'),('Northern Kings','Tarot'),('Northern Kings','Teräsbetoni'),('Oasis','Beady Eye'),('Oasis','Noel Gallagher'),('Oasis','Noel Gallagher\'s High Flying Birds'),('Oasis','The Stone Roses'),('Oasis','The Verve'),('OceanLab','Above & Beyond'),('OceanLab','Nitrous Oxide'),('OceanLab','Oliver Smith'),('OceanLab','Super8 & Tab'),('OceanLab','Tranquility Base'),('Operation Ivy','Choking Victim'),('Operation Ivy','Common Rider'),('Operation Ivy','Leftöver Crack'),('Operation Ivy','Rancid'),('Operation Ivy','The Suicide Machines'),('Opeth','Bloodbath'),('Opeth','Katatonia'),('Opeth','Porcupine Tree'),('Opeth','Steven Wilson'),('Opeth','Storm Corrosion'),('Orjan Nilsen','Andrew Rayel'),('Orjan Nilsen','Beat Service'),('Orjan Nilsen','Mark Otten'),('Orjan Nilsen','Shogun'),('Orjan Nilsen','W&W'),('Os Mutantes','Arnaldo Baptista'),('Os Mutantes','Júpiter Maçã'),('Os Mutantes','Novos Baianos'),('Os Mutantes','Secos & Molhados'),('Os Mutantes','Tom Zé'),('Os Paralamas Do Sucesso','Barão Vermelho'),('Os Paralamas Do Sucesso','Herbert Vianna'),('Os Paralamas Do Sucesso','Skank'),('Os Paralamas Do Sucesso','Titãs'),('Os Paralamas Do Sucesso','Titãs & Paralamas'),('OzzY','A.J.K.S.'),('OzzY','Krvavy'),('OzzY','Monometria'),('OzzY','Projekt Wolnych Wierszy'),('OzzY','SumaStyli'),('Ozzy Osbourne','Black Label Society'),('Ozzy Osbourne','Black Sabbath'),('Ozzy Osbourne','Dio'),('Ozzy Osbourne','Iron Maiden'),('Ozzy Osbourne','Judas Priest'),('Paco de Lucía','Camarón de la Isla'),('Paco de Lucía','Manolo Sanlucar'),('Paco de Lucía','Paco de Lucía y Ramón de Algeciras'),('Paco de Lucía','Tomatito'),('Paco de Lucía','Vicente Amigo'),('Panic! At the Disco','Brendon Urie'),('Panic! At the Disco','Cobra Starship'),('Panic! At the Disco','Fall Out Boy'),('Panic! At the Disco','The Brobecks'),('Panic! At the Disco','The Young Veins'),('Pantera','Black Label Society'),('Pantera','Damageplan'),('Pantera','Down'),('Pantera','Slayer'),('Pantera','Superjoint Ritual'),('Paramore','Avril Lavigne'),('Paramore','Hayley Williams'),('Paramore','Hey Monday'),('Paramore','The Pretty Reckless'),('Paramore','VersaEmerge'),('Paul McCartney','George Harrison'),('Paul McCartney','Paul McCartney & Wings'),('Paul McCartney','Ringo Starr'),('Paul McCartney','The Fireman'),('Paul McCartney','Wings'),('Paul van Dyk','Bart Claessen'),('Paul van Dyk','Effective Force'),('Paul van Dyk','Ferry Corsten'),('Paul van Dyk','Giuseppe Ottaviani'),('Paul van Dyk','Paul van Dyk feat. Wayne Jackson'),('Pearl Jam','Alice in Chains'),('Pearl Jam','Eddie Vedder'),('Pearl Jam','Mother Love Bone'),('Pearl Jam','Soundgarden'),('Pearl Jam','Temple of the Dog'),('Phil Collins','Bryan Adams'),('Phil Collins','Genesis'),('Phil Collins','Mike & The Mechanics'),('Phil Collins','Simply Red'),('Phil Collins','Sting'),('Phoenix','Local Natives'),('Phoenix','Passion Pit'),('Phoenix','The Strokes'),('Phoenix','Two Door Cinema Club'),('Phoenix','Vampire Weekend'),('Pink','Anastacia'),('Pink','Jessie J'),('Pink','Katy Perry'),('Pink','Kelly Clarkson'),('Pink','P!nk'),('Pink Floyd','David Gilmour'),('Pink Floyd','Led Zeppelin'),('Pink Floyd','Roger Waters'),('Pink Floyd','Syd Barrett'),('Pink Floyd','The Doors'),('Pitty','Agridoce'),('Pitty','Cássia Eller'),('Pitty','Inkoma'),('Pitty','Luxúria'),('Pitty','Megh Stock'),('Planet Hemp','Black Alien'),('Planet Hemp','Marcelo D2'),('Planet Hemp','Ponto de Equilíbrio'),('Planet Hemp','Raimundos'),('Planet Hemp','Sabotage'),('Plus','Krishna Shan'),('Plus','Life\'s Little Tragedy'),('Plus','Missin\' Linx'),('Plus','New Kingdom'),('Plus','Small World'),('Public Enemy','Boogie Down Productions'),('Public Enemy','Eric B. & Rakim'),('Public Enemy','Ice-T'),('Public Enemy','KRS-One'),('Public Enemy','Run-D.M.C.'),('Pyotr Ilyich Tchaikovsky','Antonín Dvořák'),('Pyotr Ilyich Tchaikovsky','Johannes Brahms'),('Pyotr Ilyich Tchaikovsky','Ludwig van Beethoven'),('Pyotr Ilyich Tchaikovsky','Sergei Prokofiev'),('Pyotr Ilyich Tchaikovsky','Sergei Rachmaninoff'),('Queen','Brian May'),('Queen','Freddie Mercury'),('Queen','Freddie Mercury & Montserrat Caballé'),('Queen','Queen + Paul Rodgers'),('Queen','Roger Taylor'),('Queens of the Stone Age','Desert Sessions'),('Queens of the Stone Age','Eagles of Death Metal'),('Queens of the Stone Age','Kyuss'),('Queens of the Stone Age','Mondo Generator'),('Queens of the Stone Age','Them Crooked Vultures'),('Queensrÿche','Crimson Glory'),('Queensrÿche','Dokken'),('Queensrÿche','Fates Warning'),('Queensrÿche','Geoff Tate'),('Queensrÿche','Savatage'),('Radiohead','Atoms for Peace'),('Radiohead','Blur'),('Radiohead','Jonny Greenwood'),('Radiohead','Portishead'),('Radiohead','Thom Yorke'),('Rage Against the Machine','Audioslave'),('Rage Against the Machine','Deftones'),('Rage Against the Machine','Limp Bizkit'),('Rage Against the Machine','One Day as a Lion'),('Rage Against the Machine','Tool'),('Raimundos','Charlie Brown JR.'),('Raimundos','Matanza'),('Raimundos','Planet Hemp'),('Raimundos','Rodox'),('Raimundos','Ultraje a Rigor'),('Rainbow','Deep Purple'),('Rainbow','Dio'),('Rainbow','Elf'),('Rainbow','Uriah Heep'),('Rainbow','Whitesnake'),('Rammstein','Deathstars'),('Rammstein','Eisbrecher'),('Rammstein','Emigrate'),('Rammstein','Megaherz'),('Rammstein','Oomph!'),('Ramones','Dee Dee Ramone'),('Ramones','Joey Ramone'),('Ramones','Misfits'),('Ramones','Sex Pistols'),('Ramones','The Clash'),('Rancid','Lars Frederiksen and the Bastards'),('Rancid','NOFX'),('Rancid','Operation Ivy'),('Rancid','Tim Armstrong'),('Rancid','Transplants'),('Raphael Rabello','Baden Powell'),('Raphael Rabello','Dilermando Reis'),('Raphael Rabello','Hamilton de Holanda'),('Raphael Rabello','Paulinho Da Viola'),('Raphael Rabello','Yamandú Costa'),('Raul Seixas','Camisa de Vênus'),('Raul Seixas','Legião Urbana'),('Raul Seixas','Titãs'),('Raul Seixas','Ultraje a Rigor'),('Raul Seixas','Zé Ramalho'),('Ray Charles','Aretha Franklin'),('Ray Charles','James Brown'),('Ray Charles','Louis Armstrong'),('Ray Charles','Otis Redding'),('Ray Charles','Ray Charles & The Count Basie Orchestra'),('Red Hot Chili Peppers','Ataxia'),('Red Hot Chili Peppers','Foo Fighters'),('Red Hot Chili Peppers','John Frusciante'),('Red Hot Chili Peppers','John Frusciante and Josh Klinghoffer'),('Red Hot Chili Peppers','Rage Against the Machine'),('Reel Big Fish','Catch 22'),('Reel Big Fish','Less Than Jake'),('Reel Big Fish','Streetlight Manifesto'),('Reel Big Fish','Suburban Legends'),('Reel Big Fish','The Forces of Evil'),('Rhapsody of Fire','Fairyland'),('Rhapsody of Fire','Luca Turilli'),('Rhapsody of Fire','Luca Turilli\'s Rhapsody'),('Rhapsody of Fire','Rhapsody'),('Rhapsody of Fire','Vision Divine'),('Rihanna','Beyoncé'),('Rihanna','Christina Aguilera'),('Rihanna','Ke$ha'),('Rihanna','Nicki Minaj'),('Rihanna','Rita Ora'),('Rise Against','Anti-Flag'),('Rise Against','Billy Talent'),('Rise Against','Bullet for My Valentine'),('Rise Against','Sum 41'),('Rise Against','The Offspring'),('Rita Lee','Cássia Eller'),('Rita Lee','Gal Costa'),('Rita Lee','Os Mutantes'),('Rita Lee','Rita Lee & Roberto De Carvalho'),('Rita Lee','Rita Lee & Tutti Frutti'),('Rites of Spring','Fugazi'),('Rites of Spring','Happy Go Licky'),('Rites of Spring','Moss Icon'),('Rites of Spring','One Last Wish'),('Rites of Spring','The Nation of Ulysses'),('Roberto Carlos','Belchior'),('Roberto Carlos','Erasmo Carlos'),('Roberto Carlos','Luiz Gonzaga'),('Roberto Carlos','Odair José'),('Roberto Carlos','Ronnie Von'),('Roupa Nova','14 Bis'),('Roupa Nova','Fábio Jr.'),('Roupa Nova','Guilherme Arantes'),('Roupa Nova','Lulu Santos'),('Roupa Nova','RPM'),('Rush','Alex Lifeson'),('Rush','Dream Theater'),('Rush','Geddy Lee'),('Rush','Genesis'),('Rush','Yes'),('Sander van Doorn','Jacob Van Hage'),('Sander van Doorn','Sander Van Doorn & Adrian Lux'),('Sander van Doorn','Sander van Doorn & Laidback Luke'),('Sander van Doorn','Sander Van Doorn & Sidney Samson & Nadia Ali'),('Sander van Doorn','Sander van Doorn feat. Frederick'),('Scorpions','Bon Jovi'),('Scorpions','Michael Schenker Group'),('Scorpions','Rainbow'),('Scorpions','Scorpions & Berliner Philharmoniker'),('Scorpions','Whitesnake'),('Sebastian Ingrosso','Alesso'),('Sebastian Ingrosso','Axwell'),('Sebastian Ingrosso','Nause'),('Sebastian Ingrosso','Nicky Romero'),('Sebastian Ingrosso','Steve Angello'),('Seether','Crossfade'),('Seether','Shinedown'),('Seether','Smile Empty Soul'),('Seether','Staind'),('Seether','Three Days Grace'),('Selena Gomez','Demi Lovato'),('Selena Gomez','Emily Osment'),('Selena Gomez','Hannah Montana'),('Selena Gomez','Miley Cyrus'),('Selena Gomez','Selena Gomez & the Scene'),('Sepultura','Cavalera Conspiracy'),('Sepultura','Exodus'),('Sepultura','Kreator'),('Sepultura','Slayer'),('Sepultura','Soulfly'),('Sex Pistols','Dead Kennedys'),('Sex Pistols','Ramones'),('Sex Pistols','Sid Vicious'),('Sex Pistols','The Clash'),('Sex Pistols','The Exploited'),('Shakira','Christina Aguilera'),('Shakira','Jennifer Lopez'),('Shakira','Nelly Furtado'),('Shakira','Paulina Rubio'),('Shakira','Thalía'),('Shaman','Almah'),('Shaman','Andre Matos'),('Shaman','Angra'),('Shaman','Hangar'),('Shaman','Viper'),('Silbermond','Christina Stürmer'),('Silbermond','Curse mit Silbermond'),('Silbermond','Juli'),('Silbermond','Luxuslärm'),('Silbermond','Revolverheld'),('Skank','Capital Inicial'),('Skank','Jota Quest'),('Skank','Lulu Santos'),('Skank','Nando Reis'),('Skank','Os Paralamas Do Sucesso'),('Skid Row','Cinderella'),('Skid Row','Crashdïet'),('Skid Row','Mötley Crüe'),('Skid Row','Poison'),('Skid Row','Sebastian Bach'),('Slash','Alter Bridge'),('Slash','Guns N\' Roses'),('Slash','Slash\'s Snakepit'),('Slash','The Mayfield Four'),('Slash','Velvet Revolver'),('Slayer','Anthrax'),('Slayer','Exodus'),('Slayer','Kreator'),('Slayer','Sodom'),('Slayer','Testament'),('Slipknot','Korn'),('Slipknot','Mudvayne'),('Slipknot','Static-X'),('Slipknot','Stone Sour'),('Slipknot','System of a Down'),('Smash Mouth','Barenaked Ladies'),('Smash Mouth','Bowling for Soup'),('Smash Mouth','Lit'),('Smash Mouth','Reel Big Fish'),('Smash Mouth','Sugar Ray'),('Solomun','David August'),('Solomun','H.O.S.H.'),('Solomun','Mladen Solomun'),('Solomun','Solomun & Stimming'),('Solomun','Stimming'),('Sonata Arctica','Avantasia'),('Sonata Arctica','Cain\'s Offering'),('Sonata Arctica','Kamelot'),('Sonata Arctica','Northern Kings'),('Sonata Arctica','Stratovarius'),('Sonic Youth','Ciccone Youth'),('Sonic Youth','Free Kitten'),('Sonic Youth','Lee Ranaldo'),('Sonic Youth','Mudhoney'),('Sonic Youth','Thurston Moore'),('Steve Aoki','Steve Aoki & Afrojack'),('Steve Aoki','Steve Aoki & Laidback Luke'),('Steve Aoki','Steve Aoki feat. Rivers Cuomo'),('Steve Aoki','Steve Aoki feat. [[[Zuper Blahq]]]'),('Steve Aoki','TAI'),('Steve Miller Band','Bachman-Turner Overdrive'),('Steve Miller Band','Eagles'),('Steve Miller Band','James Gang'),('Steve Miller Band','Joe Walsh'),('Steve Miller Band','The Doobie Brothers'),('Stevie Ray Vaughan','Albert King with Stevie Ray Vaughan'),('Stevie Ray Vaughan','Eric Clapton'),('Stevie Ray Vaughan','Stevie Ray Vaughan and Double Trouble'),('Stevie Ray Vaughan','Tab Benoit'),('Stevie Ray Vaughan','The Vaughan Brothers'),('Stone Sour','Bullet for My Valentine'),('Stone Sour','Corey Taylor'),('Stone Sour','Five Finger Death Punch'),('Stone Sour','Killswitch Engage'),('Stone Sour','Slipknot'),('Stone Temple Pilots','Alice in Chains'),('Stone Temple Pilots','Jerry Cantrell'),('Stone Temple Pilots','Scott Weiland'),('Stone Temple Pilots','Soundgarden'),('Stone Temple Pilots','Velvet Revolver'),('Streetlight Manifesto','Bandits of the Acoustic Revolution'),('Streetlight Manifesto','Big D and the Kids Table'),('Streetlight Manifesto','Catch 22'),('Streetlight Manifesto','Reel Big Fish'),('Streetlight Manifesto','Toh Kay'),('Sublime','Long Beach Dub All Stars'),('Sublime','Pepper'),('Sublime','Slightly Stoopid'),('Sublime','Sublime with Rome'),('Sublime','The Expendables'),('Sum 41','Billy Talent'),('Sum 41','blink-182'),('Sum 41','Good Charlotte'),('Sum 41','Rise Against'),('Sum 41','Zebrahead'),('Supertramp','Barclay James Harvest'),('Supertramp','Electric Light Orchestra'),('Supertramp','Genesis'),('Supertramp','Roger Hodgson'),('Supertramp','The Alan Parsons Project'),('Swedish House Mafia','Avicii'),('Swedish House Mafia','Axwell'),('Swedish House Mafia','Hard Rock Sofa & Swanky Tunes'),('Swedish House Mafia','Sebastian Ingrosso'),('Swedish House Mafia','Steve Angello'),('Symphony X','Adagio'),('Symphony X','Circus Maximus'),('Symphony X','Dream Theater'),('Symphony X','Russell Allen'),('Symphony X','Shadow Gallery'),('System of a Down','Korn'),('System of a Down','Rammstein'),('System of a Down','Scars on Broadway'),('System of a Down','Serj Tankian'),('System of a Down','Slipknot'),('Talking Heads','Brian Eno & David Byrne'),('Talking Heads','David Byrne'),('Talking Heads','David Byrne & St. Vincent'),('Talking Heads','Television'),('Talking Heads','Tom Tom Club'),('Tame Impala','DIIV'),('Tame Impala','Melody\'s Echo Chamber'),('Tame Impala','MGMT'),('Tame Impala','Pond'),('Tame Impala','Unknown Mortal Orchestra'),('Tarja','After Forever'),('Tarja','Epica'),('Tarja','Nightwish'),('Tarja','Within Temptation'),('Tarja','Xandria'),('Tarot','Brother Firetribe'),('Tarot','Northern Kings'),('Tarot','Sapattivuosi'),('Tarot','Teräsbetoni'),('Tarot','Thunderstone'),('Taylor Swift','Carly Rae Jepsen'),('Taylor Swift','Carrie Underwood'),('Taylor Swift','Demi Lovato'),('Taylor Swift','Miley Cyrus'),('Taylor Swift','Selena Gomez & the Scene'),('Tenacious D','Foo Fighters'),('Tenacious D','Scars on Broadway'),('Tenacious D','Serj Tankian'),('Tenacious D','System of a Down'),('Tenacious D','The Lonely Island'),('Testament','Death Angel'),('Testament','Destruction'),('Testament','Exodus'),('Testament','Kreator'),('Testament','Overkill'),('The Aggrolites','Chris Murray'),('The Aggrolites','Deal\'s Gone Bad'),('The Aggrolites','Hepcat'),('The Aggrolites','The Slackers'),('The Aggrolites','Westbound Train'),('The Allman Brothers Band','Duane Allman'),('The Allman Brothers Band','Gov\'t Mule'),('The Allman Brothers Band','Gregg Allman'),('The Allman Brothers Band','The Derek Trucks Band'),('The Allman Brothers Band','The Marshall Tucker Band'),('The Beatles','George Harrison'),('The Beatles','John Lennon'),('The Beatles','Paul McCartney'),('The Beatles','Paul McCartney & Wings'),('The Beatles','Ringo Starr'),('The Black Keys','Arctic Monkeys'),('The Black Keys','Blakroc'),('The Black Keys','Dan Auerbach'),('The Black Keys','The Raconteurs'),('The Black Keys','The White Stripes'),('The Clash','Big Audio Dynamite'),('The Clash','Joe Strummer'),('The Clash','Joe Strummer and the Mescaleros'),('The Clash','Ramones'),('The Clash','The 101\'ers'),('The Cranberries','Alanis Morissette'),('The Cranberries','Dolores O\'Riordan'),('The Cranberries','Garbage'),('The Cranberries','Sinéad O\'Connor'),('The Cranberries','The Cardigans'),('The Cure','Bauhaus'),('The Cure','Joy Division'),('The Cure','Siouxsie and the Banshees'),('The Cure','The Glove'),('The Cure','The Sisters of Mercy'),('The Doors','Jefferson Airplane'),('The Doors','Jim Morrison'),('The Doors','Led Zeppelin'),('The Doors','Pink Floyd'),('The Doors','The Jimi Hendrix Experience'),('The Jimi Hendrix Experience','Cream'),('The Jimi Hendrix Experience','Jefferson Airplane'),('The Jimi Hendrix Experience','Jimi Hendrix'),('The Jimi Hendrix Experience','Led Zeppelin'),('The Jimi Hendrix Experience','The Doors'),('The John Butler Trio','Ash Grunwald'),('The John Butler Trio','Current Swell'),('The John Butler Trio','Donavon Frankenreiter'),('The John Butler Trio','The Beautiful Girls'),('The John Butler Trio','Xavier Rudd'),('The Killers','Arctic Monkeys'),('The Killers','Brandon Flowers'),('The Killers','Franz Ferdinand'),('The Killers','Keane'),('The Killers','The Strokes'),('The Kooks','Arctic Monkeys'),('The Kooks','The Fratellis'),('The Kooks','The Strokes'),('The Kooks','The Wombats'),('The Kooks','Two Door Cinema Club'),('The Mars Volta','At the Drive-In'),('The Mars Volta','De Facto'),('The Mars Volta','El Grupo Nuevo de Omar Rodriguez Lopez'),('The Mars Volta','Omar A. Rodriguez-Lopez'),('The Mars Volta','Zechs Marquise'),('The Mighty Mighty Bosstones','Big D and the Kids Table'),('The Mighty Mighty Bosstones','Catch 22'),('The Mighty Mighty Bosstones','Mustard Plug'),('The Mighty Mighty Bosstones','Reel Big Fish'),('The Mighty Mighty Bosstones','The Toasters'),('The Offspring','Bad Religion'),('The Offspring','Green Day'),('The Offspring','Pennywise'),('The Offspring','Rise Against'),('The Offspring','Sum 41'),('The Police','Peter Gabriel'),('The Police','Rush'),('The Police','Sting'),('The Police','Strontium 90'),('The Police','The Cars'),('The Rolling Stones','Bob Dylan'),('The Rolling Stones','Keith Richards'),('The Rolling Stones','Mick Jagger'),('The Rolling Stones','Ron Wood'),('The Rolling Stones','The Who'),('The Runaways','Dakota Fanning & Kristen Stewart'),('The Runaways','Joan Jett'),('The Runaways','Joan Jett and the Blackhearts'),('The Runaways','Runaways'),('The Runaways','Suzi Quatro'),('The Slackers','Chris Murray'),('The Slackers','Hepcat'),('The Slackers','The Aggrolites'),('The Slackers','Vic Ruggiero'),('The Slackers','Westbound Train'),('The Smiths','Joy Division'),('The Smiths','Morrissey'),('The Smiths','New Order'),('The Smiths','The Cure'),('The Smiths','The Stone Roses'),('The Specials','Bad Manners'),('The Specials','Madness'),('The Specials','The Bodysnatchers'),('The Specials','The Selecter'),('The Specials','The Untouchables'),('The Strokes','Albert Hammond, Jr.'),('The Strokes','Arctic Monkeys'),('The Strokes','Julian Casablancas'),('The Strokes','Little Joy'),('The Strokes','Vampire Weekend'),('The White Stripes','Jack White'),('The White Stripes','The Black Keys'),('The White Stripes','The Dead Weather'),('The White Stripes','The Kills'),('The White Stripes','The Raconteurs'),('The Who','John Entwistle'),('The Who','Pete Townshend'),('The Who','Roger Daltrey'),('The Who','The High Numbers'),('The Who','The Kinks'),('The xx','Bon Iver'),('The xx','Daughter'),('The xx','Florence + the Machine'),('The xx','Foals'),('The xx','Jamie xx'),('Third Eye Blind','Better Than Ezra'),('Third Eye Blind','Eve 6'),('Third Eye Blind','Everclear'),('Third Eye Blind','Stroke 9'),('Third Eye Blind','Sugar Ray'),('Tião Carreiro & Pardinho','João Carreiro & Capataz'),('Tião Carreiro & Pardinho','Milionário & José Rico'),('Tião Carreiro & Pardinho','Tião Carreiro e Pardinho'),('Tião Carreiro & Pardinho','Tonico E Tinoco'),('Tião Carreiro & Pardinho','Trio Parada Dura'),('Tiësto','Allure'),('Tiësto','Armin van Buuren'),('Tiësto','Clear View'),('Tiësto','Kamaya Painters'),('Tiësto','Progression'),('Tim Minchin','Amateur Transplants'),('Tim Minchin','Bill Bailey'),('Tim Minchin','Garfunkel and Oates'),('Tim Minchin','Stephen Lynch'),('Tim Minchin','The Axis of Awesome'),('Titãs','Barão Vermelho'),('Titãs','Engenheiros Do Hawaii'),('Titãs','Ira!'),('Titãs','Os Paralamas Do Sucesso'),('Titãs','Ultraje a Rigor'),('Tool','A Perfect Circle'),('Tool','Peach'),('Tool','Porcupine Tree'),('Tool','Puscifer'),('Tool','Rishloo'),('Train','Five for Fighting'),('Train','Mat Kearney'),('Train','Matchbox Twenty'),('Train','Pat Monahan'),('Train','Rob Thomas'),('Tristania','Draconian'),('Tristania','Sirenia'),('Tristania','The Sins of Thy Beloved'),('Tristania','Theatre of Tragedy'),('Tristania','Trail of Tears'),('Turisas','Alestorm'),('Turisas','Ensiferum'),('Turisas','Finntroll'),('Turisas','Korpiklaani'),('Turisas','Týr'),('Twill','Ikuo'),('Twill','Sonar Pocket'),('Twill','WILD CHILD BOUND'),('Twill','和田光司'),('Twill','宮崎歩'),('Two Door Cinema Club','Bombay Bicycle Club'),('Two Door Cinema Club','Foster the People'),('Two Door Cinema Club','Passion Pit'),('Two Door Cinema Club','The Vaccines'),('Two Door Cinema Club','The Wombats'),('U2','Bono'),('U2','Bruce Springsteen'),('U2','Passengers'),('U2','R.E.M.'),('U2','U2 and Green Day'),('Van Halen','David Lee Roth'),('Van Halen','Def Leppard'),('Van Halen','Ratt'),('Van Halen','Sammy Hagar'),('Van Halen','Whitesnake'),('Vinicius de Moraes','Toquinho & Vinicius'),('Vinicius de Moraes','Vinícius & Toquinho'),('Vinicius de Moraes','Vinicius de Moraes & Toquinho'),('Vinicius de Moraes','Vinicius De Moraes, Antonio Carlos Jobim & Toquinh'),('Vinicius de Moraes','Vinicius,Toquinho,Marilia Medalha'),('Volbeat','Danko Jones'),('Volbeat','Device'),('Volbeat','Dominus'),('Volbeat','Five Finger Death Punch'),('Volbeat','Stone Sour'),('W&W','Andrew Rayel'),('W&W','Gaia'),('W&W','Heatbeat'),('W&W','Orjan Nilsen'),('W&W','Wezz Devall'),('Weezer','Fountains Of Wayne'),('Weezer','Jimmy Eat World'),('Weezer','Ozma'),('Weezer','Rivers Cuomo'),('Weezer','The Rentals'),('Wolfgang Amadeus Mozart','Antonio Vivaldi'),('Wolfgang Amadeus Mozart','Franz Joseph Haydn'),('Wolfgang Amadeus Mozart','Franz Schubert'),('Wolfgang Amadeus Mozart','Johann Sebastian Bach'),('Wolfgang Amadeus Mozart','Ludwig van Beethoven'),('Yann Tiersen','Claire Pichet'),('Yann Tiersen','Natacha Régnier & Yann Tiersen'),('Yann Tiersen','Neil Hannon'),('Yann Tiersen','Yann Tiersen & Natacha Régnier'),('Yann Tiersen','Yann Tiersen & Shannon Wright'),('YUI','miwa'),('YUI','Scandal'),('YUI','Stereopony'),('YUI','いきものがかり'),('YUI','ステレオポニー'),('Zaz','Ayo'),('Zaz','Carla Bruni'),('Zaz','Caro Emerald'),('Zaz','Raphael Haroche'),('Zaz','Yves Jamait'),('Zé Ramalho','Alceu Valença'),('Zé Ramalho','Elba Ramalho, Geraldo Azevedo & Zé Ramalho'),('Zé Ramalho','Fagner'),('Zé Ramalho','Lula Côrtes & Zé Ramalho'),('Zé Ramalho','Raul Seixas'),('Zedd','Dada Life'),('Zedd','Krewella'),('Zedd','Porter Robinson'),('Zedd','Wolfgang Gartner'),('Zedd','Zedd & Lucky Date'),('ZZ Ward','Caught a Ghost'),('ZZ Ward','Daley'),('ZZ Ward','Delta Rae'),('ZZ Ward','Grace Potter'),('ZZ Ward','Vintage Trouble'),('蔡依林','S.H.E'),('蔡依林','張韶涵'),('蔡依林','楊丞琳'),('蔡依林','王心凌'),('蔡依林','蕭亞軒'),('遠藤正明','JAM Project'),('遠藤正明','サイキックラバー'),('遠藤正明','串田アキラ'),('遠藤正明','影山ヒロノブ'),('遠藤正明','福山芳樹');
/*!40000 ALTER TABLE `similar` ENABLE KEYS */;
UNLOCK TABLES;

--
-- Table structure for table `style`
--

DROP TABLE IF EXISTS `style`;
/*!40101 SET @saved_cs_client     = @@character_set_client */;
/*!40101 SET character_set_client = utf8 */;
CREATE TABLE `style` (
  `category` varchar(50) NOT NULL,
  `culturalAct` varchar(50) NOT NULL,
  PRIMARY KEY (`category`,`culturalAct`),
  KEY `culturalAct` (`culturalAct`),
  CONSTRAINT `style_ibfk_1` FOREIGN KEY (`category`) REFERENCES `category` (`name`) ON DELETE CASCADE ON UPDATE CASCADE,
  CONSTRAINT `style_ibfk_2` FOREIGN KEY (`culturalAct`) REFERENCES `culturalAct` (`name`) ON DELETE CASCADE ON UPDATE CASCADE
) ENGINE=InnoDB DEFAULT CHARSET=utf8;
/*!40101 SET character_set_client = @saved_cs_client */;

--
-- Dumping data for table `style`
--

LOCK TABLES `style` WRITE;
/*!40000 ALTER TABLE `style` DISABLE KEYS */;
INSERT INTO `style` VALUES ('60s','Creedence Clearwater Revival'),('60s','Janis Joplin'),('60s','The Beatles'),('60s','The Doors'),('60s','The Rolling Stones'),('60s','The Who'),('70s','Aerosmith'),('70s','Bee Gees'),('70s','Eagles'),('70s','Led Zeppelin'),('70s','Lynyrd Skynyrd'),('70s','Nazareth'),('70s','Ramones'),('70s','Sex Pistols'),('70s','Steve Miller Band'),('70s','Supertramp'),('80s','a-ha'),('80s','Aerosmith'),('80s','Barão Vermelho'),('80s','Bon Jovi'),('80s','Damn Yankees'),('80s','David Bowie'),('80s','Dire Straits'),('80s','Guns N\' Roses'),('80s','Joan Jett'),('80s','Kiss'),('80s','Legião Urbana'),('80s','Madonna'),('80s','Michael Jackson'),('80s','Mr. Big'),('80s','Phil Collins'),('80s','Queen'),('80s','Roupa Nova'),('80s','Scorpions'),('80s','Skid Row'),('80s','Slash'),('80s','Steve Miller Band'),('80s','Talking Heads'),('80s','The Cure'),('80s','The Police'),('80s','The Smiths'),('80s','The Specials'),('80s','Titãs'),('80s','Van Halen'),('90s','4 Non Blondes'),('90s','Goo Goo Dolls'),('90s','Matchbox Twenty'),('90s','Nirvana'),('90s','Pearl Jam'),('90s','Stone Temple Pilots'),('90s','Third Eye Blind'),('::later::','ZZ Ward'),('acoustic','Colbie Caillat'),('acoustic','Damien Rice'),('acoustic','Jack Johnson'),('acoustic','Jason Mraz'),('acoustic','John Mayer'),('acoustic','Jon Lajoie'),('acoustic','Mumford & Sons'),('acoustic','Taylor Swift'),('acoustic','The John Butler Trio'),('acoustic rock','Dave Matthews Band'),('acoustic rock','John Mayer'),('Action','Aliens'),('Action','Batman Begins'),('Action','Braveheart'),('Action','Die Hard'),('Action','District 9'),('Action','Gladiator'),('Action','Inception'),('Action','Indiana Jones and the Last Crusade'),('Action','Ip Man'),('Action','Kill Bill: Vol. 1'),('Action','Pirates of the Caribbean: The Curse of the Black P'),('Action','Platoon'),('Action','Raiders of the Lost Ark'),('Action','Ran'),('Action','Saving Private Ryan'),('Action','Seven Samurai'),('Action','Star Trek'),('Action','Star Wars'),('Action','Star Wars: Episode V - The Empire Strikes Back'),('Action','Star Wars: Episode VI - Return of the Jedi'),('Action','Terminator 2: Judgment Day'),('Action','The Avengers'),('Action','The Bourne Ultimatum'),('Action','The Dark Knight'),('Action','The Dark Knight Rises'),('Action','The Lord of the Rings: The Fellowship of the Ring'),('Action','The Lord of the Rings: The Return of the King'),('Action','The Lord of the Rings: The Two Towers'),('Action','The Matrix'),('Action','The Terminator'),('Action','V for Vendetta'),('Action','Yojimbo'),('Adventure','2001: A Space Odyssey'),('Adventure','Aliens'),('Adventure','Back to the Future'),('Adventure','Batman Begins'),('Adventure','Butch Cassidy and the Sundance Kid'),('Adventure','Django Unchained'),('Adventure','Finding Nemo'),('Adventure','Gladiator'),('Adventure','Harry Potter and the Deathly Hallows: Part 2'),('Adventure','How to Train Your Dragon'),('Adventure','Inception'),('Adventure','Indiana Jones and the Last Crusade'),('Adventure','Inglourious Basterds'),('Adventure','Into the Wild'),('Adventure','Jaws'),('Adventure','Jurassic Park'),('Adventure','Life of Pi'),('Adventure','Monsters, Inc.'),('Adventure','Monty Python and the Holy Grail'),('Adventure','Pirates of the Caribbean: The Curse of the Black P'),('Adventure','Princess Mononoke'),('Adventure','Raiders of the Lost Ark'),('Adventure','Spirited Away'),('Adventure','Stand by Me'),('Adventure','Star Trek'),('Adventure','Star Wars'),('Adventure','Star Wars: Episode V - The Empire Strikes Back'),('Adventure','Star Wars: Episode VI - Return of the Jedi'),('Adventure','The Good, the Bad and the Ugly'),('Adventure','The Hobbit: An Unexpected Journey'),('Adventure','The Lion King'),('Adventure','The Lord of the Rings: The Fellowship of the Ring'),('Adventure','The Lord of the Rings: The Return of the King'),('Adventure','The Lord of the Rings: The Two Towers'),('Adventure','The Matrix'),('Adventure','The Wizard of Oz'),('Adventure','Toy Story'),('Adventure','Toy Story 3'),('Adventure','Up'),('Adventure','WALL·E'),('Adventure','Yojimbo'),('alternative','30 Seconds to Mars'),('alternative','4 Non Blondes'),('alternative','Alice in Chains'),('alternative','Alt-J'),('alternative','Arcade Fire'),('alternative','Arctic Monkeys'),('alternative','Audioslave'),('alternative','Bad Religion'),('alternative','Base Ball Bear'),('alternative','Beastie Boys'),('alternative','blink-182'),('alternative','Blur'),('alternative','Cage the Elephant'),('alternative','Coldplay'),('alternative','Creed'),('alternative','Dave Matthews Band'),('alternative','David Bowie'),('alternative','Dinosaur Jr.'),('alternative','DOES'),('alternative','Evanescence'),('alternative','Fall Out Boy'),('alternative','Foo Fighters'),('alternative','Garbage'),('alternative','Gogol Bordello'),('alternative','Goo Goo Dolls'),('alternative','Gorillaz'),('alternative','Green Day'),('alternative','Gym Class Heroes'),('alternative','Hüsker Dü'),('alternative','Incubus'),('alternative','Interpol'),('alternative','Jack Johnson'),('alternative','Jason Mraz'),('alternative','jealkb'),('alternative','Jenni Vartiainen'),('alternative','Linkin Park'),('alternative','Manu Chao'),('alternative','Marilyn Manson'),('alternative','Maroon 5'),('alternative','Matchbox Twenty'),('alternative','Morphine'),('alternative','Móveis Coloniais de Acaju'),('alternative','Muse'),('alternative','My Bloody Valentine'),('alternative','My Chemical Romance'),('alternative','Nickelback'),('alternative','Nirvana'),('alternative','Oasis'),('alternative','Panic! At the Disco'),('alternative','Paramore'),('alternative','Pearl Jam'),('alternative','Queens of the Stone Age'),('alternative','Radiohead'),('alternative','Rage Against the Machine'),('alternative','Red Hot Chili Peppers'),('alternative','Reel Big Fish'),('alternative','Seether'),('alternative','Smash Mouth'),('alternative','Sonic Youth'),('alternative','Stone Temple Pilots'),('alternative','Sublime'),('alternative','Sum 41'),('alternative','System of a Down'),('alternative','Talking Heads'),('alternative','Tenacious D'),('alternative','The Cranberries'),('alternative','The Cure'),('alternative','The John Butler Trio'),('alternative','The Killers'),('alternative','The Kooks'),('alternative','The Mars Volta'),('alternative','The Offspring'),('alternative','The Smiths'),('alternative','The Strokes'),('alternative','The White Stripes'),('alternative','Third Eye Blind'),('alternative','Tool'),('alternative','Train'),('alternative','Two Door Cinema Club'),('alternative','U2'),('alternative','Weezer'),('alternative metal','Stone Sour'),('alternative metal','System of a Down'),('alternative rock','30 Seconds to Mars'),('alternative rock','4 Non Blondes'),('alternative rock','Alice in Chains'),('alternative rock','Audioslave'),('alternative rock','Coldplay'),('alternative rock','Creed'),('alternative rock','Dave Matthews Band'),('alternative rock','Foo Fighters'),('alternative rock','Garbage'),('alternative rock','Goo Goo Dolls'),('alternative rock','Incubus'),('alternative rock','Linkin Park'),('alternative rock','Los Hermanos'),('alternative rock','Maroon 5'),('alternative rock','Matchbox Twenty'),('alternative rock','Muse'),('alternative rock','Nickelback'),('alternative rock','Nirvana'),('alternative rock','Pearl Jam'),('alternative rock','Pitty'),('alternative rock','Queens of the Stone Age'),('alternative rock','Radiohead'),('alternative rock','Rage Against the Machine'),('alternative rock','Red Hot Chili Peppers'),('alternative rock','Seether'),('alternative rock','Smash Mouth'),('alternative rock','Stone Temple Pilots'),('alternative rock','Tenacious D'),('alternative rock','The Cranberries'),('alternative rock','The Killers'),('alternative rock','The Offspring'),('alternative rock','The Strokes'),('alternative rock','The White Stripes'),('alternative rock','Third Eye Blind'),('alternative rock','Train'),('alternative rock','Weezer'),('ambient','Enya'),('ambient','Era'),('american','Lissie'),('Animation','Finding Nemo'),('Animation','Grave of the Fireflies'),('Animation','How to Train Your Dragon'),('Animation','Monsters, Inc.'),('Animation','My Neighbor Totoro'),('Animation','Princess Mononoke'),('Animation','Ratatouille'),('Animation','Spirited Away'),('Animation','The Lion King'),('Animation','Toy Story'),('Animation','Toy Story 3'),('Animation','Up'),('Animation','WALL·E'),('anime','Angela'),('anime','Aqua Timez'),('anime','Ayumi Miyazaki'),('anime','BEAT CRUSADERS'),('anime','DOES'),('anime','May\'n'),('anime','遠藤正明'),('australian','Tame Impala'),('australian','The John Butler Trio'),('australian','Tim Minchin'),('axe','Banda Eva'),('axe','Ivete Sangalo'),('baroque','Antonio Vivaldi'),('baroque','Johann Sebastian Bach'),('bass','Marcus Miller'),('battle metal','Turisas'),('batucada','Monobloco'),('bebop','Miles Davis Quintet'),('best shit ever existing in the whole world makes m','Jon Lajoie'),('better than beatles','Molejo'),('Biography','A Beautiful Mind'),('Biography','Braveheart'),('Biography','Butch Cassidy and the Sundance Kid'),('Biography','Gandhi'),('Biography','Goodfellas'),('Biography','Hotel Rwanda'),('Biography','Into the Wild'),('Biography','Ip Man'),('Biography','Schindler\'s List'),('Biography','The Intouchables'),('Biography','The King\'s Speech'),('Biography','The Pianist'),('black metal','Dimmu Borgir'),('black metal','Justin Bieber'),('bluegrass','Mumford & Sons'),('blues','B.B. King'),('blues','Buddy Guy'),('blues','Chuck Berry'),('blues','Dire Straits'),('blues','Ella Fitzgerald'),('blues','Eric Clapton'),('blues','Gary Clark Jr.'),('blues','Howlin\' Wolf'),('blues','Janis Joplin'),('blues','Jimi Hendrix'),('blues','Joe Bonamassa'),('blues','Morphine'),('blues','Muddy Waters'),('blues','Ray Charles'),('blues','Stevie Ray Vaughan'),('blues','The Allman Brothers Band'),('blues','The Black Keys'),('blues','The Jimi Hendrix Experience'),('blues','The Rolling Stones'),('blues','ZZ Ward'),('blues rock','B.B. King'),('blues rock','Eric Clapton'),('blues rock','Gary Clark Jr.'),('blues rock','Joe Bonamassa'),('blues rock','Stevie Ray Vaughan'),('blues rock','The Allman Brothers Band'),('blues rock','The Black Keys'),('bob marley','Bob Marley'),('bossa nova','Antônio Carlos Jobim'),('bossa nova','Chico Buarque'),('bossa nova','Elis Regina'),('bossa nova','Vinicius de Moraes'),('brasil','Adoniran Barbosa'),('brasil','Ana Carolina'),('brasil','Banda Eva'),('brasil','Capital Inicial'),('brasil','Cazuza'),('brasil','Chico Buarque'),('brasil','Clara Nunes'),('brasil','Dilermando Reis'),('brasil','Elis Regina'),('brasil','Ivete Sangalo'),('brasil','Jota Quest'),('brasil','Legião Urbana'),('brasil','Molejo'),('brasil','Monobloco'),('brasil','Móveis Coloniais de Acaju'),('brasil','Ney Matogrosso'),('brasil','Os Paralamas Do Sucesso'),('brasil','Raimundos'),('brasil','Raphael Rabello'),('brasil','Raul Seixas'),('brasil','Rita Lee'),('brasil','Roberto Carlos'),('brasil','Roupa Nova'),('brasil','Skank'),('brasil','Titãs'),('brasil','Vinicius de Moraes'),('brasil','Zé Ramalho'),('brave heart','Ayumi Miyazaki'),('brazil','Adoniran Barbosa'),('brazil','Ana Carolina'),('brazil','Ney Matogrosso'),('brazil','Roberto Carlos'),('brazilian','Adoniran Barbosa'),('brazilian','Ana Carolina'),('brazilian','Antônio Carlos Jobim'),('brazilian','Banda Eva'),('brazilian','Barão Vermelho'),('brazilian','Capital Inicial'),('brazilian','Cazuza'),('brazilian','Charlie Brown JR.'),('brazilian','Chico Buarque'),('brazilian','Clara Nunes'),('brazilian','CPM 22'),('brazilian','Dilermando Reis'),('brazilian','Elis Regina'),('brazilian','Ivete Sangalo'),('brazilian','Jota Quest'),('brazilian','Legião Urbana'),('brazilian','Los Hermanos'),('brazilian','Mamonas Assassinas'),('brazilian','Massacration'),('brazilian','Matanza'),('brazilian','Molejo'),('brazilian','Monobloco'),('brazilian','Móveis Coloniais de Acaju'),('brazilian','Ney Matogrosso'),('brazilian','Os Mutantes'),('brazilian','Os Paralamas Do Sucesso'),('brazilian','Pitty'),('brazilian','Planet Hemp'),('brazilian','Raimundos'),('brazilian','Raul Seixas'),('brazilian','Rita Lee'),('brazilian','Roberto Carlos'),('brazilian','Roupa Nova'),('brazilian','Sepultura'),('brazilian','Skank'),('brazilian','Tião Carreiro & Pardinho'),('brazilian','Titãs'),('brazilian','Vinicius de Moraes'),('brazilian','Zé Ramalho'),('brazilian rock','Barão Vermelho'),('brazilian rock','Capital Inicial'),('brazilian rock','Cazuza'),('brazilian rock','Charlie Brown JR.'),('brazilian rock','CPM 22'),('brazilian rock','Legião Urbana'),('brazilian rock','Mamonas Assassinas'),('brazilian rock','Os Paralamas Do Sucesso'),('brazilian rock','Pitty'),('british','Adele'),('british','Alt-J'),('british','Arctic Monkeys'),('british','Blur'),('british','Bruce Dickinson'),('british','Lily Allen'),('british','Mumford & Sons'),('british','Oasis'),('british','Paul McCartney'),('british','Sex Pistols'),('british','The Beatles'),('british','The Clash'),('british','The Kooks'),('british','The Rolling Stones'),('british','The Who'),('british','The xx'),('british','Two Door Cinema Club'),('britney spears','Britney Spears'),('britpop','Blur'),('britpop','Coldplay'),('britpop','Lily Allen'),('britpop','Oasis'),('britpop','The Kooks'),('c-pop','蔡依林'),('caipira','Tião Carreiro & Pardinho'),('canadian','Arcade Fire'),('canadian','Avril Lavigne'),('canadian','Nickelback'),('carnaval','Banda Eva'),('celtic','Celtic Woman'),('celtic','Enya'),('celtic','Era'),('celtic','Manau'),('celtic folk metal','Eluveitie'),('celtic metal','Eluveitie'),('chamber pop','Jack'),('chanson','Zaz'),('chicago blues','Buddy Guy'),('chicago blues','Howlin\' Wolf'),('chicago blues','Muddy Waters'),('chill','Jack Johnson'),('chillout','Era'),('chinese','蔡依林'),('choro','Dilermando Reis'),('choro','Raphael Rabello'),('chuj z osbornem','OzzY'),('classic','Antonio Vivaldi'),('classic','David Garrett'),('classic','Ludwig van Beethoven'),('classic','Wolfgang Amadeus Mozart'),('classic blues','Howlin\' Wolf'),('classic blues','Muddy Waters'),('classic rock','AC/DC'),('classic rock','Aerosmith'),('classic rock','B.B. King'),('classic rock','Bee Gees'),('classic rock','Black Sabbath'),('classic rock','Bob Dylan'),('classic rock','Bob Marley & The Wailers'),('classic rock','Bon Jovi'),('classic rock','Buddy Guy'),('classic rock','Chuck Berry'),('classic rock','Creedence Clearwater Revival'),('classic rock','Damn Yankees'),('classic rock','David Bowie'),('classic rock','Deep Purple'),('classic rock','Dio'),('classic rock','Dire Straits'),('classic rock','Eagles'),('classic rock','Eric Clapton'),('classic rock','Guns N\' Roses'),('classic rock','Janis Joplin'),('classic rock','Jimi Hendrix'),('classic rock','Joan Jett'),('classic rock','Judas Priest'),('classic rock','King Crimson'),('classic rock','Kiss'),('classic rock','Led Zeppelin'),('classic rock','Lynyrd Skynyrd'),('classic rock','Mr. Big'),('classic rock','Nazareth'),('classic rock','Ozzy Osbourne'),('classic rock','Paul McCartney'),('classic rock','Phil Collins'),('classic rock','Pink Floyd'),('classic rock','Plus'),('classic rock','Queen'),('classic rock','Rainbow'),('classic rock','Ramones'),('classic rock','Raul Seixas'),('classic rock','Rush'),('classic rock','Scorpions'),('classic rock','Steve Miller Band'),('classic rock','Stevie Ray Vaughan'),('classic rock','Supertramp'),('classic rock','The Allman Brothers Band'),('classic rock','The Beatles'),('classic rock','The Clash'),('classic rock','The Doors'),('classic rock','The Jimi Hendrix Experience'),('classic rock','The Police'),('classic rock','The Rolling Stones'),('classic rock','The Who'),('classic rock','U2'),('classic rock','Van Halen'),('classical','Antonio Vivaldi'),('classical','David Garrett'),('classical','Dilermando Reis'),('classical','Ennio Morricone'),('classical','Frédéric Chopin'),('classical','Hans Zimmer'),('classical','Howard Shore'),('classical','Johann Sebastian Bach'),('classical','Lindsey Stirling'),('classical','Ludwig van Beethoven'),('classical','Pyotr Ilyich Tchaikovsky'),('classical','Tarja'),('classical','Wolfgang Amadeus Mozart'),('classical','Yann Tiersen'),('club','Axwell'),('club','David Guetta'),('Comedy','Amélie'),('Comedy','Back to the Future'),('Comedy','City Lights'),('Comedy','Dr. Strangelove or: How I Learned to Stop Worrying'),('Comedy','Finding Nemo'),('Comedy','How to Train Your Dragon'),('comedy','Jon Lajoie'),('Comedy','Life of Brian'),('comedy','Mamonas Assassinas'),('comedy','Massacration'),('Comedy','Monsters, Inc.'),('Comedy','Monty Python and the Holy Grail'),('Comedy','Ratatouille'),('comedy','Tenacious D'),('Comedy','The Big Lebowski'),('Comedy','The Great Dictator'),('Comedy','The Intouchables'),('Comedy','The Truman Show'),('comedy','Tim Minchin'),('Comedy','Toy Story'),('Comedy','Toy Story 3'),('Comedy','Up'),('composer','Ennio Morricone'),('composer','Hans Zimmer'),('composer','Michael Giacchino'),('composers','Antonio Vivaldi'),('composers','Howard Shore'),('composers','Johann Sebastian Bach'),('composers','Ludwig van Beethoven'),('composers','Pyotr Ilyich Tchaikovsky'),('composers','Wolfgang Amadeus Mozart'),('country','Eagles'),('country','Matanza'),('country','Taylor Swift'),('countrycore','Matanza'),('cpop','蔡依林'),('Crime','A Clockwork Orange'),('Crime','American History X'),('Crime','Batman Begins'),('Crime','Butch Cassidy and the Sundance Kid'),('Crime','City of God'),('Crime','Django Unchained'),('Crime','Goodfellas'),('Crime','Infernal Affairs'),('Crime','Kill Bill: Vol. 1'),('Crime','L.A. Confidential'),('Crime','Léon: The Professional'),('Crime','Mystic River'),('Crime','No Country for Old Men'),('Crime','Once Upon a Time in America'),('Crime','Pulp Fiction'),('Crime','Rashomon'),('Crime','Reservoir Dogs'),('Crime','Scarface'),('Crime','Se7en'),('Crime','Sin City'),('Crime','Snatch'),('Crime','Taxi Driver'),('Crime','The Big Lebowski'),('Crime','The Bourne Ultimatum'),('Crime','The Dark Knight'),('Crime','The Dark Knight Rises'),('Crime','The Departed'),('Crime','The Godfather'),('Crime','The Godfather: Part II'),('Crime','The Green Mile'),('Crime','The Shawshank Redemption'),('Crime','The Silence of the Lambs'),('Crime','The Untouchables'),('Crime','To Kill a Mockingbird'),('Crime','Trainspotting'),('crossover','Cro-mags'),('crunk','3OH!3'),('crust','Jack'),('dance','Above & Beyond'),('dance','Alesso'),('dance','Armin van Buuren'),('dance','Avicii'),('dance','Axwell'),('dance','Britney Spears'),('dance','Calvin Harris'),('dance','Clara Sofie'),('dance','Daft Punk'),('dance','David Guetta'),('dance','Hardwell'),('dance','Jennifer Lopez'),('dance','Lady Gaga'),('dance','Madonna'),('dance','Markus Schulz'),('dance','Michael Jackson'),('dance','NERVO'),('dance','OceanLab'),('dance','Paul van Dyk'),('dance','Rihanna'),('dance','Sebastian Ingrosso'),('dance','Steve Aoki'),('dance','Swedish House Mafia'),('dance','The xx'),('dance','Tiësto'),('danish','Volbeat'),('darkwave','Lacrimosa'),('david garrett','David Garrett'),('death metal','In Flames'),('death metal','Opeth'),('death metal','Sepultura'),('death metal','Testament'),('deep house','Solomun'),('delta blues','Howlin\' Wolf'),('delta blues','Muddy Waters'),('deutsch','Silbermond'),('deutschrock','Silbermond'),('dirty reggae','The Aggrolites'),('disco','Bee Gees'),('disco','Calvin Harris'),('disney','Demi Lovato'),('disney','Selena Gomez'),('diynamic','Solomun'),('Drama','A Beautiful Mind'),('Drama','A Clockwork Orange'),('Drama','American Beauty'),('Drama','American History X'),('Drama','Apocalypse Now'),('Drama','Batman Begins'),('Drama','Black Swan'),('Drama','Blade Runner'),('Drama','Braveheart'),('Drama','Cinema Paradiso'),('Drama','Citizen Kane'),('Drama','City Lights'),('Drama','City of God'),('Drama','Django Unchained'),('Drama','Donnie Darko'),('Drama','Eternal Sunshine of the Spotless Mind'),('Drama','Fight Club'),('Drama','Forrest Gump'),('Drama','Full Metal Jacket'),('Drama','Gandhi'),('Drama','Gladiator'),('Drama','Goodfellas'),('Drama','Gran Torino'),('Drama','Grave of the Fireflies'),('Drama','Hotel Rwanda'),('Drama','How to Train Your Dragon'),('Drama','Inglourious Basterds'),('Drama','Into the Wild'),('Drama','Ip Man'),('Drama','L.A. Confidential'),('Drama','Léon: The Professional'),('Drama','Life of Pi'),('Drama','Metropolis'),('Drama','Million Dollar Baby'),('Drama','Mystic River'),('Drama','No Country for Old Men'),('Drama','Once Upon a Time in America'),('Drama','One Flew Over the Cuckoo\'s Nest'),('Drama','Pan\'s Labyrinth'),('Drama','Platoon'),('Drama','Ran'),('Drama','Rashomon'),('Drama','Requiem for a Dream'),('Drama','Rocky'),('Drama','Saving Private Ryan'),('Drama','Scarface'),('Drama','Schindler\'s List'),('Drama','Seven Samurai'),('Drama','Slumdog Millionaire'),('Drama','Stand by Me'),('Drama','Taxi Driver'),('Drama','The Dark Knight'),('Drama','The Deer Hunter'),('Drama','The Godfather'),('Drama','The Godfather: Part II'),('Drama','The Great Dictator'),('Drama','The Green Mile'),('Drama','The Intouchables'),('Drama','The King\'s Speech'),('Drama','The Lion King'),('Drama','The Perks of Being a Wallflower'),('Drama','The Pianist'),('Drama','The Prestige'),('Drama','The Seventh Seal'),('Drama','The Shawshank Redemption'),('Drama','The Silence of the Lambs'),('Drama','The Sixth Sense'),('Drama','The Truman Show'),('Drama','The Untouchables'),('Drama','There Will Be Blood'),('Drama','To Kill a Mockingbird'),('Drama','Trainspotting'),('Drama','Up'),('Drama','Warrior'),('dream pop','My Bloody Valentine'),('dubstep','Zedd'),('electric strings','Lindsey Stirling'),('electro','Calvin Harris'),('electro','deadmau5'),('electro','Felix Da Housecat'),('electro','Hardwell'),('electro','Steve Aoki'),('electro','Swedish House Mafia'),('electro','Zedd'),('electro house','Avicii'),('electro house','Hardwell'),('electro house','Nicky Romero'),('electro house','Sebastian Ingrosso'),('electro house','Swedish House Mafia'),('electro house','Zedd'),('electroclash','Felix Da Housecat'),('electronic','3OH!3'),('electronic','Above & Beyond'),('electronic','Alesso'),('electronic','Alex M.O.R.P.H.'),('electronic','Alt-J'),('electronic','Armin van Buuren'),('electronic','Avicii'),('electronic','Axwell'),('electronic','Calvin Harris'),('electronic','Daft Punk'),('electronic','David Guetta'),('electronic','deadmau5'),('electronic','Felix Da Housecat'),('electronic','Gorillaz'),('electronic','Infected Mushroom'),('electronic','Lady Gaga'),('electronic','Lindsey Stirling'),('electronic','Madonna'),('electronic','Markus Schulz'),('electronic','NERVO'),('electronic','Nicky Romero'),('electronic','OceanLab'),('electronic','Paul van Dyk'),('electronic','Phoenix'),('electronic','Radiohead'),('electronic','Sander van Doorn'),('electronic','Sebastian Ingrosso'),('electronic','Steve Aoki'),('electronic','Swedish House Mafia'),('electronic','The xx'),('electronic','Tiësto'),('electronic','Two Door Cinema Club'),('electronic','W&W'),('electronic','Zedd'),('electronica','3OH!3'),('electronica','Calvin Harris'),('electronica','Daft Punk'),('electronica','Felix Da Housecat'),('electronica','Tiësto'),('electropop','Clara Sofie'),('elvis metal','Volbeat'),('eminem','Eminem'),('emo','30 Seconds to Mars'),('emo','Fall Out Boy'),('emo','Hot Water Music'),('emo','My Chemical Romance'),('emo','Panic! At the Disco'),('emo','Paramore'),('emo','Rites of Spring'),('emocore','Rites of Spring'),('epic metal','Manowar'),('epic metal','Rhapsody of Fire'),('ethereal','Era'),('experimental','King Crimson'),('experimental','Os Mutantes'),('experimental','Sonic Youth'),('experimental','The Mars Volta'),('Family','Finding Nemo'),('Family','Harry Potter and the Deathly Hallows: Part 2'),('Family','How to Train Your Dragon'),('Family','Monsters, Inc.'),('Family','My Neighbor Totoro'),('Family','Ratatouille'),('Family','Spirited Away'),('Family','The Lion King'),('Family','The Wizard of Oz'),('Family','Toy Story'),('Family','Toy Story 3'),('Family','Up'),('Family','WALL·E'),('Fantasy','Harry Potter and the Deathly Hallows: Part 2'),('Fantasy','How to Train Your Dragon'),('Fantasy','Life of Pi'),('Fantasy','Monsters, Inc.'),('Fantasy','Monty Python and the Holy Grail'),('Fantasy','My Neighbor Totoro'),('Fantasy','Pan\'s Labyrinth'),('Fantasy','Pirates of the Caribbean: The Curse of the Black P'),('Fantasy','Princess Mononoke'),('Fantasy','Ratatouille'),('Fantasy','Spirited Away'),('Fantasy','Star Wars'),('Fantasy','Star Wars: Episode VI - Return of the Jedi'),('Fantasy','The Green Mile'),('Fantasy','The Hobbit: An Unexpected Journey'),('Fantasy','The Lord of the Rings: The Fellowship of the Ring'),('Fantasy','The Lord of the Rings: The Return of the King'),('Fantasy','The Lord of the Rings: The Two Towers'),('Fantasy','The Seventh Seal'),('Fantasy','The Wizard of Oz'),('Fantasy','Toy Story'),('Fantasy','Toy Story 3'),('Fantasy','Up'),('Fantasy','V for Vendetta'),('female fronted metal','Nightwish'),('female fronted metal','Tarja'),('female fronted metal','Tristania'),('female vocalist','Clara Sofie'),('female vocalist','Jenni Vartiainen'),('female vocalist','Lady Gaga'),('female vocalists','4 Non Blondes'),('female vocalists','Adele'),('female vocalists','Ana Carolina'),('female vocalists','Angela'),('female vocalists','Avril Lavigne'),('female vocalists','Beyoncé'),('female vocalists','Britney Spears'),('female vocalists','Celtic Woman'),('female vocalists','Clara Nunes'),('female vocalists','Colbie Caillat'),('female vocalists','Demi Lovato'),('female vocalists','Destiny\'s Child'),('female vocalists','Do As Infinity'),('female vocalists','Elis Regina'),('female vocalists','Ella Fitzgerald'),('female vocalists','Enya'),('female vocalists','Evanescence'),('female vocalists','Garbage'),('female vocalists','Ivete Sangalo'),('female vocalists','Janis Joplin'),('female vocalists','Jenni Vartiainen'),('female vocalists','Jennifer Lopez'),('female vocalists','Joan Jett'),('female vocalists','Katy Perry'),('female vocalists','Kelly Clarkson'),('female vocalists','Lady Gaga'),('female vocalists','Lily Allen'),('female vocalists','Lissie'),('female vocalists','Madonna'),('female vocalists','May\'n'),('female vocalists','Paramore'),('female vocalists','Pink'),('female vocalists','Pitty'),('female vocalists','Rihanna'),('female vocalists','Rita Lee'),('female vocalists','Selena Gomez'),('female vocalists','Shakira'),('female vocalists','Tarja'),('female vocalists','Taylor Swift'),('female vocalists','The Cranberries'),('female vocalists','The Runaways'),('female vocalists','YUI'),('female vocalists','Zaz'),('female vocalists','ZZ Ward'),('finnish','Apocalyptica'),('finnish','Cain\'s Offering'),('finnish','HIM'),('finnish','Jenni Vartiainen'),('finnish','Korpiklaani'),('finnish','Lordi'),('finnish','Northern Kings'),('finnish','Shaman'),('finnish','Sonata Arctica'),('finnish','Tarja'),('finnish','Tarot'),('finnish','Turisas'),('finnish metal','Cain\'s Offering'),('finnish metal','Korpiklaani'),('finnish metal','Tarot'),('flamenco','Paco de Lucía'),('folk','Bob Dylan'),('folk','Celtic Woman'),('folk','Creedence Clearwater Revival'),('folk','Damien Rice'),('folk','Flogging Molly'),('folk','Lissie'),('folk','Mumford & Sons'),('folk','Tião Carreiro & Pardinho'),('folk','Zé Ramalho'),('folk metal','Eluveitie'),('folk metal','Korpiklaani'),('folk metal','Shaman'),('folk metal','Turisas'),('folk punk','Dropkick Murphys'),('folk rock','Bob Dylan'),('french','Manau'),('french','Phoenix'),('french','Yann Tiersen'),('french','Zaz'),('french jazz','Zaz'),('funk','Marcus Miller'),('funk','Michael Jackson'),('funk','Red Hot Chili Peppers'),('funk rock','Red Hot Chili Peppers'),('fusion','Marcus Miller'),('fusion','Miles Davis Quintet'),('german','Edguy'),('german','Helloween'),('german','Johann Sebastian Bach'),('german','Lacrimosa'),('german','Rammstein'),('german','Silbermond'),('glam rock','David Bowie'),('glam rock','Kiss'),('glam rock','Queen'),('glam rock','The Runaways'),('goa','GMS'),('goa','Infected Mushroom'),('god','Slash'),('gothic','Evanescence'),('gothic','Lacrimosa'),('gothic','Tristania'),('gothic metal','Lacrimosa'),('gothic metal','Nightwish'),('gothic metal','Tristania'),('gothic rock','Evanescence'),('gothic rock','HIM'),('grindcore','Jack'),('groove metal','Dimebag Darrell'),('groove metal','Hellyeah'),('groove metal','Pantera'),('grunge','Alice in Chains'),('grunge','Audioslave'),('grunge','Creed'),('grunge','Dinosaur Jr.'),('grunge','Foo Fighters'),('grunge','Nirvana'),('grunge','Pearl Jam'),('grunge','Seether'),('grunge','Stone Temple Pilots'),('guilty pleasure','Demi Lovato'),('guitar','B.B. King'),('guitar','Buddy Guy'),('guitar','Dilermando Reis'),('guitar','Dire Straits'),('guitar','Eric Clapton'),('guitar','Gary Clark Jr.'),('guitar','Jimi Hendrix'),('guitar','Joe Bonamassa'),('guitar','Muddy Waters'),('guitar','Paco de Lucía'),('guitar','Raphael Rabello'),('guitar','Slash'),('guitar','Stevie Ray Vaughan'),('guitar virtuoso','Dimebag Darrell'),('guitar virtuoso','Paco de Lucía'),('guitarist','Gary Clark Jr.'),('gypsy','Gogol Bordello'),('gypsy punk','Gogol Bordello'),('hair metal','Bon Jovi'),('hair metal','Damn Yankees'),('hair metal','Mr. Big'),('hair metal','Skid Row'),('hard rock','AC/DC'),('hard rock','Aerosmith'),('hard rock','Alice in Chains'),('hard rock','Audioslave'),('hard rock','Avenged Sevenfold'),('hard rock','Black Label Society'),('hard rock','Black Sabbath'),('hard rock','Bon Jovi'),('hard rock','Bruce Dickinson'),('hard rock','Creed'),('hard rock','Damn Yankees'),('hard rock','Deep Purple'),('hard rock','Dio'),('hard rock','Foo Fighters'),('hard rock','Guns N\' Roses'),('hard rock','Hellyeah'),('hard rock','Iron Maiden'),('hard rock','Joe Bonamassa'),('hard rock','Judas Priest'),('hard rock','Kiss'),('hard rock','Led Zeppelin'),('hard rock','Lordi'),('hard rock','Lynyrd Skynyrd'),('hard rock','Metallica'),('hard rock','Motörhead'),('hard rock','Mr. Big'),('hard rock','Nazareth'),('hard rock','Nickelback'),('hard rock','Ozzy Osbourne'),('hard rock','Plus'),('hard rock','Queen'),('hard rock','Queens of the Stone Age'),('hard rock','Queensrÿche'),('hard rock','Rainbow'),('hard rock','Rush'),('hard rock','Scorpions'),('hard rock','Seether'),('hard rock','Skid Row'),('hard rock','Slash'),('hard rock','Stone Sour'),('hard rock','Tenacious D'),('hard rock','The Runaways'),('hard rock','The Who'),('hard rock','Van Halen'),('hard trance','W&W'),('hardcore','Avenged Sevenfold'),('hardcore','Bad Brains'),('hardcore','Black Flag'),('hardcore','CPM 22'),('hardcore','Cro-mags'),('hardcore','Fugazi'),('hardcore','Hüsker Dü'),('hardcore','Matanza'),('hardcore','Maximum the Hormone'),('hardcore','Minor Threat'),('hardcore','Minutemen'),('hardcore','Misfits'),('hardcore','Planet Hemp'),('hardcore','Raimundos'),('hardcore','Rise Against'),('hardcore','Rites of Spring'),('hardcore punk','Bad Brains'),('hardcore punk','Black Flag'),('hardcore punk','Cro-mags'),('hardcore punk','Hüsker Dü'),('hardcore punk','Minor Threat'),('hardcore punk','Minutemen'),('hardcore punk','Misfits'),('heavy metal','AC/DC'),('heavy metal','Angra'),('heavy metal','Anthrax'),('heavy metal','Apocalyptica'),('heavy metal','Black Label Society'),('heavy metal','Black Sabbath'),('heavy metal','Blind Guardian'),('heavy metal','Bruce Dickinson'),('heavy metal','Deep Purple'),('heavy metal','Demons & Wizards'),('heavy metal','Dimebag Darrell'),('heavy metal','Dio'),('heavy metal','Edguy'),('heavy metal','Helloween'),('heavy metal','Hellyeah'),('heavy metal','Iced Earth'),('heavy metal','Iron Maiden'),('heavy metal','Judas Priest'),('heavy metal','Lordi'),('heavy metal','Manowar'),('heavy metal','Massacration'),('heavy metal','Megadeth'),('heavy metal','Metallica'),('heavy metal','Motörhead'),('heavy metal','Nazareth'),('heavy metal','Northern Kings'),('heavy metal','Ozzy Osbourne'),('heavy metal','Pantera'),('heavy metal','Queensrÿche'),('heavy metal','Rainbow'),('heavy metal','Scorpions'),('heavy metal','Sepultura'),('heavy metal','Shaman'),('heavy metal','Skid Row'),('heavy metal','Slayer'),('heavy metal','Slipknot'),('heavy metal','Tarot'),('heavy metal','Testament'),('heavy metal','Van Halen'),('heavy metal','Volbeat'),('heavy prog','Plus'),('hip hop','Beastie Boys'),('hip hop','Black Eyed Peas'),('hip hop','Eminem'),('hip hop','Gym Class Heroes'),('hip hop','Manau'),('hip hop','Public Enemy'),('hip-hop','3OH!3'),('hip-hop','Beastie Boys'),('hip-hop','Beyoncé'),('hip-hop','Black Eyed Peas'),('hip-hop','Destiny\'s Child'),('hip-hop','Eminem'),('hip-hop','Gorillaz'),('hip-hop','Gym Class Heroes'),('hip-hop','Justin Bieber'),('hip-hop','Manau'),('hip-hop','Planet Hemp'),('hip-hop','Public Enemy'),('hip-hop','Rihanna'),('hip-hop','ZZ Ward'),('History','Braveheart'),('History','Gandhi'),('History','Hotel Rwanda'),('History','Ip Man'),('History','Schindler\'s List'),('History','The King\'s Speech'),('History','The Pianist'),('History','The Untouchables'),('Horror','Alien'),('Horror','Jaws'),('Horror','Psycho'),('Horror','The Exorcist'),('Horror','The Shining'),('horror punk','Misfits'),('house','Alesso'),('house','Avicii'),('house','Axwell'),('house','Daft Punk'),('house','David Guetta'),('house','deadmau5'),('house','Felix Da Housecat'),('house','Hardwell'),('house','NERVO'),('house','Nicky Romero'),('house','Sebastian Ingrosso'),('house','Swedish House Mafia'),('house','Zedd'),('humour','Jon Lajoie'),('humour','Mamonas Assassinas'),('i want him to have my babies','Tim Minchin'),('incubus','Incubus'),('indie','30 Seconds to Mars'),('indie','Adele'),('indie','Alt-J'),('indie','Arcade Fire'),('indie','Arctic Monkeys'),('indie','Base Ball Bear'),('indie','Blur'),('indie','Cage the Elephant'),('indie','Colbie Caillat'),('indie','Coldplay'),('indie','Damien Rice'),('indie','Dinosaur Jr.'),('indie','Fugazi'),('indie','Garbage'),('indie','Gorillaz'),('indie','Gym Class Heroes'),('indie','Incubus'),('indie','Interpol'),('indie','Jack'),('indie','Katy Perry'),('indie','Los Hermanos'),('indie','Morphine'),('indie','Mumford & Sons'),('indie','Muse'),('indie','My Bloody Valentine'),('indie','Oasis'),('indie','Panic! At the Disco'),('indie','Phoenix'),('indie','Radiohead'),('indie','Sonic Youth'),('indie','The Black Keys'),('indie','The John Butler Trio'),('indie','The Killers'),('indie','The Kooks'),('indie','The Smiths'),('indie','The Strokes'),('indie','The White Stripes'),('indie','The xx'),('indie','Train'),('indie','Two Door Cinema Club'),('indie','Weezer'),('indie folk','Lissie'),('indie pop','Alt-J'),('indie pop','Phoenix'),('indie rock','Arcade Fire'),('indie rock','Arctic Monkeys'),('indie rock','Cage the Elephant'),('indie rock','Dinosaur Jr.'),('indie rock','Fugazi'),('indie rock','Interpol'),('indie rock','My Bloody Valentine'),('indie rock','Tame Impala'),('indie rock','The Black Keys'),('indie rock','The Killers'),('indie rock','The Kooks'),('indie rock','The Strokes'),('indie rock','The White Stripes'),('indie rock','Weezer'),('industrial','Marilyn Manson'),('industrial','Rammstein'),('industrial metal','Marilyn Manson'),('industrial metal','Rammstein'),('instrumental','Antonio Vivaldi'),('instrumental','Apocalyptica'),('instrumental','David Garrett'),('instrumental','Ennio Morricone'),('instrumental','Frédéric Chopin'),('instrumental','Hans Zimmer'),('instrumental','Howard Shore'),('instrumental','Johann Sebastian Bach'),('instrumental','Lindsey Stirling'),('instrumental','Ludwig van Beethoven'),('instrumental','Michael Giacchino'),('instrumental','Miles Davis Quintet'),('instrumental','Pyotr Ilyich Tchaikovsky'),('instrumental','Raphael Rabello'),('instrumental','Wolfgang Amadeus Mozart'),('instrumental','Yann Tiersen'),('irish','Celtic Woman'),('irish','Damien Rice'),('irish','Dropkick Murphys'),('irish','Enya'),('irish','Flogging Molly'),('irish','The Cranberries'),('irish','U2'),('irish punk','Dropkick Murphys'),('it is so fucking best it makes me wanna put cooked','Jon Lajoie'),('italian','Ennio Morricone'),('j-metal','Maximum the Hormone'),('j-pop','Angela'),('j-pop','Aqua Timez'),('j-pop','Ayumi Miyazaki'),('j-pop','Do As Infinity'),('j-pop','May\'n'),('j-pop','YUI'),('j-rock','Aqua Timez'),('j-rock','Base Ball Bear'),('j-rock','BEAT CRUSADERS'),('j-rock','Do As Infinity'),('j-rock','DOES'),('j-rock','jealkb'),('j-rock','Maximum the Hormone'),('j-rock','YUI'),('j-rock','遠藤正明'),('jam','Dave Matthews Band'),('japanese','Angela'),('japanese','Aqua Timez'),('japanese','Ayumi Miyazaki'),('japanese','Base Ball Bear'),('japanese','BEAT CRUSADERS'),('japanese','Do As Infinity'),('japanese','DOES'),('japanese','jealkb'),('japanese','Maximum the Hormone'),('japanese','May\'n'),('japanese','Twill'),('japanese','YUI'),('japanese','遠藤正明'),('japones','Ayumi Miyazaki'),('jazz','Antônio Carlos Jobim'),('jazz','B.B. King'),('jazz','Ella Fitzgerald'),('jazz','Marcus Miller'),('jazz','Miles Davis Quintet'),('jazz','Morphine'),('jazz','Paco de Lucía'),('jazz','Ray Charles'),('jazz','Zaz'),('jazz fusion','Marcus Miller'),('jazz vocal','Ella Fitzgerald'),('jovem guarda','Roberto Carlos'),('jpop','Angela'),('jpop','Do As Infinity'),('jpop','May\'n'),('jpop','Twill'),('jpop','YUI'),('jrock','Aqua Timez'),('jrock','BEAT CRUSADERS'),('justin bieber','Justin Bieber'),('kelly clarkson','Kelly Clarkson'),('latin','Antônio Carlos Jobim'),('latin','Jennifer Lopez'),('latin','Manu Chao'),('latin','Shakira'),('legend','Britney Spears'),('lord of the rings','Howard Shore'),('lost','Michael Giacchino'),('love metal','HIM'),('melodic black metal','Dimmu Borgir'),('melodic death metal','Eluveitie'),('melodic death metal','In Flames'),('melodic death metal','Opeth'),('melodic hardcore','CPM 22'),('melodic hardcore','Rise Against'),('melodic metal','Angra'),('melodic metal','Avantasia'),('melodic metal','Cain\'s Offering'),('melodic metal','Demons & Wizards'),('melodic metal','Edguy'),('melodic metal','Kamelot'),('melodic metal','Sonata Arctica'),('melodic trance','Alex M.O.R.P.H.'),('melodic trance','Gareth Emery'),('melodic trance','Orjan Nilsen'),('metaaaaaaaaaaaaaaaaaaaaaaaaaaaaal','Massacration'),('metal','AC/DC'),('metal','Angra'),('metal','Anthrax'),('metal','Apocalyptica'),('metal','Avantasia'),('metal','Avenged Sevenfold'),('metal','Ayreon'),('metal','Black Label Society'),('metal','Black Sabbath'),('metal','Blind Guardian'),('metal','Bruce Dickinson'),('metal','Cain\'s Offering'),('metal','Demons & Wizards'),('metal','Dimebag Darrell'),('metal','Dimmu Borgir'),('metal','Dio'),('metal','Dream Theater'),('metal','Edguy'),('metal','Guns N\' Roses'),('metal','Helloween'),('metal','Hellyeah'),('metal','HIM'),('metal','Iced Earth'),('metal','In Flames'),('metal','Iron Maiden'),('metal','Judas Priest'),('metal','Kamelot'),('metal','Korpiklaani'),('metal','Linkin Park'),('metal','Lordi'),('metal','Manowar'),('metal','Marilyn Manson'),('metal','Massacration'),('metal','Megadeth'),('metal','Metallica'),('metal','Motörhead'),('metal','Nightwish'),('metal','Northern Kings'),('metal','Opeth'),('metal','Ozzy Osbourne'),('metal','Pantera'),('metal','Queensrÿche'),('metal','Rage Against the Machine'),('metal','Rainbow'),('metal','Rammstein'),('metal','Rhapsody of Fire'),('metal','Sepultura'),('metal','Shaman'),('metal','Slayer'),('metal','Slipknot'),('metal','Sonata Arctica'),('metal','Stone Sour'),('metal','Symphony X'),('metal','System of a Down'),('metal','Tarot'),('metal','Testament'),('metal','Tool'),('metal','Tristania'),('metal','Turisas'),('metal','Volbeat'),('metal opera','Avantasia'),('metalcore','Avenged Sevenfold'),('minimal','deadmau5'),('minimal','Nicky Romero'),('minimal','Solomun'),('minimal techno','Nicky Romero'),('moda de viola','Tião Carreiro & Pardinho'),('mpb','Adoniran Barbosa'),('mpb','Ana Carolina'),('mpb','Antônio Carlos Jobim'),('mpb','Banda Eva'),('mpb','Cazuza'),('mpb','Chico Buarque'),('mpb','Clara Nunes'),('mpb','Elis Regina'),('mpb','Ivete Sangalo'),('mpb','Los Hermanos'),('mpb','Ney Matogrosso'),('mpb','Os Paralamas Do Sucesso'),('mpb','Raphael Rabello'),('mpb','Raul Seixas'),('mpb','Rita Lee'),('mpb','Roberto Carlos'),('mpb','Roupa Nova'),('mpb','Vinicius de Moraes'),('mpb','Zé Ramalho'),('Musical','The Lion King'),('Musical','The Wizard of Oz'),('Mystery','2001: A Space Odyssey'),('Mystery','Black Swan'),('Mystery','Citizen Kane'),('Mystery','Donnie Darko'),('Mystery','Harry Potter and the Deathly Hallows: Part 2'),('Mystery','Inception'),('Mystery','Infernal Affairs'),('Mystery','L.A. Confidential'),('Mystery','Memento'),('Mystery','Mystic River'),('Mystery','Psycho'),('Mystery','Se7en'),('Mystery','Shutter Island'),('Mystery','The Green Mile'),('Mystery','The Prestige'),('Mystery','The Shining'),('Mystery','The Sixth Sense'),('Mystery','To Kill a Mockingbird'),('Mystery','Twelve Monkeys'),('Mystery','Vertigo'),('new age','Celtic Woman'),('new age','Enya'),('new age','Era'),('new wave','a-ha'),('new wave','Talking Heads'),('new wave','The Cure'),('new wave','The Police'),('new wave','The Smiths'),('norwegian','a-ha'),('norwegian','Dimmu Borgir'),('nu metal','Linkin Park'),('nu metal','Slipknot'),('nu metal','Stone Sour'),('nu metal','System of a Down'),('nu-metal','Slipknot'),('nwobhm','Iron Maiden'),('nwobhm','Judas Priest'),('nyhc','Cro-mags'),('old school','Public Enemy'),('oldies','Bee Gees'),('ozzy osbourne','OzzY'),('pagan metal','Eluveitie'),('pagode','Molejo'),('piano','Frédéric Chopin'),('piano','Ray Charles'),('piano','Tim Minchin'),('piano','Wolfgang Amadeus Mozart'),('piano','Yann Tiersen'),('piano comedy','Tim Minchin'),('polish','Frédéric Chopin'),('polish','OzzY'),('political','Anti-Flag'),('political','Bad Religion'),('political','Public Enemy'),('political','Rage Against the Machine'),('political punk','Anti-Flag'),('pop','a-ha'),('pop','Avril Lavigne'),('pop','Bee Gees'),('pop','Beyoncé'),('pop','Black Eyed Peas'),('pop','Britney Spears'),('pop','Charlie Brown JR.'),('pop','Clara Sofie'),('pop','Colbie Caillat'),('pop','Demi Lovato'),('pop','Destiny\'s Child'),('pop','Eminem'),('pop','Goo Goo Dolls'),('pop','Jason Mraz'),('pop','Jenni Vartiainen'),('pop','Jennifer Lopez'),('pop','John Mayer'),('pop','Jota Quest'),('pop','Justin Bieber'),('pop','Katy Perry'),('pop','Kelly Clarkson'),('pop','Lady Gaga'),('pop','Lily Allen'),('pop','Madonna'),('pop','Maroon 5'),('pop','Matchbox Twenty'),('pop','Michael Jackson'),('pop','Paul McCartney'),('pop','Phil Collins'),('pop','Pink'),('pop','Rihanna'),('pop','Selena Gomez'),('pop','Shakira'),('pop','Silbermond'),('pop','Skank'),('pop','Smash Mouth'),('pop','Supertramp'),('pop','Taylor Swift'),('pop','The Beatles'),('pop','The Police'),('pop','Third Eye Blind'),('pop','Train'),('pop','Twill'),('pop','U2'),('pop','蔡依林'),('pop punk','blink-182'),('pop punk','Fall Out Boy'),('pop punk','Green Day'),('pop punk','Panic! At the Disco'),('pop punk','Paramore'),('pop punk','Sum 41'),('pop rock','Avril Lavigne'),('pop rock','Capital Inicial'),('pop rock','Charlie Brown JR.'),('pop rock','Demi Lovato'),('pop rock','Jota Quest'),('pop rock','Katy Perry'),('pop rock','Kelly Clarkson'),('pop rock','Maroon 5'),('pop rock','Pink'),('pop rock','Selena Gomez'),('pop rock','Skank'),('post-hardcore','Fugazi'),('post-hardcore','Hot Water Music'),('post-hardcore','Rites of Spring'),('post-punk','Hüsker Dü'),('post-punk','Interpol'),('post-punk','Minutemen'),('post-punk','Sonic Youth'),('post-punk','Talking Heads'),('post-punk','The Cure'),('post-punk','The Smiths'),('post-punk','The xx'),('power metal','Angra'),('power metal','Avantasia'),('power metal','Blind Guardian'),('power metal','Cain\'s Offering'),('power metal','Demons & Wizards'),('power metal','Edguy'),('power metal','Helloween'),('power metal','Iced Earth'),('power metal','Kamelot'),('power metal','Manowar'),('power metal','Nightwish'),('power metal','Northern Kings'),('power metal','Pantera'),('power metal','Rhapsody of Fire'),('power metal','Shaman'),('power metal','Sonata Arctica'),('power metal','Symphony X'),('power metal','Tarot'),('progressive','Ayreon'),('progressive','Dream Theater'),('progressive','King Crimson'),('progressive','Rush'),('progressive','Symphony X'),('progressive','The Mars Volta'),('progressive death metal','Opeth'),('progressive house','Alesso'),('progressive house','Avicii'),('progressive house','deadmau5'),('progressive house','Gareth Emery'),('progressive house','Hardwell'),('progressive house','NERVO'),('progressive house','Sebastian Ingrosso'),('progressive house','Solomun'),('progressive metal','Angra'),('progressive metal','Ayreon'),('progressive metal','Dream Theater'),('progressive metal','Iced Earth'),('progressive metal','Kamelot'),('progressive metal','Opeth'),('progressive metal','Queensrÿche'),('progressive metal','Symphony X'),('progressive metal','Tool'),('progressive rock','Ayreon'),('progressive rock','Deep Purple'),('progressive rock','Dream Theater'),('progressive rock','King Crimson'),('progressive rock','Led Zeppelin'),('progressive rock','Muse'),('progressive rock','Pink Floyd'),('progressive rock','Queensrÿche'),('progressive rock','Rush'),('progressive rock','Supertramp'),('progressive rock','The Mars Volta'),('progressive rock','Tool'),('progressive trance','Above & Beyond'),('progressive trance','Alex M.O.R.P.H.'),('progressive trance','Armin van Buuren'),('progressive trance','Gareth Emery'),('progressive trance','Markus Schulz'),('progressive trance','OceanLab'),('progressive trance','Orjan Nilsen'),('progressive trance','Paul van Dyk'),('progressive trance','Sander van Doorn'),('progressive trance','W&W'),('psych-hard rock','Plus'),('psych-prog rock','Plus'),('psychedelic','GMS'),('psychedelic','Infected Mushroom'),('psychedelic','Jimi Hendrix'),('psychedelic','Os Mutantes'),('psychedelic','Pink Floyd'),('psychedelic','Steve Miller Band'),('psychedelic','Tame Impala'),('psychedelic','The Doors'),('psychedelic','The Jimi Hendrix Experience'),('psychedelic rock','Pink Floyd'),('psychedelic rock','Tame Impala'),('psychedelic rock','The Doors'),('psychedelic rock','The Jimi Hendrix Experience'),('psychedelic trance','GMS'),('psycho rap','OzzY'),('psytrance','GMS'),('psytrance','Infected Mushroom'),('punk','Anti-Flag'),('punk','Bad Brains'),('punk','Bad Religion'),('punk','Black Flag'),('punk','blink-182'),('punk','Cro-mags'),('punk','Dropkick Murphys'),('punk','Fall Out Boy'),('punk','Flogging Molly'),('punk','Fugazi'),('punk','Gogol Bordello'),('punk','Green Day'),('punk','Hot Water Music'),('punk','Hüsker Dü'),('punk','Jack'),('punk','Joan Jett'),('punk','Maximum the Hormone'),('punk','Minor Threat'),('punk','Minutemen'),('punk','Misfits'),('punk','My Chemical Romance'),('punk','Operation Ivy'),('punk','Pink'),('punk','Ramones'),('punk','Rancid'),('punk','Reel Big Fish'),('punk','Rise Against'),('punk','Rites of Spring'),('punk','Sex Pistols'),('punk','Streetlight Manifesto'),('punk','Sublime'),('punk','Sum 41'),('punk','The Clash'),('punk','The Mighty Mighty Bosstones'),('punk','The Offspring'),('punk','The Runaways'),('punk','The Specials'),('punk rock','Anti-Flag'),('punk rock','Bad Brains'),('punk rock','Bad Religion'),('punk rock','Black Flag'),('punk rock','blink-182'),('punk rock','Cage the Elephant'),('punk rock','Dropkick Murphys'),('punk rock','Flogging Molly'),('punk rock','Gogol Bordello'),('punk rock','Green Day'),('punk rock','Hot Water Music'),('punk rock','Minor Threat'),('punk rock','Minutemen'),('punk rock','Misfits'),('punk rock','My Chemical Romance'),('punk rock','Operation Ivy'),('punk rock','Raimundos'),('punk rock','Ramones'),('punk rock','Rancid'),('punk rock','Rise Against'),('punk rock','Sex Pistols'),('punk rock','Sum 41'),('punk rock','The Clash'),('punk rock','The Offspring'),('pure bowel-loosening goregrind','Molejo'),('rap','3OH!3'),('rap','Beastie Boys'),('rap','Black Eyed Peas'),('rap','Eminem'),('rap','Gym Class Heroes'),('rap','Manau'),('rap','OzzY'),('rap','Planet Hemp'),('rap','Public Enemy'),('reggae','Bad Brains'),('reggae','Bob Marley'),('reggae','Bob Marley & The Wailers'),('reggae','Manu Chao'),('reggae','Sublime'),('reggae','The Aggrolites'),('reggae','The Slackers'),('reggae','The Specials'),('rhythm and blues','Howlin\' Wolf'),('rhythm and blues','Ray Charles'),('rio de janeiro','Monobloco'),('rnb','Beyoncé'),('rnb','Black Eyed Peas'),('rnb','Destiny\'s Child'),('rnb','Jennifer Lopez'),('rnb','Justin Bieber'),('rnb','Rihanna'),('rock','30 Seconds to Mars'),('rock','4 Non Blondes'),('rock','AC/DC'),('rock','Aerosmith'),('rock','Alice in Chains'),('rock','Anti-Flag'),('rock','Arcade Fire'),('rock','Arctic Monkeys'),('rock','Audioslave'),('rock','Avenged Sevenfold'),('rock','Avril Lavigne'),('rock','Bad Religion'),('rock','Barão Vermelho'),('rock','Base Ball Bear'),('rock','Beastie Boys'),('rock','BEAT CRUSADERS'),('rock','Black Flag'),('rock','Black Label Society'),('rock','Black Sabbath'),('rock','blink-182'),('rock','Blur'),('rock','Bob Dylan'),('rock','Bob Marley'),('rock','Bon Jovi'),('rock','Bruce Dickinson'),('rock','Buddy Guy'),('rock','Cage the Elephant'),('rock','Capital Inicial'),('rock','Cazuza'),('rock','Charlie Brown JR.'),('rock','Chuck Berry'),('rock','Coldplay'),('rock','CPM 22'),('rock','Creed'),('rock','Creedence Clearwater Revival'),('rock','Damn Yankees'),('rock','Dave Matthews Band'),('rock','David Bowie'),('rock','Deep Purple'),('rock','Dimebag Darrell'),('rock','Dinosaur Jr.'),('rock','Dio'),('rock','Dire Straits'),('rock','DOES'),('rock','Dream Theater'),('rock','Eagles'),('rock','Eric Clapton'),('rock','Evanescence'),('rock','Fall Out Boy'),('rock','Flogging Molly'),('rock','Foo Fighters'),('rock','Garbage'),('rock','Goo Goo Dolls'),('rock','Gorillaz'),('rock','Green Day'),('rock','Guns N\' Roses'),('rock','HIM'),('rock','Hot Water Music'),('rock','Incubus'),('rock','Interpol'),('rock','Iron Maiden'),('rock','Jack Johnson'),('rock','Janis Joplin'),('rock','Jason Mraz'),('rock','jealkb'),('rock','Jimi Hendrix'),('rock','Joan Jett'),('rock','Joe Bonamassa'),('rock','John Mayer'),('rock','Jota Quest'),('rock','Katy Perry'),('rock','Kelly Clarkson'),('rock','King Crimson'),('rock','Kiss'),('rock','Led Zeppelin'),('rock','Legião Urbana'),('rock','Linkin Park'),('rock','Lordi'),('rock','Los Hermanos'),('rock','Lynyrd Skynyrd'),('rock','Mamonas Assassinas'),('rock','Marilyn Manson'),('rock','Maroon 5'),('rock','Matanza'),('rock','Matchbox Twenty'),('rock','Metallica'),('rock','Morphine'),('rock','Motörhead'),('rock','Móveis Coloniais de Acaju'),('rock','Mr. Big'),('rock','Muse'),('rock','My Chemical Romance'),('rock','Nazareth'),('rock','Nickelback'),('rock','Nirvana'),('rock','Oasis'),('rock','Os Mutantes'),('rock','Os Paralamas Do Sucesso'),('rock','Ozzy Osbourne'),('rock','Panic! At the Disco'),('rock','Paramore'),('rock','Paul McCartney'),('rock','Pearl Jam'),('rock','Phil Collins'),('rock','Phoenix'),('rock','Pink'),('rock','Pink Floyd'),('rock','Pitty'),('rock','Planet Hemp'),('rock','Queen'),('rock','Queens of the Stone Age'),('rock','Radiohead'),('rock','Rage Against the Machine'),('rock','Raimundos'),('rock','Rainbow'),('rock','Rammstein'),('rock','Ramones'),('rock','Rancid'),('rock','Raul Seixas'),('rock','Red Hot Chili Peppers'),('rock','Reel Big Fish'),('rock','Rise Against'),('rock','Rita Lee'),('rock','Roupa Nova'),('rock','Rush'),('rock','Scorpions'),('rock','Seether'),('rock','Sex Pistols'),('rock','Shakira'),('rock','Silbermond'),('rock','Skank'),('rock','Skid Row'),('rock','Slash'),('rock','Slipknot'),('rock','Smash Mouth'),('rock','Sonic Youth'),('rock','Steve Miller Band'),('rock','Stevie Ray Vaughan'),('rock','Stone Sour'),('rock','Stone Temple Pilots'),('rock','Sublime'),('rock','Sum 41'),('rock','Supertramp'),('rock','System of a Down'),('rock','Talking Heads'),('rock','Tame Impala'),('rock','Tenacious D'),('rock','The Allman Brothers Band'),('rock','The Beatles'),('rock','The Black Keys'),('rock','The Clash'),('rock','The Cranberries'),('rock','The Cure'),('rock','The Doors'),('rock','The Jimi Hendrix Experience'),('rock','The John Butler Trio'),('rock','The Killers'),('rock','The Mars Volta'),('rock','The Mighty Mighty Bosstones'),('rock','The Offspring'),('rock','The Police'),('rock','The Rolling Stones'),('rock','The Runaways'),('rock','The Strokes'),('rock','The White Stripes'),('rock','The Who'),('rock','Third Eye Blind'),('rock','Titãs'),('rock','Tool'),('rock','Train'),('rock','U2'),('rock','Van Halen'),('rock','Weezer'),('rock','Zé Ramalho'),('rock','遠藤正明'),('rock and roll','Chuck Berry'),('rock brasileiro','Barão Vermelho'),('rock brasileiro','Titãs'),('rock n roll','Chuck Berry'),('rockabilly','Volbeat'),('rocksteady','The Aggrolites'),('rocksteady','The Slackers'),('Romance','Amélie'),('Romance','City Lights'),('Romance','Eternal Sunshine of the Spotless Mind'),('Romance','Forrest Gump'),('Romance','Slumdog Millionaire'),('Romance','The Perks of Being a Wallflower'),('Romance','Vertigo'),('Romance','WALL·E'),('romantic','Frédéric Chopin'),('romantic','Ludwig van Beethoven'),('romantic','Pyotr Ilyich Tchaikovsky'),('roots','Bob Marley & The Wailers'),('roots reggae','Bob Marley'),('roots reggae','Bob Marley & The Wailers'),('russian','Pyotr Ilyich Tchaikovsky'),('samba','Adoniran Barbosa'),('samba','Chico Buarque'),('samba','Clara Nunes'),('samba','Monobloco'),('samba','Ney Matogrosso'),('samba','Vinicius de Moraes'),('scandinavian','Clara Sofie'),('Sci-Fi','2001: A Space Odyssey'),('Sci-Fi','A Clockwork Orange'),('Sci-Fi','Alien'),('Sci-Fi','Aliens'),('Sci-Fi','Back to the Future'),('Sci-Fi','Blade Runner'),('Sci-Fi','District 9'),('Sci-Fi','Donnie Darko'),('Sci-Fi','Eternal Sunshine of the Spotless Mind'),('Sci-Fi','Inception'),('Sci-Fi','Jurassic Park'),('Sci-Fi','Metropolis'),('Sci-Fi','Star Trek'),('Sci-Fi','Star Wars'),('Sci-Fi','Star Wars: Episode V - The Empire Strikes Back'),('Sci-Fi','Star Wars: Episode VI - Return of the Jedi'),('Sci-Fi','Terminator 2: Judgment Day'),('Sci-Fi','The Matrix'),('Sci-Fi','The Terminator'),('Sci-Fi','The Truman Show'),('Sci-Fi','Twelve Monkeys'),('Sci-Fi','WALL·E'),('score','Michael Giacchino'),('selena gomez','Selena Gomez'),('sertanejo','Tião Carreiro & Pardinho'),('shoegaze','My Bloody Valentine'),('singer-songwriter','Adele'),('singer-songwriter','Bob Dylan'),('singer-songwriter','Colbie Caillat'),('singer-songwriter','Damien Rice'),('singer-songwriter','Jack Johnson'),('singer-songwriter','Jason Mraz'),('singer-songwriter','John Mayer'),('singer-songwriter','Lily Allen'),('singer-songwriter','Lissie'),('singer-songwriter','Paul McCartney'),('singer-songwriter','Taylor Swift'),('ska','Bob Marley'),('ska','Bob Marley & The Wailers'),('ska','Manu Chao'),('ska','Móveis Coloniais de Acaju'),('ska','Operation Ivy'),('ska','Rancid'),('ska','Reel Big Fish'),('ska','Smash Mouth'),('ska','Streetlight Manifesto'),('ska','Sublime'),('ska','The Aggrolites'),('ska','The Mighty Mighty Bosstones'),('ska','The Slackers'),('ska','The Specials'),('ska punk','Operation Ivy'),('ska punk','Rancid'),('ska punk','Reel Big Fish'),('ska punk','Streetlight Manifesto'),('ska punk','The Mighty Mighty Bosstones'),('ska-punk','Operation Ivy'),('ska-punk','Streetlight Manifesto'),('skacore','Streetlight Manifesto'),('skacore','The Mighty Mighty Bosstones'),('skinhead reggae','The Aggrolites'),('soft rock','Eagles'),('soft rock','Phil Collins'),('soul','Adele'),('soul','Beyoncé'),('soul','Destiny\'s Child'),('soul','Gary Clark Jr.'),('soul','Michael Jackson'),('soul','Ray Charles'),('soul','ZZ Ward'),('soundtrack','Ennio Morricone'),('soundtrack','Hans Zimmer'),('soundtrack','Howard Shore'),('soundtrack','Michael Giacchino'),('soundtrack','Yann Tiersen'),('soundtracks','Hans Zimmer'),('southern metal','Black Label Society'),('southern metal','Hellyeah'),('southern rock','Creedence Clearwater Revival'),('southern rock','Lynyrd Skynyrd'),('southern rock','The Allman Brothers Band'),('spanish','Paco de Lucía'),('spanish','Shakira'),('speed metal','Anthrax'),('speed metal','Blind Guardian'),('speed metal','Helloween'),('speed metal','Megadeth'),('speed metal','Motörhead'),('speed metal','Slayer'),('Sport','Million Dollar Baby'),('Sport','Rocky'),('Sport','Warrior'),('steve aoki','Steve Aoki'),('stoner rock','Queens of the Stone Age'),('straight edge','Minor Threat'),('sweden','Twill'),('swedish','Alesso'),('swedish','Axwell'),('swedish','In Flames'),('swedish metal','In Flames'),('swing','Ella Fitzgerald'),('symphonic black metal','Dimmu Borgir'),('symphonic metal','Apocalyptica'),('symphonic metal','Avantasia'),('symphonic metal','Ayreon'),('symphonic metal','Blind Guardian'),('symphonic metal','Demons & Wizards'),('symphonic metal','Kamelot'),('symphonic metal','Lacrimosa'),('symphonic metal','Nightwish'),('symphonic metal','Northern Kings'),('symphonic metal','Rhapsody of Fire'),('symphonic metal','Sonata Arctica'),('symphonic metal','Symphony X'),('symphonic metal','Tarja'),('symphonic metal','Tristania'),('symphonic power metal','Rhapsody of Fire'),('synth indie rock','Two Door Cinema Club'),('synth pop','a-ha'),('taiwan','蔡依林'),('tech house','Solomun'),('tech house','Steve Aoki'),('tech trance','Orjan Nilsen'),('tech trance','W&W'),('tech-trance','Sander van Doorn'),('techno','Daft Punk'),('techno','David Guetta'),('techno','Paul van Dyk'),('techno','Sander van Doorn'),('techno','Tiësto'),('techno','Twill'),('thrash','Anthrax'),('thrash','Megadeth'),('thrash','Slayer'),('thrash','Testament'),('thrash metal','Anthrax'),('thrash metal','Iced Earth'),('thrash metal','Megadeth'),('thrash metal','Metallica'),('thrash metal','Pantera'),('thrash metal','Sepultura'),('thrash metal','Slayer'),('thrash metal','Testament'),('Thriller','Aliens'),('Thriller','Black Swan'),('Thriller','Blade Runner'),('Thriller','Die Hard'),('Thriller','District 9'),('Thriller','Goodfellas'),('Thriller','Inception'),('Thriller','Infernal Affairs'),('Thriller','Jaws'),('Thriller','Kill Bill: Vol. 1'),('Thriller','L.A. Confidential'),('Thriller','Léon: The Professional'),('Thriller','Memento'),('Thriller','Mystic River'),('Thriller','No Country for Old Men'),('Thriller','Psycho'),('Thriller','Pulp Fiction'),('Thriller','Reservoir Dogs'),('Thriller','Scarface'),('Thriller','Se7en'),('Thriller','Shutter Island'),('Thriller','Sin City'),('Thriller','Slumdog Millionaire'),('Thriller','Snatch'),('Thriller','Terminator 2: Judgment Day'),('Thriller','The Bourne Ultimatum'),('Thriller','The Dark Knight'),('Thriller','The Dark Knight Rises'),('Thriller','The Departed'),('Thriller','The Exorcist'),('Thriller','The Prestige'),('Thriller','The Silence of the Lambs'),('Thriller','The Sixth Sense'),('Thriller','The Untouchables'),('Thriller','Twelve Monkeys'),('Thriller','V for Vendetta'),('Thriller','Vertigo'),('tokusatsu','遠藤正明'),('trad ska','The Slackers'),('traditional ska','The Slackers'),('trance','Above & Beyond'),('trance','Alex M.O.R.P.H.'),('trance','Armin van Buuren'),('trance','Gareth Emery'),('trance','GMS'),('trance','Infected Mushroom'),('trance','Markus Schulz'),('trance','NERVO'),('trance','OceanLab'),('trance','Orjan Nilsen'),('trance','Paul van Dyk'),('trance','Sander van Doorn'),('trance','Tiësto'),('trance','W&W'),('tropicalia','Os Mutantes'),('true metal','Manowar'),('trumpet','Miles Davis Quintet'),('two-tone','The Specials'),('uplifting trance','Alex M.O.R.P.H.'),('uplifting trance','Orjan Nilsen'),('viking metal','Korpiklaani'),('viking metal','Turisas'),('violin','David Garrett'),('violin','Lindsey Stirling'),('visual kei','jealkb'),('vocal trance','Above & Beyond'),('vocal trance','Armin van Buuren'),('vocal trance','Gareth Emery'),('vocal trance','Markus Schulz'),('vocal trance','OceanLab'),('War','Apocalypse Now'),('War','Braveheart'),('War','Dr. Strangelove or: How I Learned to Stop Worrying'),('War','Full Metal Jacket'),('War','Grave of the Fireflies'),('War','Hotel Rwanda'),('War','Inglourious Basterds'),('War','Pan\'s Labyrinth'),('War','Platoon'),('War','Ran'),('War','Saving Private Ryan'),('War','Schindler\'s List'),('War','The Deer Hunter'),('War','The Great Dictator'),('War','The Pianist'),('Western','A Fistful of Dollars'),('Western','Butch Cassidy and the Sundance Kid'),('Western','Django Unchained'),('Western','For a Few Dollars More'),('Western','The Good, the Bad and the Ugly'),('Western','Unforgiven'),('world','Manu Chao');
/*!40000 ALTER TABLE `style` ENABLE KEYS */;
UNLOCK TABLES;

--
-- Final view structure for view `atosCurtidos`
--

/*!50001 DROP TABLE IF EXISTS `atosCurtidos`*/;
/*!50001 DROP VIEW IF EXISTS `atosCurtidos`*/;
/*!50001 SET @saved_cs_client          = @@character_set_client */;
/*!50001 SET @saved_cs_results         = @@character_set_results */;
/*!50001 SET @saved_col_connection     = @@collation_connection */;
/*!50001 SET character_set_client      = utf8 */;
/*!50001 SET character_set_results     = utf8 */;
/*!50001 SET collation_connection      = utf8_general_ci */;
/*!50001 CREATE ALGORITHM=UNDEFINED */
/*!50013 DEFINER=`root`@`localhost` SQL SECURITY DEFINER */
/*!50001 VIEW `atosCurtidos` AS (select distinct `like`.`culturalAct` AS `culturalAct` from `like` where `like`.`culturalAct` in (select `band`.`name` from `band`)) */;
/*!50001 SET character_set_client      = @saved_cs_client */;
/*!50001 SET character_set_results     = @saved_cs_results */;
/*!50001 SET collation_connection      = @saved_col_connection */;
/*!40103 SET TIME_ZONE=@OLD_TIME_ZONE */;

/*!40101 SET SQL_MODE=@OLD_SQL_MODE */;
/*!40014 SET FOREIGN_KEY_CHECKS=@OLD_FOREIGN_KEY_CHECKS */;
/*!40014 SET UNIQUE_CHECKS=@OLD_UNIQUE_CHECKS */;
/*!40101 SET CHARACTER_SET_CLIENT=@OLD_CHARACTER_SET_CLIENT */;
/*!40101 SET CHARACTER_SET_RESULTS=@OLD_CHARACTER_SET_RESULTS */;
/*!40101 SET COLLATION_CONNECTION=@OLD_COLLATION_CONNECTION */;
/*!40111 SET SQL_NOTES=@OLD_SQL_NOTES */;

-- Dump completed on 2013-05-10 22:03:33
